[2026-09-23T19:09:43.956+0000] {processor.py:161} INFO - Started process (PID=174) to work on /opt/airflow/dags/wifi_pipeline_dag.py
[2026-09-23T19:09:43.958+0000] {processor.py:830} INFO - Processing file /opt/airflow/dags/wifi_pipeline_dag.py for tasks to queue
[2026-09-23T19:09:43.958+0000] {logging_mixin.py:188} INFO - [2026-09-23T19:09:43.958+0000] {dagbag.py:538} INFO - Filling up the DagBag from /opt/airflow/dags/wifi_pipeline_dag.py
[2026-09-23T19:09:43.977+0000] {processor.py:840} INFO - DAG(s) 'wifi_livre_sp_pipeline' retrieved from /opt/airflow/dags/wifi_pipeline_dag.py
[2026-09-23T19:09:44.019+0000] {logging_mixin.py:188} INFO - [2026-09-23T19:09:44.018+0000] {dag.py:3036} INFO - Sync 1 DAGs
[2026-09-23T19:09:44.055+0000] {logging_mixin.py:188} INFO - [2026-09-23T19:09:44.055+0000] {dag.py:3823} INFO - Setting next_dagrun for wifi_livre_sp_pipeline to 2026-09-23 00:00:00+00:00, run_after=2026-09-24 00:00:00+00:00
[2026-09-23T19:09:44.074+0000] {processor.py:183} INFO - Processing /opt/airflow/dags/wifi_pipeline_dag.py took 0.121 seconds
[2026-09-23T19:10:14.116+0000] {processor.py:161} INFO - Started process (PID=506) to work on /opt/airflow/dags/wifi_pipeline_dag.py
[2026-09-23T19:10:14.118+0000] {processor.py:830} INFO - Processing file /opt/airflow/dags/wifi_pipeline_dag.py for tasks to queue
[2026-09-23T19:10:14.119+0000] {logging_mixin.py:188} INFO - [2026-09-23T19:10:14.118+0000] {dagbag.py:538} INFO - Filling up the DagBag from /opt/airflow/dags/wifi_pipeline_dag.py
[2026-09-23T19:10:14.133+0000] {processor.py:840} INFO - DAG(s) 'wifi_livre_sp_pipeline' retrieved from /opt/airflow/dags/wifi_pipeline_dag.py
[2026-09-23T19:10:14.281+0000] {logging_mixin.py:188} INFO - [2026-09-23T19:10:14.281+0000] {dag.py:3036} INFO - Sync 1 DAGs
[2026-09-23T19:10:14.299+0000] {logging_mixin.py:188} INFO - [2026-09-23T19:10:14.299+0000] {dag.py:3823} INFO - Setting next_dagrun for wifi_livre_sp_pipeline to 2026-09-23 00:00:00+00:00, run_after=2026-09-24 00:00:00+00:00
[2026-09-23T19:10:14.316+0000] {processor.py:183} INFO - Processing /opt/airflow/dags/wifi_pipeline_dag.py took 0.204 seconds
[2026-09-23T19:10:44.428+0000] {processor.py:161} INFO - Started process (PID=511) to work on /opt/airflow/dags/wifi_pipeline_dag.py
[2026-09-23T19:10:44.430+0000] {processor.py:830} INFO - Processing file /opt/airflow/dags/wifi_pipeline_dag.py for tasks to queue
[2026-09-23T19:10:44.430+0000] {logging_mixin.py:188} INFO - [2026-09-23T19:10:44.430+0000] {dagbag.py:538} INFO - Filling up the DagBag from /opt/airflow/dags/wifi_pipeline_dag.py
[2026-09-23T19:10:44.441+0000] {processor.py:840} INFO - DAG(s) 'wifi_livre_sp_pipeline' retrieved from /opt/airflow/dags/wifi_pipeline_dag.py
[2026-09-23T19:10:44.466+0000] {logging_mixin.py:188} INFO - [2026-09-23T19:10:44.466+0000] {dag.py:3036} INFO - Sync 1 DAGs
[2026-09-23T19:10:44.484+0000] {logging_mixin.py:188} INFO - [2026-09-23T19:10:44.484+0000] {dag.py:3823} INFO - Setting next_dagrun for wifi_livre_sp_pipeline to 2026-09-23 00:00:00+00:00, run_after=2026-09-24 00:00:00+00:00
[2026-09-23T19:10:44.500+0000] {processor.py:183} INFO - Processing /opt/airflow/dags/wifi_pipeline_dag.py took 0.075 seconds
[2026-09-23T19:11:36.562+0000] {processor.py:161} INFO - Started process (PID=174) to work on /opt/airflow/dags/wifi_pipeline_dag.py
[2026-09-23T19:11:36.563+0000] {processor.py:830} INFO - Processing file /opt/airflow/dags/wifi_pipeline_dag.py for tasks to queue
[2026-09-23T19:11:36.564+0000] {logging_mixin.py:188} INFO - [2026-09-23T19:11:36.564+0000] {dagbag.py:538} INFO - Filling up the DagBag from /opt/airflow/dags/wifi_pipeline_dag.py
[2026-09-23T19:11:36.592+0000] {processor.py:840} INFO - DAG(s) 'wifi_livre_sp_pipeline' retrieved from /opt/airflow/dags/wifi_pipeline_dag.py
[2026-09-23T19:11:36.624+0000] {logging_mixin.py:188} INFO - [2026-09-23T19:11:36.624+0000] {dag.py:3036} INFO - Sync 1 DAGs
[2026-09-23T19:11:36.650+0000] {logging_mixin.py:188} INFO - [2026-09-23T19:11:36.650+0000] {dag.py:3823} INFO - Setting next_dagrun for wifi_livre_sp_pipeline to 2026-09-23 00:00:00+00:00, run_after=2026-09-24 00:00:00+00:00
[2026-09-23T19:11:36.669+0000] {processor.py:183} INFO - Processing /opt/airflow/dags/wifi_pipeline_dag.py took 0.113 seconds
[2026-09-23T19:12:06.726+0000] {processor.py:161} INFO - Started process (PID=180) to work on /opt/airflow/dags/wifi_pipeline_dag.py
[2026-09-23T19:12:06.727+0000] {processor.py:830} INFO - Processing file /opt/airflow/dags/wifi_pipeline_dag.py for tasks to queue
[2026-09-23T19:12:06.728+0000] {logging_mixin.py:188} INFO - [2026-09-23T19:12:06.728+0000] {dagbag.py:538} INFO - Filling up the DagBag from /opt/airflow/dags/wifi_pipeline_dag.py
[2026-09-23T19:12:06.740+0000] {processor.py:840} INFO - DAG(s) 'wifi_livre_sp_pipeline' retrieved from /opt/airflow/dags/wifi_pipeline_dag.py
[2026-09-23T19:12:06.923+0000] {logging_mixin.py:188} INFO - [2026-09-23T19:12:06.923+0000] {dag.py:3036} INFO - Sync 1 DAGs
[2026-09-23T19:12:06.942+0000] {logging_mixin.py:188} INFO - [2026-09-23T19:12:06.942+0000] {dag.py:3823} INFO - Setting next_dagrun for wifi_livre_sp_pipeline to 2026-09-23 00:00:00+00:00, run_after=2026-09-24 00:00:00+00:00
[2026-09-23T19:12:06.959+0000] {processor.py:183} INFO - Processing /opt/airflow/dags/wifi_pipeline_dag.py took 0.236 seconds
[2026-09-23T19:12:37.070+0000] {processor.py:161} INFO - Started process (PID=185) to work on /opt/airflow/dags/wifi_pipeline_dag.py
[2026-09-23T19:12:37.072+0000] {processor.py:830} INFO - Processing file /opt/airflow/dags/wifi_pipeline_dag.py for tasks to queue
[2026-09-23T19:12:37.073+0000] {logging_mixin.py:188} INFO - [2026-09-23T19:12:37.072+0000] {dagbag.py:538} INFO - Filling up the DagBag from /opt/airflow/dags/wifi_pipeline_dag.py
[2026-09-23T19:12:37.087+0000] {processor.py:840} INFO - DAG(s) 'wifi_livre_sp_pipeline' retrieved from /opt/airflow/dags/wifi_pipeline_dag.py
[2026-09-23T19:12:37.116+0000] {logging_mixin.py:188} INFO - [2026-09-23T19:12:37.116+0000] {dag.py:3036} INFO - Sync 1 DAGs
[2026-09-23T19:12:37.137+0000] {logging_mixin.py:188} INFO - [2026-09-23T19:12:37.137+0000] {dag.py:3823} INFO - Setting next_dagrun for wifi_livre_sp_pipeline to 2026-09-23 00:00:00+00:00, run_after=2026-09-24 00:00:00+00:00
[2026-09-23T19:12:37.152+0000] {processor.py:183} INFO - Processing /opt/airflow/dags/wifi_pipeline_dag.py took 0.086 seconds
[2026-09-23T19:13:07.246+0000] {processor.py:161} INFO - Started process (PID=190) to work on /opt/airflow/dags/wifi_pipeline_dag.py
[2026-09-23T19:13:07.248+0000] {processor.py:830} INFO - Processing file /opt/airflow/dags/wifi_pipeline_dag.py for tasks to queue
[2026-09-23T19:13:07.249+0000] {logging_mixin.py:188} INFO - [2026-09-23T19:13:07.248+0000] {dagbag.py:538} INFO - Filling up the DagBag from /opt/airflow/dags/wifi_pipeline_dag.py
[2026-09-23T19:13:07.263+0000] {processor.py:840} INFO - DAG(s) 'wifi_livre_sp_pipeline' retrieved from /opt/airflow/dags/wifi_pipeline_dag.py
[2026-09-23T19:13:07.295+0000] {logging_mixin.py:188} INFO - [2026-09-23T19:13:07.295+0000] {dag.py:3036} INFO - Sync 1 DAGs
[2026-09-23T19:13:07.322+0000] {logging_mixin.py:188} INFO - [2026-09-23T19:13:07.322+0000] {dag.py:3823} INFO - Setting next_dagrun for wifi_livre_sp_pipeline to 2026-09-23 00:00:00+00:00, run_after=2026-09-24 00:00:00+00:00
[2026-09-23T19:13:07.345+0000] {processor.py:183} INFO - Processing /opt/airflow/dags/wifi_pipeline_dag.py took 0.102 seconds
[2026-09-23T19:13:37.465+0000] {processor.py:161} INFO - Started process (PID=195) to work on /opt/airflow/dags/wifi_pipeline_dag.py
[2026-09-23T19:13:37.467+0000] {processor.py:830} INFO - Processing file /opt/airflow/dags/wifi_pipeline_dag.py for tasks to queue
[2026-09-23T19:13:37.468+0000] {logging_mixin.py:188} INFO - [2026-09-23T19:13:37.468+0000] {dagbag.py:538} INFO - Filling up the DagBag from /opt/airflow/dags/wifi_pipeline_dag.py
[2026-09-23T19:13:37.481+0000] {processor.py:840} INFO - DAG(s) 'wifi_livre_sp_pipeline' retrieved from /opt/airflow/dags/wifi_pipeline_dag.py
[2026-09-23T19:13:37.512+0000] {logging_mixin.py:188} INFO - [2026-09-23T19:13:37.512+0000] {dag.py:3036} INFO - Sync 1 DAGs
[2026-09-23T19:13:37.537+0000] {logging_mixin.py:188} INFO - [2026-09-23T19:13:37.536+0000] {dag.py:3823} INFO - Setting next_dagrun for wifi_livre_sp_pipeline to 2026-09-23 00:00:00+00:00, run_after=2026-09-24 00:00:00+00:00
[2026-09-23T19:13:37.560+0000] {processor.py:183} INFO - Processing /opt/airflow/dags/wifi_pipeline_dag.py took 0.099 seconds
[2026-09-23T19:14:07.702+0000] {processor.py:161} INFO - Started process (PID=200) to work on /opt/airflow/dags/wifi_pipeline_dag.py
[2026-09-23T19:14:07.704+0000] {processor.py:830} INFO - Processing file /opt/airflow/dags/wifi_pipeline_dag.py for tasks to queue
[2026-09-23T19:14:07.706+0000] {logging_mixin.py:188} INFO - [2026-09-23T19:14:07.705+0000] {dagbag.py:538} INFO - Filling up the DagBag from /opt/airflow/dags/wifi_pipeline_dag.py
[2026-09-23T19:14:07.723+0000] {processor.py:840} INFO - DAG(s) 'wifi_livre_sp_pipeline' retrieved from /opt/airflow/dags/wifi_pipeline_dag.py
[2026-09-23T19:14:07.758+0000] {logging_mixin.py:188} INFO - [2026-09-23T19:14:07.758+0000] {dag.py:3036} INFO - Sync 1 DAGs
[2026-09-23T19:14:07.782+0000] {logging_mixin.py:188} INFO - [2026-09-23T19:14:07.782+0000] {dag.py:3823} INFO - Setting next_dagrun for wifi_livre_sp_pipeline to 2026-09-23 00:00:00+00:00, run_after=2026-09-24 00:00:00+00:00
[2026-09-23T19:14:07.800+0000] {processor.py:183} INFO - Processing /opt/airflow/dags/wifi_pipeline_dag.py took 0.103 seconds
[2026-09-23T19:14:37.839+0000] {processor.py:161} INFO - Started process (PID=205) to work on /opt/airflow/dags/wifi_pipeline_dag.py
[2026-09-23T19:14:37.840+0000] {processor.py:830} INFO - Processing file /opt/airflow/dags/wifi_pipeline_dag.py for tasks to queue
[2026-09-23T19:14:37.841+0000] {logging_mixin.py:188} INFO - [2026-09-23T19:14:37.841+0000] {dagbag.py:538} INFO - Filling up the DagBag from /opt/airflow/dags/wifi_pipeline_dag.py
[2026-09-23T19:14:37.853+0000] {processor.py:840} INFO - DAG(s) 'wifi_livre_sp_pipeline' retrieved from /opt/airflow/dags/wifi_pipeline_dag.py
[2026-09-23T19:14:37.884+0000] {logging_mixin.py:188} INFO - [2026-09-23T19:14:37.884+0000] {dag.py:3036} INFO - Sync 1 DAGs
[2026-09-23T19:14:37.905+0000] {logging_mixin.py:188} INFO - [2026-09-23T19:14:37.905+0000] {dag.py:3823} INFO - Setting next_dagrun for wifi_livre_sp_pipeline to 2026-09-23 00:00:00+00:00, run_after=2026-09-24 00:00:00+00:00
[2026-09-23T19:14:37.923+0000] {processor.py:183} INFO - Processing /opt/airflow/dags/wifi_pipeline_dag.py took 0.088 seconds
[2026-09-23T19:15:08.053+0000] {processor.py:161} INFO - Started process (PID=210) to work on /opt/airflow/dags/wifi_pipeline_dag.py
[2026-09-23T19:15:08.054+0000] {processor.py:830} INFO - Processing file /opt/airflow/dags/wifi_pipeline_dag.py for tasks to queue
[2026-09-23T19:15:08.055+0000] {logging_mixin.py:188} INFO - [2026-09-23T19:15:08.055+0000] {dagbag.py:538} INFO - Filling up the DagBag from /opt/airflow/dags/wifi_pipeline_dag.py
[2026-09-23T19:15:08.067+0000] {processor.py:840} INFO - DAG(s) 'wifi_livre_sp_pipeline' retrieved from /opt/airflow/dags/wifi_pipeline_dag.py
[2026-09-23T19:15:08.097+0000] {logging_mixin.py:188} INFO - [2026-09-23T19:15:08.097+0000] {dag.py:3036} INFO - Sync 1 DAGs
[2026-09-23T19:15:08.118+0000] {logging_mixin.py:188} INFO - [2026-09-23T19:15:08.118+0000] {dag.py:3823} INFO - Setting next_dagrun for wifi_livre_sp_pipeline to 2026-09-23 00:00:00+00:00, run_after=2026-09-24 00:00:00+00:00
[2026-09-23T19:15:08.134+0000] {processor.py:183} INFO - Processing /opt/airflow/dags/wifi_pipeline_dag.py took 0.084 seconds
[2026-09-23T19:15:38.163+0000] {processor.py:161} INFO - Started process (PID=215) to work on /opt/airflow/dags/wifi_pipeline_dag.py
[2026-09-23T19:15:38.165+0000] {processor.py:830} INFO - Processing file /opt/airflow/dags/wifi_pipeline_dag.py for tasks to queue
[2026-09-23T19:15:38.165+0000] {logging_mixin.py:188} INFO - [2026-09-23T19:15:38.165+0000] {dagbag.py:538} INFO - Filling up the DagBag from /opt/airflow/dags/wifi_pipeline_dag.py
[2026-09-23T19:15:38.179+0000] {processor.py:840} INFO - DAG(s) 'wifi_livre_sp_pipeline' retrieved from /opt/airflow/dags/wifi_pipeline_dag.py
[2026-09-23T19:15:38.207+0000] {logging_mixin.py:188} INFO - [2026-09-23T19:15:38.207+0000] {dag.py:3036} INFO - Sync 1 DAGs
[2026-09-23T19:15:38.228+0000] {logging_mixin.py:188} INFO - [2026-09-23T19:15:38.228+0000] {dag.py:3823} INFO - Setting next_dagrun for wifi_livre_sp_pipeline to 2026-09-23 00:00:00+00:00, run_after=2026-09-24 00:00:00+00:00
[2026-09-23T19:15:38.244+0000] {processor.py:183} INFO - Processing /opt/airflow/dags/wifi_pipeline_dag.py took 0.084 seconds
[2026-09-23T19:16:08.374+0000] {processor.py:161} INFO - Started process (PID=220) to work on /opt/airflow/dags/wifi_pipeline_dag.py
[2026-09-23T19:16:08.375+0000] {processor.py:830} INFO - Processing file /opt/airflow/dags/wifi_pipeline_dag.py for tasks to queue
[2026-09-23T19:16:08.376+0000] {logging_mixin.py:188} INFO - [2026-09-23T19:16:08.376+0000] {dagbag.py:538} INFO - Filling up the DagBag from /opt/airflow/dags/wifi_pipeline_dag.py
[2026-09-23T19:16:08.390+0000] {processor.py:840} INFO - DAG(s) 'wifi_livre_sp_pipeline' retrieved from /opt/airflow/dags/wifi_pipeline_dag.py
[2026-09-23T19:16:08.423+0000] {logging_mixin.py:188} INFO - [2026-09-23T19:16:08.423+0000] {dag.py:3036} INFO - Sync 1 DAGs
[2026-09-23T19:16:08.446+0000] {logging_mixin.py:188} INFO - [2026-09-23T19:16:08.446+0000] {dag.py:3823} INFO - Setting next_dagrun for wifi_livre_sp_pipeline to 2026-09-23 00:00:00+00:00, run_after=2026-09-24 00:00:00+00:00
[2026-09-23T19:16:08.463+0000] {processor.py:183} INFO - Processing /opt/airflow/dags/wifi_pipeline_dag.py took 0.093 seconds
[2026-09-23T19:16:38.500+0000] {processor.py:161} INFO - Started process (PID=225) to work on /opt/airflow/dags/wifi_pipeline_dag.py
[2026-09-23T19:16:38.501+0000] {processor.py:830} INFO - Processing file /opt/airflow/dags/wifi_pipeline_dag.py for tasks to queue
[2026-09-23T19:16:38.502+0000] {logging_mixin.py:188} INFO - [2026-09-23T19:16:38.501+0000] {dagbag.py:538} INFO - Filling up the DagBag from /opt/airflow/dags/wifi_pipeline_dag.py
[2026-09-23T19:16:38.516+0000] {processor.py:840} INFO - DAG(s) 'wifi_livre_sp_pipeline' retrieved from /opt/airflow/dags/wifi_pipeline_dag.py
[2026-09-23T19:16:38.547+0000] {logging_mixin.py:188} INFO - [2026-09-23T19:16:38.547+0000] {dag.py:3036} INFO - Sync 1 DAGs
[2026-09-23T19:16:38.574+0000] {logging_mixin.py:188} INFO - [2026-09-23T19:16:38.574+0000] {dag.py:3823} INFO - Setting next_dagrun for wifi_livre_sp_pipeline to 2026-09-23 00:00:00+00:00, run_after=2026-09-24 00:00:00+00:00
[2026-09-23T19:16:38.593+0000] {processor.py:183} INFO - Processing /opt/airflow/dags/wifi_pipeline_dag.py took 0.097 seconds
[2026-09-23T19:17:08.685+0000] {processor.py:161} INFO - Started process (PID=230) to work on /opt/airflow/dags/wifi_pipeline_dag.py
[2026-09-23T19:17:08.687+0000] {processor.py:830} INFO - Processing file /opt/airflow/dags/wifi_pipeline_dag.py for tasks to queue
[2026-09-23T19:17:08.689+0000] {logging_mixin.py:188} INFO - [2026-09-23T19:17:08.689+0000] {dagbag.py:538} INFO - Filling up the DagBag from /opt/airflow/dags/wifi_pipeline_dag.py
[2026-09-23T19:17:08.709+0000] {processor.py:840} INFO - DAG(s) 'wifi_livre_sp_pipeline' retrieved from /opt/airflow/dags/wifi_pipeline_dag.py
[2026-09-23T19:17:08.757+0000] {logging_mixin.py:188} INFO - [2026-09-23T19:17:08.756+0000] {dag.py:3036} INFO - Sync 1 DAGs
[2026-09-23T19:17:08.795+0000] {logging_mixin.py:188} INFO - [2026-09-23T19:17:08.795+0000] {dag.py:3823} INFO - Setting next_dagrun for wifi_livre_sp_pipeline to 2026-09-23 00:00:00+00:00, run_after=2026-09-24 00:00:00+00:00
[2026-09-23T19:17:08.824+0000] {processor.py:183} INFO - Processing /opt/airflow/dags/wifi_pipeline_dag.py took 0.144 seconds
[2026-09-23T19:17:38.969+0000] {processor.py:161} INFO - Started process (PID=235) to work on /opt/airflow/dags/wifi_pipeline_dag.py
[2026-09-23T19:17:38.971+0000] {processor.py:830} INFO - Processing file /opt/airflow/dags/wifi_pipeline_dag.py for tasks to queue
[2026-09-23T19:17:38.972+0000] {logging_mixin.py:188} INFO - [2026-09-23T19:17:38.972+0000] {dagbag.py:538} INFO - Filling up the DagBag from /opt/airflow/dags/wifi_pipeline_dag.py
[2026-09-23T19:17:38.986+0000] {processor.py:840} INFO - DAG(s) 'wifi_livre_sp_pipeline' retrieved from /opt/airflow/dags/wifi_pipeline_dag.py
[2026-09-23T19:17:39.017+0000] {logging_mixin.py:188} INFO - [2026-09-23T19:17:39.017+0000] {dag.py:3036} INFO - Sync 1 DAGs
[2026-09-23T19:17:39.045+0000] {logging_mixin.py:188} INFO - [2026-09-23T19:17:39.045+0000] {dag.py:3823} INFO - Setting next_dagrun for wifi_livre_sp_pipeline to 2026-09-23 00:00:00+00:00, run_after=2026-09-24 00:00:00+00:00
[2026-09-23T19:17:39.063+0000] {processor.py:183} INFO - Processing /opt/airflow/dags/wifi_pipeline_dag.py took 0.098 seconds
[2026-09-23T19:18:09.155+0000] {processor.py:161} INFO - Started process (PID=240) to work on /opt/airflow/dags/wifi_pipeline_dag.py
[2026-09-23T19:18:09.156+0000] {processor.py:830} INFO - Processing file /opt/airflow/dags/wifi_pipeline_dag.py for tasks to queue
[2026-09-23T19:18:09.157+0000] {logging_mixin.py:188} INFO - [2026-09-23T19:18:09.156+0000] {dagbag.py:538} INFO - Filling up the DagBag from /opt/airflow/dags/wifi_pipeline_dag.py
[2026-09-23T19:18:09.168+0000] {processor.py:840} INFO - DAG(s) 'wifi_livre_sp_pipeline' retrieved from /opt/airflow/dags/wifi_pipeline_dag.py
[2026-09-23T19:18:09.196+0000] {logging_mixin.py:188} INFO - [2026-09-23T19:18:09.195+0000] {dag.py:3036} INFO - Sync 1 DAGs
[2026-09-23T19:18:09.217+0000] {logging_mixin.py:188} INFO - [2026-09-23T19:18:09.216+0000] {dag.py:3823} INFO - Setting next_dagrun for wifi_livre_sp_pipeline to 2026-09-23 00:00:00+00:00, run_after=2026-09-24 00:00:00+00:00
[2026-09-23T19:18:09.231+0000] {processor.py:183} INFO - Processing /opt/airflow/dags/wifi_pipeline_dag.py took 0.080 seconds
[2026-09-23T19:18:39.325+0000] {processor.py:161} INFO - Started process (PID=245) to work on /opt/airflow/dags/wifi_pipeline_dag.py
[2026-09-23T19:18:39.327+0000] {processor.py:830} INFO - Processing file /opt/airflow/dags/wifi_pipeline_dag.py for tasks to queue
[2026-09-23T19:18:39.328+0000] {logging_mixin.py:188} INFO - [2026-09-23T19:18:39.327+0000] {dagbag.py:538} INFO - Filling up the DagBag from /opt/airflow/dags/wifi_pipeline_dag.py
[2026-09-23T19:18:39.340+0000] {processor.py:840} INFO - DAG(s) 'wifi_livre_sp_pipeline' retrieved from /opt/airflow/dags/wifi_pipeline_dag.py
[2026-09-23T19:18:39.367+0000] {logging_mixin.py:188} INFO - [2026-09-23T19:18:39.367+0000] {dag.py:3036} INFO - Sync 1 DAGs
[2026-09-23T19:18:39.390+0000] {logging_mixin.py:188} INFO - [2026-09-23T19:18:39.389+0000] {dag.py:3823} INFO - Setting next_dagrun for wifi_livre_sp_pipeline to 2026-09-23 00:00:00+00:00, run_after=2026-09-24 00:00:00+00:00
[2026-09-23T19:18:39.405+0000] {processor.py:183} INFO - Processing /opt/airflow/dags/wifi_pipeline_dag.py took 0.084 seconds
[2026-09-23T19:19:09.486+0000] {processor.py:161} INFO - Started process (PID=250) to work on /opt/airflow/dags/wifi_pipeline_dag.py
[2026-09-23T19:19:09.488+0000] {processor.py:830} INFO - Processing file /opt/airflow/dags/wifi_pipeline_dag.py for tasks to queue
[2026-09-23T19:19:09.489+0000] {logging_mixin.py:188} INFO - [2026-09-23T19:19:09.489+0000] {dagbag.py:538} INFO - Filling up the DagBag from /opt/airflow/dags/wifi_pipeline_dag.py
[2026-09-23T19:19:09.504+0000] {processor.py:840} INFO - DAG(s) 'wifi_livre_sp_pipeline' retrieved from /opt/airflow/dags/wifi_pipeline_dag.py
[2026-09-23T19:19:09.533+0000] {logging_mixin.py:188} INFO - [2026-09-23T19:19:09.533+0000] {dag.py:3036} INFO - Sync 1 DAGs
[2026-09-23T19:19:09.554+0000] {logging_mixin.py:188} INFO - [2026-09-23T19:19:09.553+0000] {dag.py:3823} INFO - Setting next_dagrun for wifi_livre_sp_pipeline to 2026-09-23 00:00:00+00:00, run_after=2026-09-24 00:00:00+00:00
[2026-09-23T19:19:09.568+0000] {processor.py:183} INFO - Processing /opt/airflow/dags/wifi_pipeline_dag.py took 0.086 seconds
[2026-09-23T19:19:39.599+0000] {processor.py:161} INFO - Started process (PID=255) to work on /opt/airflow/dags/wifi_pipeline_dag.py
[2026-09-23T19:19:39.600+0000] {processor.py:830} INFO - Processing file /opt/airflow/dags/wifi_pipeline_dag.py for tasks to queue
[2026-09-23T19:19:39.601+0000] {logging_mixin.py:188} INFO - [2026-09-23T19:19:39.601+0000] {dagbag.py:538} INFO - Filling up the DagBag from /opt/airflow/dags/wifi_pipeline_dag.py
[2026-09-23T19:19:39.614+0000] {processor.py:840} INFO - DAG(s) 'wifi_livre_sp_pipeline' retrieved from /opt/airflow/dags/wifi_pipeline_dag.py
[2026-09-23T19:19:39.643+0000] {logging_mixin.py:188} INFO - [2026-09-23T19:19:39.643+0000] {dag.py:3036} INFO - Sync 1 DAGs
[2026-09-23T19:19:39.664+0000] {logging_mixin.py:188} INFO - [2026-09-23T19:19:39.664+0000] {dag.py:3823} INFO - Setting next_dagrun for wifi_livre_sp_pipeline to 2026-09-23 00:00:00+00:00, run_after=2026-09-24 00:00:00+00:00
[2026-09-23T19:19:39.680+0000] {processor.py:183} INFO - Processing /opt/airflow/dags/wifi_pipeline_dag.py took 0.084 seconds
[2026-09-23T19:20:09.738+0000] {processor.py:161} INFO - Started process (PID=260) to work on /opt/airflow/dags/wifi_pipeline_dag.py
[2026-09-23T19:20:09.739+0000] {processor.py:830} INFO - Processing file /opt/airflow/dags/wifi_pipeline_dag.py for tasks to queue
[2026-09-23T19:20:09.740+0000] {logging_mixin.py:188} INFO - [2026-09-23T19:20:09.740+0000] {dagbag.py:538} INFO - Filling up the DagBag from /opt/airflow/dags/wifi_pipeline_dag.py
[2026-09-23T19:20:09.755+0000] {processor.py:840} INFO - DAG(s) 'wifi_livre_sp_pipeline' retrieved from /opt/airflow/dags/wifi_pipeline_dag.py
[2026-09-23T19:20:09.789+0000] {logging_mixin.py:188} INFO - [2026-09-23T19:20:09.788+0000] {dag.py:3036} INFO - Sync 1 DAGs
[2026-09-23T19:20:09.811+0000] {logging_mixin.py:188} INFO - [2026-09-23T19:20:09.811+0000] {dag.py:3823} INFO - Setting next_dagrun for wifi_livre_sp_pipeline to 2026-09-23 00:00:00+00:00, run_after=2026-09-24 00:00:00+00:00
[2026-09-23T19:20:09.828+0000] {processor.py:183} INFO - Processing /opt/airflow/dags/wifi_pipeline_dag.py took 0.093 seconds
[2026-09-23T19:20:39.902+0000] {processor.py:161} INFO - Started process (PID=265) to work on /opt/airflow/dags/wifi_pipeline_dag.py
[2026-09-23T19:20:39.903+0000] {processor.py:830} INFO - Processing file /opt/airflow/dags/wifi_pipeline_dag.py for tasks to queue
[2026-09-23T19:20:39.904+0000] {logging_mixin.py:188} INFO - [2026-09-23T19:20:39.904+0000] {dagbag.py:538} INFO - Filling up the DagBag from /opt/airflow/dags/wifi_pipeline_dag.py
[2026-09-23T19:20:39.919+0000] {processor.py:840} INFO - DAG(s) 'wifi_livre_sp_pipeline' retrieved from /opt/airflow/dags/wifi_pipeline_dag.py
[2026-09-23T19:20:39.949+0000] {logging_mixin.py:188} INFO - [2026-09-23T19:20:39.949+0000] {dag.py:3036} INFO - Sync 1 DAGs
[2026-09-23T19:20:39.970+0000] {logging_mixin.py:188} INFO - [2026-09-23T19:20:39.970+0000] {dag.py:3823} INFO - Setting next_dagrun for wifi_livre_sp_pipeline to 2026-09-23 00:00:00+00:00, run_after=2026-09-24 00:00:00+00:00
[2026-09-23T19:20:39.987+0000] {processor.py:183} INFO - Processing /opt/airflow/dags/wifi_pipeline_dag.py took 0.089 seconds
[2026-09-23T19:21:10.076+0000] {processor.py:161} INFO - Started process (PID=270) to work on /opt/airflow/dags/wifi_pipeline_dag.py
[2026-09-23T19:21:10.078+0000] {processor.py:830} INFO - Processing file /opt/airflow/dags/wifi_pipeline_dag.py for tasks to queue
[2026-09-23T19:21:10.079+0000] {logging_mixin.py:188} INFO - [2026-09-23T19:21:10.079+0000] {dagbag.py:538} INFO - Filling up the DagBag from /opt/airflow/dags/wifi_pipeline_dag.py
[2026-09-23T19:21:10.093+0000] {processor.py:840} INFO - DAG(s) 'wifi_livre_sp_pipeline' retrieved from /opt/airflow/dags/wifi_pipeline_dag.py
[2026-09-23T19:21:10.128+0000] {logging_mixin.py:188} INFO - [2026-09-23T19:21:10.127+0000] {dag.py:3036} INFO - Sync 1 DAGs
[2026-09-23T19:21:10.156+0000] {logging_mixin.py:188} INFO - [2026-09-23T19:21:10.156+0000] {dag.py:3823} INFO - Setting next_dagrun for wifi_livre_sp_pipeline to 2026-09-23 00:00:00+00:00, run_after=2026-09-24 00:00:00+00:00
[2026-09-23T19:21:10.174+0000] {processor.py:183} INFO - Processing /opt/airflow/dags/wifi_pipeline_dag.py took 0.101 seconds
[2026-09-23T19:21:40.267+0000] {processor.py:161} INFO - Started process (PID=275) to work on /opt/airflow/dags/wifi_pipeline_dag.py
[2026-09-23T19:21:40.269+0000] {processor.py:830} INFO - Processing file /opt/airflow/dags/wifi_pipeline_dag.py for tasks to queue
[2026-09-23T19:21:40.270+0000] {logging_mixin.py:188} INFO - [2026-09-23T19:21:40.269+0000] {dagbag.py:538} INFO - Filling up the DagBag from /opt/airflow/dags/wifi_pipeline_dag.py
[2026-09-23T19:21:40.286+0000] {processor.py:840} INFO - DAG(s) 'wifi_livre_sp_pipeline' retrieved from /opt/airflow/dags/wifi_pipeline_dag.py
[2026-09-23T19:21:40.319+0000] {logging_mixin.py:188} INFO - [2026-09-23T19:21:40.319+0000] {dag.py:3036} INFO - Sync 1 DAGs
[2026-09-23T19:21:40.342+0000] {logging_mixin.py:188} INFO - [2026-09-23T19:21:40.342+0000] {dag.py:3823} INFO - Setting next_dagrun for wifi_livre_sp_pipeline to 2026-09-23 00:00:00+00:00, run_after=2026-09-24 00:00:00+00:00
[2026-09-23T19:21:40.358+0000] {processor.py:183} INFO - Processing /opt/airflow/dags/wifi_pipeline_dag.py took 0.095 seconds
[2026-09-23T19:22:10.432+0000] {processor.py:161} INFO - Started process (PID=280) to work on /opt/airflow/dags/wifi_pipeline_dag.py
[2026-09-23T19:22:10.434+0000] {processor.py:830} INFO - Processing file /opt/airflow/dags/wifi_pipeline_dag.py for tasks to queue
[2026-09-23T19:22:10.434+0000] {logging_mixin.py:188} INFO - [2026-09-23T19:22:10.434+0000] {dagbag.py:538} INFO - Filling up the DagBag from /opt/airflow/dags/wifi_pipeline_dag.py
[2026-09-23T19:22:10.447+0000] {processor.py:840} INFO - DAG(s) 'wifi_livre_sp_pipeline' retrieved from /opt/airflow/dags/wifi_pipeline_dag.py
[2026-09-23T19:22:10.478+0000] {logging_mixin.py:188} INFO - [2026-09-23T19:22:10.478+0000] {dag.py:3036} INFO - Sync 1 DAGs
[2026-09-23T19:22:10.500+0000] {logging_mixin.py:188} INFO - [2026-09-23T19:22:10.500+0000] {dag.py:3823} INFO - Setting next_dagrun for wifi_livre_sp_pipeline to 2026-09-23 00:00:00+00:00, run_after=2026-09-24 00:00:00+00:00
[2026-09-23T19:22:10.516+0000] {processor.py:183} INFO - Processing /opt/airflow/dags/wifi_pipeline_dag.py took 0.087 seconds
[2026-09-23T19:22:40.602+0000] {processor.py:161} INFO - Started process (PID=285) to work on /opt/airflow/dags/wifi_pipeline_dag.py
[2026-09-23T19:22:40.603+0000] {processor.py:830} INFO - Processing file /opt/airflow/dags/wifi_pipeline_dag.py for tasks to queue
[2026-09-23T19:22:40.604+0000] {logging_mixin.py:188} INFO - [2026-09-23T19:22:40.604+0000] {dagbag.py:538} INFO - Filling up the DagBag from /opt/airflow/dags/wifi_pipeline_dag.py
[2026-09-23T19:22:40.620+0000] {processor.py:840} INFO - DAG(s) 'wifi_livre_sp_pipeline' retrieved from /opt/airflow/dags/wifi_pipeline_dag.py
[2026-09-23T19:22:40.651+0000] {logging_mixin.py:188} INFO - [2026-09-23T19:22:40.651+0000] {dag.py:3036} INFO - Sync 1 DAGs
[2026-09-23T19:22:40.674+0000] {logging_mixin.py:188} INFO - [2026-09-23T19:22:40.674+0000] {dag.py:3823} INFO - Setting next_dagrun for wifi_livre_sp_pipeline to 2026-09-23 00:00:00+00:00, run_after=2026-09-24 00:00:00+00:00
[2026-09-23T19:22:40.690+0000] {processor.py:183} INFO - Processing /opt/airflow/dags/wifi_pipeline_dag.py took 0.092 seconds
[2026-09-23T19:23:10.787+0000] {processor.py:161} INFO - Started process (PID=290) to work on /opt/airflow/dags/wifi_pipeline_dag.py
[2026-09-23T19:23:10.789+0000] {processor.py:830} INFO - Processing file /opt/airflow/dags/wifi_pipeline_dag.py for tasks to queue
[2026-09-23T19:23:10.790+0000] {logging_mixin.py:188} INFO - [2026-09-23T19:23:10.789+0000] {dagbag.py:538} INFO - Filling up the DagBag from /opt/airflow/dags/wifi_pipeline_dag.py
[2026-09-23T19:23:10.804+0000] {processor.py:840} INFO - DAG(s) 'wifi_livre_sp_pipeline' retrieved from /opt/airflow/dags/wifi_pipeline_dag.py
[2026-09-23T19:23:10.834+0000] {logging_mixin.py:188} INFO - [2026-09-23T19:23:10.834+0000] {dag.py:3036} INFO - Sync 1 DAGs
[2026-09-23T19:23:10.857+0000] {logging_mixin.py:188} INFO - [2026-09-23T19:23:10.857+0000] {dag.py:3823} INFO - Setting next_dagrun for wifi_livre_sp_pipeline to 2026-09-23 00:00:00+00:00, run_after=2026-09-24 00:00:00+00:00
[2026-09-23T19:23:10.874+0000] {processor.py:183} INFO - Processing /opt/airflow/dags/wifi_pipeline_dag.py took 0.090 seconds
[2026-09-23T19:23:40.941+0000] {processor.py:161} INFO - Started process (PID=295) to work on /opt/airflow/dags/wifi_pipeline_dag.py
[2026-09-23T19:23:40.943+0000] {processor.py:830} INFO - Processing file /opt/airflow/dags/wifi_pipeline_dag.py for tasks to queue
[2026-09-23T19:23:40.944+0000] {logging_mixin.py:188} INFO - [2026-09-23T19:23:40.943+0000] {dagbag.py:538} INFO - Filling up the DagBag from /opt/airflow/dags/wifi_pipeline_dag.py
[2026-09-23T19:23:40.958+0000] {processor.py:840} INFO - DAG(s) 'wifi_livre_sp_pipeline' retrieved from /opt/airflow/dags/wifi_pipeline_dag.py
[2026-09-23T19:23:40.989+0000] {logging_mixin.py:188} INFO - [2026-09-23T19:23:40.989+0000] {dag.py:3036} INFO - Sync 1 DAGs
[2026-09-23T19:23:41.011+0000] {logging_mixin.py:188} INFO - [2026-09-23T19:23:41.011+0000] {dag.py:3823} INFO - Setting next_dagrun for wifi_livre_sp_pipeline to 2026-09-23 00:00:00+00:00, run_after=2026-09-24 00:00:00+00:00
[2026-09-23T19:23:41.027+0000] {processor.py:183} INFO - Processing /opt/airflow/dags/wifi_pipeline_dag.py took 0.089 seconds
[2026-09-23T19:24:11.104+0000] {processor.py:161} INFO - Started process (PID=300) to work on /opt/airflow/dags/wifi_pipeline_dag.py
[2026-09-23T19:24:11.105+0000] {processor.py:830} INFO - Processing file /opt/airflow/dags/wifi_pipeline_dag.py for tasks to queue
[2026-09-23T19:24:11.106+0000] {logging_mixin.py:188} INFO - [2026-09-23T19:24:11.106+0000] {dagbag.py:538} INFO - Filling up the DagBag from /opt/airflow/dags/wifi_pipeline_dag.py
[2026-09-23T19:24:11.118+0000] {processor.py:840} INFO - DAG(s) 'wifi_livre_sp_pipeline' retrieved from /opt/airflow/dags/wifi_pipeline_dag.py
[2026-09-23T19:24:11.144+0000] {logging_mixin.py:188} INFO - [2026-09-23T19:24:11.144+0000] {dag.py:3036} INFO - Sync 1 DAGs
[2026-09-23T19:24:11.165+0000] {logging_mixin.py:188} INFO - [2026-09-23T19:24:11.165+0000] {dag.py:3823} INFO - Setting next_dagrun for wifi_livre_sp_pipeline to 2026-09-23 00:00:00+00:00, run_after=2026-09-24 00:00:00+00:00
[2026-09-23T19:24:11.192+0000] {processor.py:183} INFO - Processing /opt/airflow/dags/wifi_pipeline_dag.py took 0.091 seconds
[2026-09-23T19:24:41.265+0000] {processor.py:161} INFO - Started process (PID=305) to work on /opt/airflow/dags/wifi_pipeline_dag.py
[2026-09-23T19:24:41.267+0000] {processor.py:830} INFO - Processing file /opt/airflow/dags/wifi_pipeline_dag.py for tasks to queue
[2026-09-23T19:24:41.267+0000] {logging_mixin.py:188} INFO - [2026-09-23T19:24:41.267+0000] {dagbag.py:538} INFO - Filling up the DagBag from /opt/airflow/dags/wifi_pipeline_dag.py
[2026-09-23T19:24:41.280+0000] {processor.py:840} INFO - DAG(s) 'wifi_livre_sp_pipeline' retrieved from /opt/airflow/dags/wifi_pipeline_dag.py
[2026-09-23T19:24:41.308+0000] {logging_mixin.py:188} INFO - [2026-09-23T19:24:41.308+0000] {dag.py:3036} INFO - Sync 1 DAGs
[2026-09-23T19:24:41.331+0000] {logging_mixin.py:188} INFO - [2026-09-23T19:24:41.330+0000] {dag.py:3823} INFO - Setting next_dagrun for wifi_livre_sp_pipeline to 2026-09-23 00:00:00+00:00, run_after=2026-09-24 00:00:00+00:00
[2026-09-23T19:24:41.345+0000] {processor.py:183} INFO - Processing /opt/airflow/dags/wifi_pipeline_dag.py took 0.084 seconds
[2026-09-23T19:25:11.424+0000] {processor.py:161} INFO - Started process (PID=310) to work on /opt/airflow/dags/wifi_pipeline_dag.py
[2026-09-23T19:25:11.426+0000] {processor.py:830} INFO - Processing file /opt/airflow/dags/wifi_pipeline_dag.py for tasks to queue
[2026-09-23T19:25:11.427+0000] {logging_mixin.py:188} INFO - [2026-09-23T19:25:11.427+0000] {dagbag.py:538} INFO - Filling up the DagBag from /opt/airflow/dags/wifi_pipeline_dag.py
[2026-09-23T19:25:11.444+0000] {processor.py:840} INFO - DAG(s) 'wifi_livre_sp_pipeline' retrieved from /opt/airflow/dags/wifi_pipeline_dag.py
[2026-09-23T19:25:11.479+0000] {logging_mixin.py:188} INFO - [2026-09-23T19:25:11.479+0000] {dag.py:3036} INFO - Sync 1 DAGs
[2026-09-23T19:25:11.503+0000] {logging_mixin.py:188} INFO - [2026-09-23T19:25:11.502+0000] {dag.py:3823} INFO - Setting next_dagrun for wifi_livre_sp_pipeline to 2026-09-23 00:00:00+00:00, run_after=2026-09-24 00:00:00+00:00
[2026-09-23T19:25:11.522+0000] {processor.py:183} INFO - Processing /opt/airflow/dags/wifi_pipeline_dag.py took 0.102 seconds
[2026-09-23T19:25:41.599+0000] {processor.py:161} INFO - Started process (PID=315) to work on /opt/airflow/dags/wifi_pipeline_dag.py
[2026-09-23T19:25:41.600+0000] {processor.py:830} INFO - Processing file /opt/airflow/dags/wifi_pipeline_dag.py for tasks to queue
[2026-09-23T19:25:41.601+0000] {logging_mixin.py:188} INFO - [2026-09-23T19:25:41.601+0000] {dagbag.py:538} INFO - Filling up the DagBag from /opt/airflow/dags/wifi_pipeline_dag.py
[2026-09-23T19:25:41.616+0000] {processor.py:840} INFO - DAG(s) 'wifi_livre_sp_pipeline' retrieved from /opt/airflow/dags/wifi_pipeline_dag.py
[2026-09-23T19:25:41.653+0000] {logging_mixin.py:188} INFO - [2026-09-23T19:25:41.653+0000] {dag.py:3036} INFO - Sync 1 DAGs
[2026-09-23T19:25:41.678+0000] {logging_mixin.py:188} INFO - [2026-09-23T19:25:41.678+0000] {dag.py:3823} INFO - Setting next_dagrun for wifi_livre_sp_pipeline to 2026-09-23 00:00:00+00:00, run_after=2026-09-24 00:00:00+00:00
[2026-09-23T19:25:41.695+0000] {processor.py:183} INFO - Processing /opt/airflow/dags/wifi_pipeline_dag.py took 0.099 seconds
[2026-09-23T19:26:11.778+0000] {processor.py:161} INFO - Started process (PID=320) to work on /opt/airflow/dags/wifi_pipeline_dag.py
[2026-09-23T19:26:11.780+0000] {processor.py:830} INFO - Processing file /opt/airflow/dags/wifi_pipeline_dag.py for tasks to queue
[2026-09-23T19:26:11.781+0000] {logging_mixin.py:188} INFO - [2026-09-23T19:26:11.781+0000] {dagbag.py:538} INFO - Filling up the DagBag from /opt/airflow/dags/wifi_pipeline_dag.py
[2026-09-23T19:26:11.796+0000] {processor.py:840} INFO - DAG(s) 'wifi_livre_sp_pipeline' retrieved from /opt/airflow/dags/wifi_pipeline_dag.py
[2026-09-23T19:26:11.840+0000] {logging_mixin.py:188} INFO - [2026-09-23T19:26:11.839+0000] {dag.py:3036} INFO - Sync 1 DAGs
[2026-09-23T19:26:11.892+0000] {logging_mixin.py:188} INFO - [2026-09-23T19:26:11.892+0000] {dag.py:3823} INFO - Setting next_dagrun for wifi_livre_sp_pipeline to 2026-09-23 00:00:00+00:00, run_after=2026-09-24 00:00:00+00:00
[2026-09-23T19:26:11.944+0000] {processor.py:183} INFO - Processing /opt/airflow/dags/wifi_pipeline_dag.py took 0.172 seconds
[2026-09-23T19:26:42.039+0000] {processor.py:161} INFO - Started process (PID=325) to work on /opt/airflow/dags/wifi_pipeline_dag.py
[2026-09-23T19:26:42.040+0000] {processor.py:830} INFO - Processing file /opt/airflow/dags/wifi_pipeline_dag.py for tasks to queue
[2026-09-23T19:26:42.041+0000] {logging_mixin.py:188} INFO - [2026-09-23T19:26:42.041+0000] {dagbag.py:538} INFO - Filling up the DagBag from /opt/airflow/dags/wifi_pipeline_dag.py
[2026-09-23T19:26:42.053+0000] {processor.py:840} INFO - DAG(s) 'wifi_livre_sp_pipeline' retrieved from /opt/airflow/dags/wifi_pipeline_dag.py
[2026-09-23T19:26:42.081+0000] {logging_mixin.py:188} INFO - [2026-09-23T19:26:42.081+0000] {dag.py:3036} INFO - Sync 1 DAGs
[2026-09-23T19:26:42.102+0000] {logging_mixin.py:188} INFO - [2026-09-23T19:26:42.102+0000] {dag.py:3823} INFO - Setting next_dagrun for wifi_livre_sp_pipeline to 2026-09-23 00:00:00+00:00, run_after=2026-09-24 00:00:00+00:00
[2026-09-23T19:26:42.117+0000] {processor.py:183} INFO - Processing /opt/airflow/dags/wifi_pipeline_dag.py took 0.081 seconds
[2026-09-23T19:27:12.203+0000] {processor.py:161} INFO - Started process (PID=330) to work on /opt/airflow/dags/wifi_pipeline_dag.py
[2026-09-23T19:27:12.205+0000] {processor.py:830} INFO - Processing file /opt/airflow/dags/wifi_pipeline_dag.py for tasks to queue
[2026-09-23T19:27:12.206+0000] {logging_mixin.py:188} INFO - [2026-09-23T19:27:12.206+0000] {dagbag.py:538} INFO - Filling up the DagBag from /opt/airflow/dags/wifi_pipeline_dag.py
[2026-09-23T19:27:12.223+0000] {processor.py:840} INFO - DAG(s) 'wifi_livre_sp_pipeline' retrieved from /opt/airflow/dags/wifi_pipeline_dag.py
[2026-09-23T19:27:12.256+0000] {logging_mixin.py:188} INFO - [2026-09-23T19:27:12.256+0000] {dag.py:3036} INFO - Sync 1 DAGs
[2026-09-23T19:27:12.280+0000] {logging_mixin.py:188} INFO - [2026-09-23T19:27:12.280+0000] {dag.py:3823} INFO - Setting next_dagrun for wifi_livre_sp_pipeline to 2026-09-23 00:00:00+00:00, run_after=2026-09-24 00:00:00+00:00
[2026-09-23T19:27:12.299+0000] {processor.py:183} INFO - Processing /opt/airflow/dags/wifi_pipeline_dag.py took 0.099 seconds
[2026-09-23T19:27:42.389+0000] {processor.py:161} INFO - Started process (PID=335) to work on /opt/airflow/dags/wifi_pipeline_dag.py
[2026-09-23T19:27:42.391+0000] {processor.py:830} INFO - Processing file /opt/airflow/dags/wifi_pipeline_dag.py for tasks to queue
[2026-09-23T19:27:42.393+0000] {logging_mixin.py:188} INFO - [2026-09-23T19:27:42.392+0000] {dagbag.py:538} INFO - Filling up the DagBag from /opt/airflow/dags/wifi_pipeline_dag.py
[2026-09-23T19:27:42.407+0000] {processor.py:840} INFO - DAG(s) 'wifi_livre_sp_pipeline' retrieved from /opt/airflow/dags/wifi_pipeline_dag.py
[2026-09-23T19:27:42.445+0000] {logging_mixin.py:188} INFO - [2026-09-23T19:27:42.444+0000] {dag.py:3036} INFO - Sync 1 DAGs
[2026-09-23T19:27:42.473+0000] {logging_mixin.py:188} INFO - [2026-09-23T19:27:42.473+0000] {dag.py:3823} INFO - Setting next_dagrun for wifi_livre_sp_pipeline to 2026-09-23 00:00:00+00:00, run_after=2026-09-24 00:00:00+00:00
[2026-09-23T19:27:42.495+0000] {processor.py:183} INFO - Processing /opt/airflow/dags/wifi_pipeline_dag.py took 0.109 seconds
[2026-09-23T19:28:12.576+0000] {processor.py:161} INFO - Started process (PID=340) to work on /opt/airflow/dags/wifi_pipeline_dag.py
[2026-09-23T19:28:12.578+0000] {processor.py:830} INFO - Processing file /opt/airflow/dags/wifi_pipeline_dag.py for tasks to queue
[2026-09-23T19:28:12.579+0000] {logging_mixin.py:188} INFO - [2026-09-23T19:28:12.579+0000] {dagbag.py:538} INFO - Filling up the DagBag from /opt/airflow/dags/wifi_pipeline_dag.py
[2026-09-23T19:28:12.590+0000] {processor.py:840} INFO - DAG(s) 'wifi_livre_sp_pipeline' retrieved from /opt/airflow/dags/wifi_pipeline_dag.py
[2026-09-23T19:28:12.618+0000] {logging_mixin.py:188} INFO - [2026-09-23T19:28:12.617+0000] {dag.py:3036} INFO - Sync 1 DAGs
[2026-09-23T19:28:12.639+0000] {logging_mixin.py:188} INFO - [2026-09-23T19:28:12.639+0000] {dag.py:3823} INFO - Setting next_dagrun for wifi_livre_sp_pipeline to 2026-09-23 00:00:00+00:00, run_after=2026-09-24 00:00:00+00:00
[2026-09-23T19:28:12.657+0000] {processor.py:183} INFO - Processing /opt/airflow/dags/wifi_pipeline_dag.py took 0.084 seconds
[2026-09-23T19:28:42.742+0000] {processor.py:161} INFO - Started process (PID=345) to work on /opt/airflow/dags/wifi_pipeline_dag.py
[2026-09-23T19:28:42.745+0000] {processor.py:830} INFO - Processing file /opt/airflow/dags/wifi_pipeline_dag.py for tasks to queue
[2026-09-23T19:28:42.746+0000] {logging_mixin.py:188} INFO - [2026-09-23T19:28:42.745+0000] {dagbag.py:538} INFO - Filling up the DagBag from /opt/airflow/dags/wifi_pipeline_dag.py
[2026-09-23T19:28:42.766+0000] {processor.py:840} INFO - DAG(s) 'wifi_livre_sp_pipeline' retrieved from /opt/airflow/dags/wifi_pipeline_dag.py
[2026-09-23T19:28:42.809+0000] {logging_mixin.py:188} INFO - [2026-09-23T19:28:42.809+0000] {dag.py:3036} INFO - Sync 1 DAGs
[2026-09-23T19:28:42.840+0000] {logging_mixin.py:188} INFO - [2026-09-23T19:28:42.840+0000] {dag.py:3823} INFO - Setting next_dagrun for wifi_livre_sp_pipeline to 2026-09-23 00:00:00+00:00, run_after=2026-09-24 00:00:00+00:00
[2026-09-23T19:28:42.864+0000] {processor.py:183} INFO - Processing /opt/airflow/dags/wifi_pipeline_dag.py took 0.127 seconds
[2026-09-23T19:29:12.955+0000] {processor.py:161} INFO - Started process (PID=350) to work on /opt/airflow/dags/wifi_pipeline_dag.py
[2026-09-23T19:29:12.957+0000] {processor.py:830} INFO - Processing file /opt/airflow/dags/wifi_pipeline_dag.py for tasks to queue
[2026-09-23T19:29:12.958+0000] {logging_mixin.py:188} INFO - [2026-09-23T19:29:12.958+0000] {dagbag.py:538} INFO - Filling up the DagBag from /opt/airflow/dags/wifi_pipeline_dag.py
[2026-09-23T19:29:12.976+0000] {processor.py:840} INFO - DAG(s) 'wifi_livre_sp_pipeline' retrieved from /opt/airflow/dags/wifi_pipeline_dag.py
[2026-09-23T19:29:13.015+0000] {logging_mixin.py:188} INFO - [2026-09-23T19:29:13.015+0000] {dag.py:3036} INFO - Sync 1 DAGs
[2026-09-23T19:29:13.043+0000] {logging_mixin.py:188} INFO - [2026-09-23T19:29:13.042+0000] {dag.py:3823} INFO - Setting next_dagrun for wifi_livre_sp_pipeline to 2026-09-23 00:00:00+00:00, run_after=2026-09-24 00:00:00+00:00
[2026-09-23T19:29:13.062+0000] {processor.py:183} INFO - Processing /opt/airflow/dags/wifi_pipeline_dag.py took 0.113 seconds
[2026-09-23T19:29:43.148+0000] {processor.py:161} INFO - Started process (PID=355) to work on /opt/airflow/dags/wifi_pipeline_dag.py
[2026-09-23T19:29:43.150+0000] {processor.py:830} INFO - Processing file /opt/airflow/dags/wifi_pipeline_dag.py for tasks to queue
[2026-09-23T19:29:43.151+0000] {logging_mixin.py:188} INFO - [2026-09-23T19:29:43.151+0000] {dagbag.py:538} INFO - Filling up the DagBag from /opt/airflow/dags/wifi_pipeline_dag.py
[2026-09-23T19:29:43.166+0000] {processor.py:840} INFO - DAG(s) 'wifi_livre_sp_pipeline' retrieved from /opt/airflow/dags/wifi_pipeline_dag.py
[2026-09-23T19:29:43.196+0000] {logging_mixin.py:188} INFO - [2026-09-23T19:29:43.196+0000] {dag.py:3036} INFO - Sync 1 DAGs
[2026-09-23T19:29:43.219+0000] {logging_mixin.py:188} INFO - [2026-09-23T19:29:43.218+0000] {dag.py:3823} INFO - Setting next_dagrun for wifi_livre_sp_pipeline to 2026-09-23 00:00:00+00:00, run_after=2026-09-24 00:00:00+00:00
[2026-09-23T19:29:43.235+0000] {processor.py:183} INFO - Processing /opt/airflow/dags/wifi_pipeline_dag.py took 0.090 seconds
[2026-09-23T19:30:13.309+0000] {processor.py:161} INFO - Started process (PID=360) to work on /opt/airflow/dags/wifi_pipeline_dag.py
[2026-09-23T19:30:13.311+0000] {processor.py:830} INFO - Processing file /opt/airflow/dags/wifi_pipeline_dag.py for tasks to queue
[2026-09-23T19:30:13.312+0000] {logging_mixin.py:188} INFO - [2026-09-23T19:30:13.312+0000] {dagbag.py:538} INFO - Filling up the DagBag from /opt/airflow/dags/wifi_pipeline_dag.py
[2026-09-23T19:30:13.327+0000] {processor.py:840} INFO - DAG(s) 'wifi_livre_sp_pipeline' retrieved from /opt/airflow/dags/wifi_pipeline_dag.py
[2026-09-23T19:30:13.359+0000] {logging_mixin.py:188} INFO - [2026-09-23T19:30:13.359+0000] {dag.py:3036} INFO - Sync 1 DAGs
[2026-09-23T19:30:13.380+0000] {logging_mixin.py:188} INFO - [2026-09-23T19:30:13.380+0000] {dag.py:3823} INFO - Setting next_dagrun for wifi_livre_sp_pipeline to 2026-09-23 00:00:00+00:00, run_after=2026-09-24 00:00:00+00:00
[2026-09-23T19:30:13.397+0000] {processor.py:183} INFO - Processing /opt/airflow/dags/wifi_pipeline_dag.py took 0.093 seconds
[2026-09-23T19:30:43.495+0000] {processor.py:161} INFO - Started process (PID=365) to work on /opt/airflow/dags/wifi_pipeline_dag.py
[2026-09-23T19:30:43.497+0000] {processor.py:830} INFO - Processing file /opt/airflow/dags/wifi_pipeline_dag.py for tasks to queue
[2026-09-23T19:30:43.499+0000] {logging_mixin.py:188} INFO - [2026-09-23T19:30:43.498+0000] {dagbag.py:538} INFO - Filling up the DagBag from /opt/airflow/dags/wifi_pipeline_dag.py
[2026-09-23T19:30:43.516+0000] {processor.py:840} INFO - DAG(s) 'wifi_livre_sp_pipeline' retrieved from /opt/airflow/dags/wifi_pipeline_dag.py
[2026-09-23T19:30:43.548+0000] {logging_mixin.py:188} INFO - [2026-09-23T19:30:43.547+0000] {dag.py:3036} INFO - Sync 1 DAGs
[2026-09-23T19:30:43.571+0000] {logging_mixin.py:188} INFO - [2026-09-23T19:30:43.570+0000] {dag.py:3823} INFO - Setting next_dagrun for wifi_livre_sp_pipeline to 2026-09-23 00:00:00+00:00, run_after=2026-09-24 00:00:00+00:00
[2026-09-23T19:30:43.594+0000] {processor.py:183} INFO - Processing /opt/airflow/dags/wifi_pipeline_dag.py took 0.103 seconds
[2026-09-23T19:31:13.682+0000] {processor.py:161} INFO - Started process (PID=370) to work on /opt/airflow/dags/wifi_pipeline_dag.py
[2026-09-23T19:31:13.683+0000] {processor.py:830} INFO - Processing file /opt/airflow/dags/wifi_pipeline_dag.py for tasks to queue
[2026-09-23T19:31:13.684+0000] {logging_mixin.py:188} INFO - [2026-09-23T19:31:13.684+0000] {dagbag.py:538} INFO - Filling up the DagBag from /opt/airflow/dags/wifi_pipeline_dag.py
[2026-09-23T19:31:13.696+0000] {processor.py:840} INFO - DAG(s) 'wifi_livre_sp_pipeline' retrieved from /opt/airflow/dags/wifi_pipeline_dag.py
[2026-09-23T19:31:13.727+0000] {logging_mixin.py:188} INFO - [2026-09-23T19:31:13.727+0000] {dag.py:3036} INFO - Sync 1 DAGs
[2026-09-23T19:31:13.749+0000] {logging_mixin.py:188} INFO - [2026-09-23T19:31:13.749+0000] {dag.py:3823} INFO - Setting next_dagrun for wifi_livre_sp_pipeline to 2026-09-23 00:00:00+00:00, run_after=2026-09-24 00:00:00+00:00
[2026-09-23T19:31:13.765+0000] {processor.py:183} INFO - Processing /opt/airflow/dags/wifi_pipeline_dag.py took 0.088 seconds
[2026-09-23T19:31:43.858+0000] {processor.py:161} INFO - Started process (PID=375) to work on /opt/airflow/dags/wifi_pipeline_dag.py
[2026-09-23T19:31:43.860+0000] {processor.py:830} INFO - Processing file /opt/airflow/dags/wifi_pipeline_dag.py for tasks to queue
[2026-09-23T19:31:43.861+0000] {logging_mixin.py:188} INFO - [2026-09-23T19:31:43.861+0000] {dagbag.py:538} INFO - Filling up the DagBag from /opt/airflow/dags/wifi_pipeline_dag.py
[2026-09-23T19:31:43.875+0000] {processor.py:840} INFO - DAG(s) 'wifi_livre_sp_pipeline' retrieved from /opt/airflow/dags/wifi_pipeline_dag.py
[2026-09-23T19:31:43.905+0000] {logging_mixin.py:188} INFO - [2026-09-23T19:31:43.904+0000] {dag.py:3036} INFO - Sync 1 DAGs
[2026-09-23T19:31:43.927+0000] {logging_mixin.py:188} INFO - [2026-09-23T19:31:43.927+0000] {dag.py:3823} INFO - Setting next_dagrun for wifi_livre_sp_pipeline to 2026-09-23 00:00:00+00:00, run_after=2026-09-24 00:00:00+00:00
[2026-09-23T19:31:43.944+0000] {processor.py:183} INFO - Processing /opt/airflow/dags/wifi_pipeline_dag.py took 0.090 seconds
[2026-09-23T19:32:14.030+0000] {processor.py:161} INFO - Started process (PID=380) to work on /opt/airflow/dags/wifi_pipeline_dag.py
[2026-09-23T19:32:14.031+0000] {processor.py:830} INFO - Processing file /opt/airflow/dags/wifi_pipeline_dag.py for tasks to queue
[2026-09-23T19:32:14.032+0000] {logging_mixin.py:188} INFO - [2026-09-23T19:32:14.032+0000] {dagbag.py:538} INFO - Filling up the DagBag from /opt/airflow/dags/wifi_pipeline_dag.py
[2026-09-23T19:32:14.046+0000] {processor.py:840} INFO - DAG(s) 'wifi_livre_sp_pipeline' retrieved from /opt/airflow/dags/wifi_pipeline_dag.py
[2026-09-23T19:32:14.076+0000] {logging_mixin.py:188} INFO - [2026-09-23T19:32:14.076+0000] {dag.py:3036} INFO - Sync 1 DAGs
[2026-09-23T19:32:14.100+0000] {logging_mixin.py:188} INFO - [2026-09-23T19:32:14.100+0000] {dag.py:3823} INFO - Setting next_dagrun for wifi_livre_sp_pipeline to 2026-09-23 00:00:00+00:00, run_after=2026-09-24 00:00:00+00:00
[2026-09-23T19:32:14.118+0000] {processor.py:183} INFO - Processing /opt/airflow/dags/wifi_pipeline_dag.py took 0.092 seconds
[2026-09-23T19:32:44.215+0000] {processor.py:161} INFO - Started process (PID=385) to work on /opt/airflow/dags/wifi_pipeline_dag.py
[2026-09-23T19:32:44.217+0000] {processor.py:830} INFO - Processing file /opt/airflow/dags/wifi_pipeline_dag.py for tasks to queue
[2026-09-23T19:32:44.218+0000] {logging_mixin.py:188} INFO - [2026-09-23T19:32:44.217+0000] {dagbag.py:538} INFO - Filling up the DagBag from /opt/airflow/dags/wifi_pipeline_dag.py
[2026-09-23T19:32:44.231+0000] {processor.py:840} INFO - DAG(s) 'wifi_livre_sp_pipeline' retrieved from /opt/airflow/dags/wifi_pipeline_dag.py
[2026-09-23T19:32:44.260+0000] {logging_mixin.py:188} INFO - [2026-09-23T19:32:44.260+0000] {dag.py:3036} INFO - Sync 1 DAGs
[2026-09-23T19:32:44.282+0000] {logging_mixin.py:188} INFO - [2026-09-23T19:32:44.282+0000] {dag.py:3823} INFO - Setting next_dagrun for wifi_livre_sp_pipeline to 2026-09-23 00:00:00+00:00, run_after=2026-09-24 00:00:00+00:00
[2026-09-23T19:32:44.298+0000] {processor.py:183} INFO - Processing /opt/airflow/dags/wifi_pipeline_dag.py took 0.087 seconds
[2026-09-23T19:33:14.382+0000] {processor.py:161} INFO - Started process (PID=390) to work on /opt/airflow/dags/wifi_pipeline_dag.py
[2026-09-23T19:33:14.384+0000] {processor.py:830} INFO - Processing file /opt/airflow/dags/wifi_pipeline_dag.py for tasks to queue
[2026-09-23T19:33:14.385+0000] {logging_mixin.py:188} INFO - [2026-09-23T19:33:14.384+0000] {dagbag.py:538} INFO - Filling up the DagBag from /opt/airflow/dags/wifi_pipeline_dag.py
[2026-09-23T19:33:14.397+0000] {processor.py:840} INFO - DAG(s) 'wifi_livre_sp_pipeline' retrieved from /opt/airflow/dags/wifi_pipeline_dag.py
[2026-09-23T19:33:14.428+0000] {logging_mixin.py:188} INFO - [2026-09-23T19:33:14.427+0000] {dag.py:3036} INFO - Sync 1 DAGs
[2026-09-23T19:33:14.450+0000] {logging_mixin.py:188} INFO - [2026-09-23T19:33:14.450+0000] {dag.py:3823} INFO - Setting next_dagrun for wifi_livre_sp_pipeline to 2026-09-23 00:00:00+00:00, run_after=2026-09-24 00:00:00+00:00
[2026-09-23T19:33:14.467+0000] {processor.py:183} INFO - Processing /opt/airflow/dags/wifi_pipeline_dag.py took 0.088 seconds
[2026-09-23T19:33:44.546+0000] {processor.py:161} INFO - Started process (PID=395) to work on /opt/airflow/dags/wifi_pipeline_dag.py
[2026-09-23T19:33:44.548+0000] {processor.py:830} INFO - Processing file /opt/airflow/dags/wifi_pipeline_dag.py for tasks to queue
[2026-09-23T19:33:44.548+0000] {logging_mixin.py:188} INFO - [2026-09-23T19:33:44.548+0000] {dagbag.py:538} INFO - Filling up the DagBag from /opt/airflow/dags/wifi_pipeline_dag.py
[2026-09-23T19:33:44.560+0000] {processor.py:840} INFO - DAG(s) 'wifi_livre_sp_pipeline' retrieved from /opt/airflow/dags/wifi_pipeline_dag.py
[2026-09-23T19:33:44.585+0000] {logging_mixin.py:188} INFO - [2026-09-23T19:33:44.585+0000] {dag.py:3036} INFO - Sync 1 DAGs
[2026-09-23T19:33:44.607+0000] {logging_mixin.py:188} INFO - [2026-09-23T19:33:44.607+0000] {dag.py:3823} INFO - Setting next_dagrun for wifi_livre_sp_pipeline to 2026-09-23 00:00:00+00:00, run_after=2026-09-24 00:00:00+00:00
[2026-09-23T19:33:44.624+0000] {processor.py:183} INFO - Processing /opt/airflow/dags/wifi_pipeline_dag.py took 0.081 seconds
[2026-09-23T19:34:14.692+0000] {processor.py:161} INFO - Started process (PID=400) to work on /opt/airflow/dags/wifi_pipeline_dag.py
[2026-09-23T19:34:14.693+0000] {processor.py:830} INFO - Processing file /opt/airflow/dags/wifi_pipeline_dag.py for tasks to queue
[2026-09-23T19:34:14.695+0000] {logging_mixin.py:188} INFO - [2026-09-23T19:34:14.694+0000] {dagbag.py:538} INFO - Filling up the DagBag from /opt/airflow/dags/wifi_pipeline_dag.py
[2026-09-23T19:34:14.707+0000] {processor.py:840} INFO - DAG(s) 'wifi_livre_sp_pipeline' retrieved from /opt/airflow/dags/wifi_pipeline_dag.py
[2026-09-23T19:34:14.736+0000] {logging_mixin.py:188} INFO - [2026-09-23T19:34:14.735+0000] {dag.py:3036} INFO - Sync 1 DAGs
[2026-09-23T19:34:14.761+0000] {logging_mixin.py:188} INFO - [2026-09-23T19:34:14.760+0000] {dag.py:3823} INFO - Setting next_dagrun for wifi_livre_sp_pipeline to 2026-09-23 00:00:00+00:00, run_after=2026-09-24 00:00:00+00:00
[2026-09-23T19:34:14.779+0000] {processor.py:183} INFO - Processing /opt/airflow/dags/wifi_pipeline_dag.py took 0.090 seconds
[2026-09-23T19:34:44.864+0000] {processor.py:161} INFO - Started process (PID=405) to work on /opt/airflow/dags/wifi_pipeline_dag.py
[2026-09-23T19:34:44.865+0000] {processor.py:830} INFO - Processing file /opt/airflow/dags/wifi_pipeline_dag.py for tasks to queue
[2026-09-23T19:34:44.866+0000] {logging_mixin.py:188} INFO - [2026-09-23T19:34:44.866+0000] {dagbag.py:538} INFO - Filling up the DagBag from /opt/airflow/dags/wifi_pipeline_dag.py
[2026-09-23T19:34:44.878+0000] {processor.py:840} INFO - DAG(s) 'wifi_livre_sp_pipeline' retrieved from /opt/airflow/dags/wifi_pipeline_dag.py
[2026-09-23T19:34:44.904+0000] {logging_mixin.py:188} INFO - [2026-09-23T19:34:44.904+0000] {dag.py:3036} INFO - Sync 1 DAGs
[2026-09-23T19:34:44.923+0000] {logging_mixin.py:188} INFO - [2026-09-23T19:34:44.922+0000] {dag.py:3823} INFO - Setting next_dagrun for wifi_livre_sp_pipeline to 2026-09-23 00:00:00+00:00, run_after=2026-09-24 00:00:00+00:00
[2026-09-23T19:34:44.938+0000] {processor.py:183} INFO - Processing /opt/airflow/dags/wifi_pipeline_dag.py took 0.078 seconds
[2026-09-23T19:35:15.008+0000] {processor.py:161} INFO - Started process (PID=410) to work on /opt/airflow/dags/wifi_pipeline_dag.py
[2026-09-23T19:35:15.010+0000] {processor.py:830} INFO - Processing file /opt/airflow/dags/wifi_pipeline_dag.py for tasks to queue
[2026-09-23T19:35:15.010+0000] {logging_mixin.py:188} INFO - [2026-09-23T19:35:15.010+0000] {dagbag.py:538} INFO - Filling up the DagBag from /opt/airflow/dags/wifi_pipeline_dag.py
[2026-09-23T19:35:15.022+0000] {processor.py:840} INFO - DAG(s) 'wifi_livre_sp_pipeline' retrieved from /opt/airflow/dags/wifi_pipeline_dag.py
[2026-09-23T19:35:15.048+0000] {logging_mixin.py:188} INFO - [2026-09-23T19:35:15.048+0000] {dag.py:3036} INFO - Sync 1 DAGs
[2026-09-23T19:35:15.069+0000] {logging_mixin.py:188} INFO - [2026-09-23T19:35:15.069+0000] {dag.py:3823} INFO - Setting next_dagrun for wifi_livre_sp_pipeline to 2026-09-23 00:00:00+00:00, run_after=2026-09-24 00:00:00+00:00
[2026-09-23T19:35:15.085+0000] {processor.py:183} INFO - Processing /opt/airflow/dags/wifi_pipeline_dag.py took 0.080 seconds
[2026-09-23T19:35:45.142+0000] {processor.py:161} INFO - Started process (PID=415) to work on /opt/airflow/dags/wifi_pipeline_dag.py
[2026-09-23T19:35:45.144+0000] {processor.py:830} INFO - Processing file /opt/airflow/dags/wifi_pipeline_dag.py for tasks to queue
[2026-09-23T19:35:45.144+0000] {logging_mixin.py:188} INFO - [2026-09-23T19:35:45.144+0000] {dagbag.py:538} INFO - Filling up the DagBag from /opt/airflow/dags/wifi_pipeline_dag.py
[2026-09-23T19:35:45.156+0000] {processor.py:840} INFO - DAG(s) 'wifi_livre_sp_pipeline' retrieved from /opt/airflow/dags/wifi_pipeline_dag.py
[2026-09-23T19:35:45.182+0000] {logging_mixin.py:188} INFO - [2026-09-23T19:35:45.181+0000] {dag.py:3036} INFO - Sync 1 DAGs
[2026-09-23T19:35:45.204+0000] {logging_mixin.py:188} INFO - [2026-09-23T19:35:45.203+0000] {dag.py:3823} INFO - Setting next_dagrun for wifi_livre_sp_pipeline to 2026-09-23 00:00:00+00:00, run_after=2026-09-24 00:00:00+00:00
[2026-09-23T19:35:45.220+0000] {processor.py:183} INFO - Processing /opt/airflow/dags/wifi_pipeline_dag.py took 0.081 seconds
[2026-09-23T19:36:15.287+0000] {processor.py:161} INFO - Started process (PID=420) to work on /opt/airflow/dags/wifi_pipeline_dag.py
[2026-09-23T19:36:15.288+0000] {processor.py:830} INFO - Processing file /opt/airflow/dags/wifi_pipeline_dag.py for tasks to queue
[2026-09-23T19:36:15.288+0000] {logging_mixin.py:188} INFO - [2026-09-23T19:36:15.288+0000] {dagbag.py:538} INFO - Filling up the DagBag from /opt/airflow/dags/wifi_pipeline_dag.py
[2026-09-23T19:36:15.300+0000] {processor.py:840} INFO - DAG(s) 'wifi_livre_sp_pipeline' retrieved from /opt/airflow/dags/wifi_pipeline_dag.py
[2026-09-23T19:36:15.329+0000] {logging_mixin.py:188} INFO - [2026-09-23T19:36:15.329+0000] {dag.py:3036} INFO - Sync 1 DAGs
[2026-09-23T19:36:15.350+0000] {logging_mixin.py:188} INFO - [2026-09-23T19:36:15.350+0000] {dag.py:3823} INFO - Setting next_dagrun for wifi_livre_sp_pipeline to 2026-09-23 00:00:00+00:00, run_after=2026-09-24 00:00:00+00:00
[2026-09-23T19:36:15.366+0000] {processor.py:183} INFO - Processing /opt/airflow/dags/wifi_pipeline_dag.py took 0.083 seconds
[2026-09-23T19:36:45.443+0000] {processor.py:161} INFO - Started process (PID=425) to work on /opt/airflow/dags/wifi_pipeline_dag.py
[2026-09-23T19:36:45.444+0000] {processor.py:830} INFO - Processing file /opt/airflow/dags/wifi_pipeline_dag.py for tasks to queue
[2026-09-23T19:36:45.445+0000] {logging_mixin.py:188} INFO - [2026-09-23T19:36:45.444+0000] {dagbag.py:538} INFO - Filling up the DagBag from /opt/airflow/dags/wifi_pipeline_dag.py
[2026-09-23T19:36:45.457+0000] {processor.py:840} INFO - DAG(s) 'wifi_livre_sp_pipeline' retrieved from /opt/airflow/dags/wifi_pipeline_dag.py
[2026-09-23T19:36:45.487+0000] {logging_mixin.py:188} INFO - [2026-09-23T19:36:45.487+0000] {dag.py:3036} INFO - Sync 1 DAGs
[2026-09-23T19:36:45.510+0000] {logging_mixin.py:188} INFO - [2026-09-23T19:36:45.510+0000] {dag.py:3823} INFO - Setting next_dagrun for wifi_livre_sp_pipeline to 2026-09-23 00:00:00+00:00, run_after=2026-09-24 00:00:00+00:00
[2026-09-23T19:36:45.527+0000] {processor.py:183} INFO - Processing /opt/airflow/dags/wifi_pipeline_dag.py took 0.088 seconds
[2026-09-23T19:37:15.580+0000] {processor.py:161} INFO - Started process (PID=430) to work on /opt/airflow/dags/wifi_pipeline_dag.py
[2026-09-23T19:37:15.581+0000] {processor.py:830} INFO - Processing file /opt/airflow/dags/wifi_pipeline_dag.py for tasks to queue
[2026-09-23T19:37:15.582+0000] {logging_mixin.py:188} INFO - [2026-09-23T19:37:15.582+0000] {dagbag.py:538} INFO - Filling up the DagBag from /opt/airflow/dags/wifi_pipeline_dag.py
[2026-09-23T19:37:15.595+0000] {processor.py:840} INFO - DAG(s) 'wifi_livre_sp_pipeline' retrieved from /opt/airflow/dags/wifi_pipeline_dag.py
[2026-09-23T19:37:15.627+0000] {logging_mixin.py:188} INFO - [2026-09-23T19:37:15.627+0000] {dag.py:3036} INFO - Sync 1 DAGs
[2026-09-23T19:37:15.649+0000] {logging_mixin.py:188} INFO - [2026-09-23T19:37:15.649+0000] {dag.py:3823} INFO - Setting next_dagrun for wifi_livre_sp_pipeline to 2026-09-23 00:00:00+00:00, run_after=2026-09-24 00:00:00+00:00
[2026-09-23T19:37:15.666+0000] {processor.py:183} INFO - Processing /opt/airflow/dags/wifi_pipeline_dag.py took 0.089 seconds
[2026-09-23T19:37:45.734+0000] {processor.py:161} INFO - Started process (PID=435) to work on /opt/airflow/dags/wifi_pipeline_dag.py
[2026-09-23T19:37:45.735+0000] {processor.py:830} INFO - Processing file /opt/airflow/dags/wifi_pipeline_dag.py for tasks to queue
[2026-09-23T19:37:45.736+0000] {logging_mixin.py:188} INFO - [2026-09-23T19:37:45.736+0000] {dagbag.py:538} INFO - Filling up the DagBag from /opt/airflow/dags/wifi_pipeline_dag.py
[2026-09-23T19:37:45.751+0000] {processor.py:840} INFO - DAG(s) 'wifi_livre_sp_pipeline' retrieved from /opt/airflow/dags/wifi_pipeline_dag.py
[2026-09-23T19:37:45.784+0000] {logging_mixin.py:188} INFO - [2026-09-23T19:37:45.784+0000] {dag.py:3036} INFO - Sync 1 DAGs
[2026-09-23T19:37:45.807+0000] {logging_mixin.py:188} INFO - [2026-09-23T19:37:45.807+0000] {dag.py:3823} INFO - Setting next_dagrun for wifi_livre_sp_pipeline to 2026-09-23 00:00:00+00:00, run_after=2026-09-24 00:00:00+00:00
[2026-09-23T19:37:45.824+0000] {processor.py:183} INFO - Processing /opt/airflow/dags/wifi_pipeline_dag.py took 0.094 seconds
[2026-09-23T19:38:15.923+0000] {processor.py:161} INFO - Started process (PID=440) to work on /opt/airflow/dags/wifi_pipeline_dag.py
[2026-09-23T19:38:15.925+0000] {processor.py:830} INFO - Processing file /opt/airflow/dags/wifi_pipeline_dag.py for tasks to queue
[2026-09-23T19:38:15.926+0000] {logging_mixin.py:188} INFO - [2026-09-23T19:38:15.925+0000] {dagbag.py:538} INFO - Filling up the DagBag from /opt/airflow/dags/wifi_pipeline_dag.py
[2026-09-23T19:38:15.938+0000] {processor.py:840} INFO - DAG(s) 'wifi_livre_sp_pipeline' retrieved from /opt/airflow/dags/wifi_pipeline_dag.py
[2026-09-23T19:38:15.972+0000] {logging_mixin.py:188} INFO - [2026-09-23T19:38:15.971+0000] {dag.py:3036} INFO - Sync 1 DAGs
[2026-09-23T19:38:16.021+0000] {logging_mixin.py:188} INFO - [2026-09-23T19:38:16.021+0000] {dag.py:3823} INFO - Setting next_dagrun for wifi_livre_sp_pipeline to 2026-09-23 00:00:00+00:00, run_after=2026-09-24 00:00:00+00:00
[2026-09-23T19:38:16.061+0000] {processor.py:183} INFO - Processing /opt/airflow/dags/wifi_pipeline_dag.py took 0.142 seconds
[2026-09-23T19:38:46.169+0000] {processor.py:161} INFO - Started process (PID=445) to work on /opt/airflow/dags/wifi_pipeline_dag.py
[2026-09-23T19:38:46.171+0000] {processor.py:830} INFO - Processing file /opt/airflow/dags/wifi_pipeline_dag.py for tasks to queue
[2026-09-23T19:38:46.172+0000] {logging_mixin.py:188} INFO - [2026-09-23T19:38:46.172+0000] {dagbag.py:538} INFO - Filling up the DagBag from /opt/airflow/dags/wifi_pipeline_dag.py
[2026-09-23T19:38:46.189+0000] {processor.py:840} INFO - DAG(s) 'wifi_livre_sp_pipeline' retrieved from /opt/airflow/dags/wifi_pipeline_dag.py
[2026-09-23T19:38:46.233+0000] {logging_mixin.py:188} INFO - [2026-09-23T19:38:46.232+0000] {dag.py:3036} INFO - Sync 1 DAGs
[2026-09-23T19:38:46.269+0000] {logging_mixin.py:188} INFO - [2026-09-23T19:38:46.269+0000] {dag.py:3823} INFO - Setting next_dagrun for wifi_livre_sp_pipeline to 2026-09-23 00:00:00+00:00, run_after=2026-09-24 00:00:00+00:00
[2026-09-23T19:38:46.288+0000] {processor.py:183} INFO - Processing /opt/airflow/dags/wifi_pipeline_dag.py took 0.124 seconds
[2026-09-23T19:39:16.377+0000] {processor.py:161} INFO - Started process (PID=450) to work on /opt/airflow/dags/wifi_pipeline_dag.py
[2026-09-23T19:39:16.378+0000] {processor.py:830} INFO - Processing file /opt/airflow/dags/wifi_pipeline_dag.py for tasks to queue
[2026-09-23T19:39:16.378+0000] {logging_mixin.py:188} INFO - [2026-09-23T19:39:16.378+0000] {dagbag.py:538} INFO - Filling up the DagBag from /opt/airflow/dags/wifi_pipeline_dag.py
[2026-09-23T19:39:16.390+0000] {processor.py:840} INFO - DAG(s) 'wifi_livre_sp_pipeline' retrieved from /opt/airflow/dags/wifi_pipeline_dag.py
[2026-09-23T19:39:16.420+0000] {logging_mixin.py:188} INFO - [2026-09-23T19:39:16.420+0000] {dag.py:3036} INFO - Sync 1 DAGs
[2026-09-23T19:39:16.444+0000] {logging_mixin.py:188} INFO - [2026-09-23T19:39:16.444+0000] {dag.py:3823} INFO - Setting next_dagrun for wifi_livre_sp_pipeline to 2026-09-23 00:00:00+00:00, run_after=2026-09-24 00:00:00+00:00
[2026-09-23T19:39:16.463+0000] {processor.py:183} INFO - Processing /opt/airflow/dags/wifi_pipeline_dag.py took 0.090 seconds
[2026-09-23T19:39:46.512+0000] {processor.py:161} INFO - Started process (PID=455) to work on /opt/airflow/dags/wifi_pipeline_dag.py
[2026-09-23T19:39:46.513+0000] {processor.py:830} INFO - Processing file /opt/airflow/dags/wifi_pipeline_dag.py for tasks to queue
[2026-09-23T19:39:46.514+0000] {logging_mixin.py:188} INFO - [2026-09-23T19:39:46.514+0000] {dagbag.py:538} INFO - Filling up the DagBag from /opt/airflow/dags/wifi_pipeline_dag.py
[2026-09-23T19:39:46.526+0000] {processor.py:840} INFO - DAG(s) 'wifi_livre_sp_pipeline' retrieved from /opt/airflow/dags/wifi_pipeline_dag.py
[2026-09-23T19:39:46.557+0000] {logging_mixin.py:188} INFO - [2026-09-23T19:39:46.557+0000] {dag.py:3036} INFO - Sync 1 DAGs
[2026-09-23T19:39:46.578+0000] {logging_mixin.py:188} INFO - [2026-09-23T19:39:46.578+0000] {dag.py:3823} INFO - Setting next_dagrun for wifi_livre_sp_pipeline to 2026-09-23 00:00:00+00:00, run_after=2026-09-24 00:00:00+00:00
[2026-09-23T19:39:46.594+0000] {processor.py:183} INFO - Processing /opt/airflow/dags/wifi_pipeline_dag.py took 0.085 seconds
[2026-09-23T19:40:16.663+0000] {processor.py:161} INFO - Started process (PID=460) to work on /opt/airflow/dags/wifi_pipeline_dag.py
[2026-09-23T19:40:16.664+0000] {processor.py:830} INFO - Processing file /opt/airflow/dags/wifi_pipeline_dag.py for tasks to queue
[2026-09-23T19:40:16.665+0000] {logging_mixin.py:188} INFO - [2026-09-23T19:40:16.664+0000] {dagbag.py:538} INFO - Filling up the DagBag from /opt/airflow/dags/wifi_pipeline_dag.py
[2026-09-23T19:40:16.676+0000] {processor.py:840} INFO - DAG(s) 'wifi_livre_sp_pipeline' retrieved from /opt/airflow/dags/wifi_pipeline_dag.py
[2026-09-23T19:40:16.703+0000] {logging_mixin.py:188} INFO - [2026-09-23T19:40:16.703+0000] {dag.py:3036} INFO - Sync 1 DAGs
[2026-09-23T19:40:16.725+0000] {logging_mixin.py:188} INFO - [2026-09-23T19:40:16.725+0000] {dag.py:3823} INFO - Setting next_dagrun for wifi_livre_sp_pipeline to 2026-09-23 00:00:00+00:00, run_after=2026-09-24 00:00:00+00:00
[2026-09-23T19:40:16.743+0000] {processor.py:183} INFO - Processing /opt/airflow/dags/wifi_pipeline_dag.py took 0.083 seconds
[2026-09-23T19:40:46.808+0000] {processor.py:161} INFO - Started process (PID=465) to work on /opt/airflow/dags/wifi_pipeline_dag.py
[2026-09-23T19:40:46.809+0000] {processor.py:830} INFO - Processing file /opt/airflow/dags/wifi_pipeline_dag.py for tasks to queue
[2026-09-23T19:40:46.810+0000] {logging_mixin.py:188} INFO - [2026-09-23T19:40:46.809+0000] {dagbag.py:538} INFO - Filling up the DagBag from /opt/airflow/dags/wifi_pipeline_dag.py
[2026-09-23T19:40:46.825+0000] {processor.py:840} INFO - DAG(s) 'wifi_livre_sp_pipeline' retrieved from /opt/airflow/dags/wifi_pipeline_dag.py
[2026-09-23T19:40:46.855+0000] {logging_mixin.py:188} INFO - [2026-09-23T19:40:46.855+0000] {dag.py:3036} INFO - Sync 1 DAGs
[2026-09-23T19:40:46.876+0000] {logging_mixin.py:188} INFO - [2026-09-23T19:40:46.876+0000] {dag.py:3823} INFO - Setting next_dagrun for wifi_livre_sp_pipeline to 2026-09-23 00:00:00+00:00, run_after=2026-09-24 00:00:00+00:00
[2026-09-23T19:40:46.892+0000] {processor.py:183} INFO - Processing /opt/airflow/dags/wifi_pipeline_dag.py took 0.088 seconds
[2026-09-23T19:41:16.961+0000] {processor.py:161} INFO - Started process (PID=470) to work on /opt/airflow/dags/wifi_pipeline_dag.py
[2026-09-23T19:41:16.962+0000] {processor.py:830} INFO - Processing file /opt/airflow/dags/wifi_pipeline_dag.py for tasks to queue
[2026-09-23T19:41:16.963+0000] {logging_mixin.py:188} INFO - [2026-09-23T19:41:16.963+0000] {dagbag.py:538} INFO - Filling up the DagBag from /opt/airflow/dags/wifi_pipeline_dag.py
[2026-09-23T19:41:16.976+0000] {processor.py:840} INFO - DAG(s) 'wifi_livre_sp_pipeline' retrieved from /opt/airflow/dags/wifi_pipeline_dag.py
[2026-09-23T19:41:17.008+0000] {logging_mixin.py:188} INFO - [2026-09-23T19:41:17.008+0000] {dag.py:3036} INFO - Sync 1 DAGs
[2026-09-23T19:41:17.033+0000] {logging_mixin.py:188} INFO - [2026-09-23T19:41:17.033+0000] {dag.py:3823} INFO - Setting next_dagrun for wifi_livre_sp_pipeline to 2026-09-23 00:00:00+00:00, run_after=2026-09-24 00:00:00+00:00
[2026-09-23T19:41:17.051+0000] {processor.py:183} INFO - Processing /opt/airflow/dags/wifi_pipeline_dag.py took 0.094 seconds
[2026-09-23T19:41:47.114+0000] {processor.py:161} INFO - Started process (PID=475) to work on /opt/airflow/dags/wifi_pipeline_dag.py
[2026-09-23T19:41:47.116+0000] {processor.py:830} INFO - Processing file /opt/airflow/dags/wifi_pipeline_dag.py for tasks to queue
[2026-09-23T19:41:47.117+0000] {logging_mixin.py:188} INFO - [2026-09-23T19:41:47.117+0000] {dagbag.py:538} INFO - Filling up the DagBag from /opt/airflow/dags/wifi_pipeline_dag.py
[2026-09-23T19:41:47.133+0000] {processor.py:840} INFO - DAG(s) 'wifi_livre_sp_pipeline' retrieved from /opt/airflow/dags/wifi_pipeline_dag.py
[2026-09-23T19:41:47.166+0000] {logging_mixin.py:188} INFO - [2026-09-23T19:41:47.166+0000] {dag.py:3036} INFO - Sync 1 DAGs
[2026-09-23T19:41:47.190+0000] {logging_mixin.py:188} INFO - [2026-09-23T19:41:47.190+0000] {dag.py:3823} INFO - Setting next_dagrun for wifi_livre_sp_pipeline to 2026-09-23 00:00:00+00:00, run_after=2026-09-24 00:00:00+00:00
[2026-09-23T19:41:47.209+0000] {processor.py:183} INFO - Processing /opt/airflow/dags/wifi_pipeline_dag.py took 0.100 seconds
[2026-09-23T19:42:17.279+0000] {processor.py:161} INFO - Started process (PID=480) to work on /opt/airflow/dags/wifi_pipeline_dag.py
[2026-09-23T19:42:17.280+0000] {processor.py:830} INFO - Processing file /opt/airflow/dags/wifi_pipeline_dag.py for tasks to queue
[2026-09-23T19:42:17.281+0000] {logging_mixin.py:188} INFO - [2026-09-23T19:42:17.281+0000] {dagbag.py:538} INFO - Filling up the DagBag from /opt/airflow/dags/wifi_pipeline_dag.py
[2026-09-23T19:42:17.293+0000] {processor.py:840} INFO - DAG(s) 'wifi_livre_sp_pipeline' retrieved from /opt/airflow/dags/wifi_pipeline_dag.py
[2026-09-23T19:42:17.324+0000] {logging_mixin.py:188} INFO - [2026-09-23T19:42:17.324+0000] {dag.py:3036} INFO - Sync 1 DAGs
[2026-09-23T19:42:17.346+0000] {logging_mixin.py:188} INFO - [2026-09-23T19:42:17.346+0000] {dag.py:3823} INFO - Setting next_dagrun for wifi_livre_sp_pipeline to 2026-09-23 00:00:00+00:00, run_after=2026-09-24 00:00:00+00:00
[2026-09-23T19:42:17.363+0000] {processor.py:183} INFO - Processing /opt/airflow/dags/wifi_pipeline_dag.py took 0.087 seconds
[2026-09-23T19:42:47.434+0000] {processor.py:161} INFO - Started process (PID=485) to work on /opt/airflow/dags/wifi_pipeline_dag.py
[2026-09-23T19:42:47.435+0000] {processor.py:830} INFO - Processing file /opt/airflow/dags/wifi_pipeline_dag.py for tasks to queue
[2026-09-23T19:42:47.436+0000] {logging_mixin.py:188} INFO - [2026-09-23T19:42:47.436+0000] {dagbag.py:538} INFO - Filling up the DagBag from /opt/airflow/dags/wifi_pipeline_dag.py
[2026-09-23T19:42:47.451+0000] {processor.py:840} INFO - DAG(s) 'wifi_livre_sp_pipeline' retrieved from /opt/airflow/dags/wifi_pipeline_dag.py
[2026-09-23T19:42:47.484+0000] {logging_mixin.py:188} INFO - [2026-09-23T19:42:47.484+0000] {dag.py:3036} INFO - Sync 1 DAGs
[2026-09-23T19:42:47.508+0000] {logging_mixin.py:188} INFO - [2026-09-23T19:42:47.508+0000] {dag.py:3823} INFO - Setting next_dagrun for wifi_livre_sp_pipeline to 2026-09-23 00:00:00+00:00, run_after=2026-09-24 00:00:00+00:00
[2026-09-23T19:42:47.526+0000] {processor.py:183} INFO - Processing /opt/airflow/dags/wifi_pipeline_dag.py took 0.096 seconds
[2026-09-23T19:43:17.582+0000] {processor.py:161} INFO - Started process (PID=490) to work on /opt/airflow/dags/wifi_pipeline_dag.py
[2026-09-23T19:43:17.583+0000] {processor.py:830} INFO - Processing file /opt/airflow/dags/wifi_pipeline_dag.py for tasks to queue
[2026-09-23T19:43:17.584+0000] {logging_mixin.py:188} INFO - [2026-09-23T19:43:17.583+0000] {dagbag.py:538} INFO - Filling up the DagBag from /opt/airflow/dags/wifi_pipeline_dag.py
[2026-09-23T19:43:17.597+0000] {processor.py:840} INFO - DAG(s) 'wifi_livre_sp_pipeline' retrieved from /opt/airflow/dags/wifi_pipeline_dag.py
[2026-09-23T19:43:17.625+0000] {logging_mixin.py:188} INFO - [2026-09-23T19:43:17.625+0000] {dag.py:3036} INFO - Sync 1 DAGs
[2026-09-23T19:43:17.648+0000] {logging_mixin.py:188} INFO - [2026-09-23T19:43:17.647+0000] {dag.py:3823} INFO - Setting next_dagrun for wifi_livre_sp_pipeline to 2026-09-23 00:00:00+00:00, run_after=2026-09-24 00:00:00+00:00
[2026-09-23T19:43:17.665+0000] {processor.py:183} INFO - Processing /opt/airflow/dags/wifi_pipeline_dag.py took 0.086 seconds
[2026-09-23T19:43:47.732+0000] {processor.py:161} INFO - Started process (PID=495) to work on /opt/airflow/dags/wifi_pipeline_dag.py
[2026-09-23T19:43:47.734+0000] {processor.py:830} INFO - Processing file /opt/airflow/dags/wifi_pipeline_dag.py for tasks to queue
[2026-09-23T19:43:47.735+0000] {logging_mixin.py:188} INFO - [2026-09-23T19:43:47.734+0000] {dagbag.py:538} INFO - Filling up the DagBag from /opt/airflow/dags/wifi_pipeline_dag.py
[2026-09-23T19:43:47.749+0000] {processor.py:840} INFO - DAG(s) 'wifi_livre_sp_pipeline' retrieved from /opt/airflow/dags/wifi_pipeline_dag.py
[2026-09-23T19:43:47.779+0000] {logging_mixin.py:188} INFO - [2026-09-23T19:43:47.779+0000] {dag.py:3036} INFO - Sync 1 DAGs
[2026-09-23T19:43:47.801+0000] {logging_mixin.py:188} INFO - [2026-09-23T19:43:47.801+0000] {dag.py:3823} INFO - Setting next_dagrun for wifi_livre_sp_pipeline to 2026-09-23 00:00:00+00:00, run_after=2026-09-24 00:00:00+00:00
[2026-09-23T19:43:47.820+0000] {processor.py:183} INFO - Processing /opt/airflow/dags/wifi_pipeline_dag.py took 0.092 seconds
[2026-09-23T19:44:17.879+0000] {processor.py:161} INFO - Started process (PID=500) to work on /opt/airflow/dags/wifi_pipeline_dag.py
[2026-09-23T19:44:17.880+0000] {processor.py:830} INFO - Processing file /opt/airflow/dags/wifi_pipeline_dag.py for tasks to queue
[2026-09-23T19:44:17.881+0000] {logging_mixin.py:188} INFO - [2026-09-23T19:44:17.881+0000] {dagbag.py:538} INFO - Filling up the DagBag from /opt/airflow/dags/wifi_pipeline_dag.py
[2026-09-23T19:44:17.896+0000] {processor.py:840} INFO - DAG(s) 'wifi_livre_sp_pipeline' retrieved from /opt/airflow/dags/wifi_pipeline_dag.py
[2026-09-23T19:44:17.931+0000] {logging_mixin.py:188} INFO - [2026-09-23T19:44:17.931+0000] {dag.py:3036} INFO - Sync 1 DAGs
[2026-09-23T19:44:17.957+0000] {logging_mixin.py:188} INFO - [2026-09-23T19:44:17.956+0000] {dag.py:3823} INFO - Setting next_dagrun for wifi_livre_sp_pipeline to 2026-09-23 00:00:00+00:00, run_after=2026-09-24 00:00:00+00:00
[2026-09-23T19:44:17.977+0000] {processor.py:183} INFO - Processing /opt/airflow/dags/wifi_pipeline_dag.py took 0.102 seconds
[2026-09-23T19:44:48.065+0000] {processor.py:161} INFO - Started process (PID=505) to work on /opt/airflow/dags/wifi_pipeline_dag.py
[2026-09-23T19:44:48.066+0000] {processor.py:830} INFO - Processing file /opt/airflow/dags/wifi_pipeline_dag.py for tasks to queue
[2026-09-23T19:44:48.067+0000] {logging_mixin.py:188} INFO - [2026-09-23T19:44:48.066+0000] {dagbag.py:538} INFO - Filling up the DagBag from /opt/airflow/dags/wifi_pipeline_dag.py
[2026-09-23T19:44:48.080+0000] {processor.py:840} INFO - DAG(s) 'wifi_livre_sp_pipeline' retrieved from /opt/airflow/dags/wifi_pipeline_dag.py
[2026-09-23T19:44:48.111+0000] {logging_mixin.py:188} INFO - [2026-09-23T19:44:48.111+0000] {dag.py:3036} INFO - Sync 1 DAGs
[2026-09-23T19:44:48.133+0000] {logging_mixin.py:188} INFO - [2026-09-23T19:44:48.133+0000] {dag.py:3823} INFO - Setting next_dagrun for wifi_livre_sp_pipeline to 2026-09-23 00:00:00+00:00, run_after=2026-09-24 00:00:00+00:00
[2026-09-23T19:44:48.150+0000] {processor.py:183} INFO - Processing /opt/airflow/dags/wifi_pipeline_dag.py took 0.089 seconds
[2026-09-23T19:45:18.200+0000] {processor.py:161} INFO - Started process (PID=510) to work on /opt/airflow/dags/wifi_pipeline_dag.py
[2026-09-23T19:45:18.201+0000] {processor.py:830} INFO - Processing file /opt/airflow/dags/wifi_pipeline_dag.py for tasks to queue
[2026-09-23T19:45:18.202+0000] {logging_mixin.py:188} INFO - [2026-09-23T19:45:18.201+0000] {dagbag.py:538} INFO - Filling up the DagBag from /opt/airflow/dags/wifi_pipeline_dag.py
[2026-09-23T19:45:18.213+0000] {processor.py:840} INFO - DAG(s) 'wifi_livre_sp_pipeline' retrieved from /opt/airflow/dags/wifi_pipeline_dag.py
[2026-09-23T19:45:18.242+0000] {logging_mixin.py:188} INFO - [2026-09-23T19:45:18.242+0000] {dag.py:3036} INFO - Sync 1 DAGs
[2026-09-23T19:45:18.263+0000] {logging_mixin.py:188} INFO - [2026-09-23T19:45:18.263+0000] {dag.py:3823} INFO - Setting next_dagrun for wifi_livre_sp_pipeline to 2026-09-23 00:00:00+00:00, run_after=2026-09-24 00:00:00+00:00
[2026-09-23T19:45:18.279+0000] {processor.py:183} INFO - Processing /opt/airflow/dags/wifi_pipeline_dag.py took 0.083 seconds
[2026-09-23T19:45:48.350+0000] {processor.py:161} INFO - Started process (PID=515) to work on /opt/airflow/dags/wifi_pipeline_dag.py
[2026-09-23T19:45:48.350+0000] {processor.py:830} INFO - Processing file /opt/airflow/dags/wifi_pipeline_dag.py for tasks to queue
[2026-09-23T19:45:48.351+0000] {logging_mixin.py:188} INFO - [2026-09-23T19:45:48.351+0000] {dagbag.py:538} INFO - Filling up the DagBag from /opt/airflow/dags/wifi_pipeline_dag.py
[2026-09-23T19:45:48.365+0000] {processor.py:840} INFO - DAG(s) 'wifi_livre_sp_pipeline' retrieved from /opt/airflow/dags/wifi_pipeline_dag.py
[2026-09-23T19:45:48.395+0000] {logging_mixin.py:188} INFO - [2026-09-23T19:45:48.394+0000] {dag.py:3036} INFO - Sync 1 DAGs
[2026-09-23T19:45:48.416+0000] {logging_mixin.py:188} INFO - [2026-09-23T19:45:48.416+0000] {dag.py:3823} INFO - Setting next_dagrun for wifi_livre_sp_pipeline to 2026-09-23 00:00:00+00:00, run_after=2026-09-24 00:00:00+00:00
[2026-09-23T19:45:48.432+0000] {processor.py:183} INFO - Processing /opt/airflow/dags/wifi_pipeline_dag.py took 0.086 seconds
[2026-09-23T19:46:18.491+0000] {processor.py:161} INFO - Started process (PID=520) to work on /opt/airflow/dags/wifi_pipeline_dag.py
[2026-09-23T19:46:18.492+0000] {processor.py:830} INFO - Processing file /opt/airflow/dags/wifi_pipeline_dag.py for tasks to queue
[2026-09-23T19:46:18.492+0000] {logging_mixin.py:188} INFO - [2026-09-23T19:46:18.492+0000] {dagbag.py:538} INFO - Filling up the DagBag from /opt/airflow/dags/wifi_pipeline_dag.py
[2026-09-23T19:46:18.504+0000] {processor.py:840} INFO - DAG(s) 'wifi_livre_sp_pipeline' retrieved from /opt/airflow/dags/wifi_pipeline_dag.py
[2026-09-23T19:46:18.535+0000] {logging_mixin.py:188} INFO - [2026-09-23T19:46:18.535+0000] {dag.py:3036} INFO - Sync 1 DAGs
[2026-09-23T19:46:18.557+0000] {logging_mixin.py:188} INFO - [2026-09-23T19:46:18.557+0000] {dag.py:3823} INFO - Setting next_dagrun for wifi_livre_sp_pipeline to 2026-09-23 00:00:00+00:00, run_after=2026-09-24 00:00:00+00:00
[2026-09-23T19:46:18.573+0000] {processor.py:183} INFO - Processing /opt/airflow/dags/wifi_pipeline_dag.py took 0.085 seconds
[2026-09-23T19:46:48.631+0000] {processor.py:161} INFO - Started process (PID=525) to work on /opt/airflow/dags/wifi_pipeline_dag.py
[2026-09-23T19:46:48.632+0000] {processor.py:830} INFO - Processing file /opt/airflow/dags/wifi_pipeline_dag.py for tasks to queue
[2026-09-23T19:46:48.633+0000] {logging_mixin.py:188} INFO - [2026-09-23T19:46:48.632+0000] {dagbag.py:538} INFO - Filling up the DagBag from /opt/airflow/dags/wifi_pipeline_dag.py
[2026-09-23T19:46:48.644+0000] {processor.py:840} INFO - DAG(s) 'wifi_livre_sp_pipeline' retrieved from /opt/airflow/dags/wifi_pipeline_dag.py
[2026-09-23T19:46:48.676+0000] {logging_mixin.py:188} INFO - [2026-09-23T19:46:48.675+0000] {dag.py:3036} INFO - Sync 1 DAGs
[2026-09-23T19:46:48.699+0000] {logging_mixin.py:188} INFO - [2026-09-23T19:46:48.699+0000] {dag.py:3823} INFO - Setting next_dagrun for wifi_livre_sp_pipeline to 2026-09-23 00:00:00+00:00, run_after=2026-09-24 00:00:00+00:00
[2026-09-23T19:46:48.715+0000] {processor.py:183} INFO - Processing /opt/airflow/dags/wifi_pipeline_dag.py took 0.088 seconds
[2026-09-23T19:47:18.771+0000] {processor.py:161} INFO - Started process (PID=530) to work on /opt/airflow/dags/wifi_pipeline_dag.py
[2026-09-23T19:47:18.772+0000] {processor.py:830} INFO - Processing file /opt/airflow/dags/wifi_pipeline_dag.py for tasks to queue
[2026-09-23T19:47:18.773+0000] {logging_mixin.py:188} INFO - [2026-09-23T19:47:18.773+0000] {dagbag.py:538} INFO - Filling up the DagBag from /opt/airflow/dags/wifi_pipeline_dag.py
[2026-09-23T19:47:18.785+0000] {processor.py:840} INFO - DAG(s) 'wifi_livre_sp_pipeline' retrieved from /opt/airflow/dags/wifi_pipeline_dag.py
[2026-09-23T19:47:18.815+0000] {logging_mixin.py:188} INFO - [2026-09-23T19:47:18.814+0000] {dag.py:3036} INFO - Sync 1 DAGs
[2026-09-23T19:47:18.836+0000] {logging_mixin.py:188} INFO - [2026-09-23T19:47:18.836+0000] {dag.py:3823} INFO - Setting next_dagrun for wifi_livre_sp_pipeline to 2026-09-23 00:00:00+00:00, run_after=2026-09-24 00:00:00+00:00
[2026-09-23T19:47:18.852+0000] {processor.py:183} INFO - Processing /opt/airflow/dags/wifi_pipeline_dag.py took 0.085 seconds
[2026-09-23T19:47:48.915+0000] {processor.py:161} INFO - Started process (PID=535) to work on /opt/airflow/dags/wifi_pipeline_dag.py
[2026-09-23T19:47:48.916+0000] {processor.py:830} INFO - Processing file /opt/airflow/dags/wifi_pipeline_dag.py for tasks to queue
[2026-09-23T19:47:48.917+0000] {logging_mixin.py:188} INFO - [2026-09-23T19:47:48.917+0000] {dagbag.py:538} INFO - Filling up the DagBag from /opt/airflow/dags/wifi_pipeline_dag.py
[2026-09-23T19:47:48.930+0000] {processor.py:840} INFO - DAG(s) 'wifi_livre_sp_pipeline' retrieved from /opt/airflow/dags/wifi_pipeline_dag.py
[2026-09-23T19:47:48.961+0000] {logging_mixin.py:188} INFO - [2026-09-23T19:47:48.960+0000] {dag.py:3036} INFO - Sync 1 DAGs
[2026-09-23T19:47:48.982+0000] {logging_mixin.py:188} INFO - [2026-09-23T19:47:48.982+0000] {dag.py:3823} INFO - Setting next_dagrun for wifi_livre_sp_pipeline to 2026-09-23 00:00:00+00:00, run_after=2026-09-24 00:00:00+00:00
[2026-09-23T19:47:48.998+0000] {processor.py:183} INFO - Processing /opt/airflow/dags/wifi_pipeline_dag.py took 0.085 seconds
[2026-09-23T19:48:19.090+0000] {processor.py:161} INFO - Started process (PID=540) to work on /opt/airflow/dags/wifi_pipeline_dag.py
[2026-09-23T19:48:19.093+0000] {processor.py:830} INFO - Processing file /opt/airflow/dags/wifi_pipeline_dag.py for tasks to queue
[2026-09-23T19:48:19.095+0000] {logging_mixin.py:188} INFO - [2026-09-23T19:48:19.094+0000] {dagbag.py:538} INFO - Filling up the DagBag from /opt/airflow/dags/wifi_pipeline_dag.py
[2026-09-23T19:48:19.134+0000] {processor.py:840} INFO - DAG(s) 'wifi_livre_sp_pipeline' retrieved from /opt/airflow/dags/wifi_pipeline_dag.py
[2026-09-23T19:48:19.223+0000] {logging_mixin.py:188} INFO - [2026-09-23T19:48:19.223+0000] {dag.py:3036} INFO - Sync 1 DAGs
[2026-09-23T19:48:19.288+0000] {logging_mixin.py:188} INFO - [2026-09-23T19:48:19.287+0000] {dag.py:3823} INFO - Setting next_dagrun for wifi_livre_sp_pipeline to 2026-09-23 00:00:00+00:00, run_after=2026-09-24 00:00:00+00:00
[2026-09-23T19:48:19.322+0000] {processor.py:183} INFO - Processing /opt/airflow/dags/wifi_pipeline_dag.py took 0.246 seconds
[2026-09-23T19:48:49.402+0000] {processor.py:161} INFO - Started process (PID=545) to work on /opt/airflow/dags/wifi_pipeline_dag.py
[2026-09-23T19:48:49.403+0000] {processor.py:830} INFO - Processing file /opt/airflow/dags/wifi_pipeline_dag.py for tasks to queue
[2026-09-23T19:48:49.404+0000] {logging_mixin.py:188} INFO - [2026-09-23T19:48:49.404+0000] {dagbag.py:538} INFO - Filling up the DagBag from /opt/airflow/dags/wifi_pipeline_dag.py
[2026-09-23T19:48:49.429+0000] {processor.py:840} INFO - DAG(s) 'wifi_livre_sp_pipeline' retrieved from /opt/airflow/dags/wifi_pipeline_dag.py
[2026-09-23T19:48:49.475+0000] {logging_mixin.py:188} INFO - [2026-09-23T19:48:49.474+0000] {dag.py:3036} INFO - Sync 1 DAGs
[2026-09-23T19:48:49.509+0000] {logging_mixin.py:188} INFO - [2026-09-23T19:48:49.508+0000] {dag.py:3823} INFO - Setting next_dagrun for wifi_livre_sp_pipeline to 2026-09-23 00:00:00+00:00, run_after=2026-09-24 00:00:00+00:00
[2026-09-23T19:48:49.533+0000] {processor.py:183} INFO - Processing /opt/airflow/dags/wifi_pipeline_dag.py took 0.137 seconds
[2026-09-23T19:49:19.595+0000] {processor.py:161} INFO - Started process (PID=550) to work on /opt/airflow/dags/wifi_pipeline_dag.py
[2026-09-23T19:49:19.597+0000] {processor.py:830} INFO - Processing file /opt/airflow/dags/wifi_pipeline_dag.py for tasks to queue
[2026-09-23T19:49:19.598+0000] {logging_mixin.py:188} INFO - [2026-09-23T19:49:19.598+0000] {dagbag.py:538} INFO - Filling up the DagBag from /opt/airflow/dags/wifi_pipeline_dag.py
[2026-09-23T19:49:19.615+0000] {processor.py:840} INFO - DAG(s) 'wifi_livre_sp_pipeline' retrieved from /opt/airflow/dags/wifi_pipeline_dag.py
[2026-09-23T19:49:19.685+0000] {logging_mixin.py:188} INFO - [2026-09-23T19:49:19.685+0000] {dag.py:3036} INFO - Sync 1 DAGs
[2026-09-23T19:49:19.728+0000] {logging_mixin.py:188} INFO - [2026-09-23T19:49:19.728+0000] {dag.py:3823} INFO - Setting next_dagrun for wifi_livre_sp_pipeline to 2026-09-23 00:00:00+00:00, run_after=2026-09-24 00:00:00+00:00
[2026-09-23T19:49:19.756+0000] {processor.py:183} INFO - Processing /opt/airflow/dags/wifi_pipeline_dag.py took 0.165 seconds
[2026-09-23T19:49:49.834+0000] {processor.py:161} INFO - Started process (PID=555) to work on /opt/airflow/dags/wifi_pipeline_dag.py
[2026-09-23T19:49:49.836+0000] {processor.py:830} INFO - Processing file /opt/airflow/dags/wifi_pipeline_dag.py for tasks to queue
[2026-09-23T19:49:49.837+0000] {logging_mixin.py:188} INFO - [2026-09-23T19:49:49.837+0000] {dagbag.py:538} INFO - Filling up the DagBag from /opt/airflow/dags/wifi_pipeline_dag.py
[2026-09-23T19:49:49.867+0000] {processor.py:840} INFO - DAG(s) 'wifi_livre_sp_pipeline' retrieved from /opt/airflow/dags/wifi_pipeline_dag.py
[2026-09-23T19:49:49.917+0000] {logging_mixin.py:188} INFO - [2026-09-23T19:49:49.917+0000] {dag.py:3036} INFO - Sync 1 DAGs
[2026-09-23T19:49:49.950+0000] {logging_mixin.py:188} INFO - [2026-09-23T19:49:49.950+0000] {dag.py:3823} INFO - Setting next_dagrun for wifi_livre_sp_pipeline to 2026-09-23 00:00:00+00:00, run_after=2026-09-24 00:00:00+00:00
[2026-09-23T19:49:49.967+0000] {processor.py:183} INFO - Processing /opt/airflow/dags/wifi_pipeline_dag.py took 0.138 seconds
[2026-09-23T19:50:20.020+0000] {processor.py:161} INFO - Started process (PID=560) to work on /opt/airflow/dags/wifi_pipeline_dag.py
[2026-09-23T19:50:20.023+0000] {processor.py:830} INFO - Processing file /opt/airflow/dags/wifi_pipeline_dag.py for tasks to queue
[2026-09-23T19:50:20.024+0000] {logging_mixin.py:188} INFO - [2026-09-23T19:50:20.024+0000] {dagbag.py:538} INFO - Filling up the DagBag from /opt/airflow/dags/wifi_pipeline_dag.py
[2026-09-23T19:50:20.040+0000] {processor.py:840} INFO - DAG(s) 'wifi_livre_sp_pipeline' retrieved from /opt/airflow/dags/wifi_pipeline_dag.py
[2026-09-23T19:50:20.096+0000] {logging_mixin.py:188} INFO - [2026-09-23T19:50:20.096+0000] {dag.py:3036} INFO - Sync 1 DAGs
[2026-09-23T19:50:20.132+0000] {logging_mixin.py:188} INFO - [2026-09-23T19:50:20.132+0000] {dag.py:3823} INFO - Setting next_dagrun for wifi_livre_sp_pipeline to 2026-09-23 00:00:00+00:00, run_after=2026-09-24 00:00:00+00:00
[2026-09-23T19:50:20.146+0000] {processor.py:183} INFO - Processing /opt/airflow/dags/wifi_pipeline_dag.py took 0.129 seconds
[2026-09-23T19:50:50.205+0000] {processor.py:161} INFO - Started process (PID=565) to work on /opt/airflow/dags/wifi_pipeline_dag.py
[2026-09-23T19:50:50.207+0000] {processor.py:830} INFO - Processing file /opt/airflow/dags/wifi_pipeline_dag.py for tasks to queue
[2026-09-23T19:50:50.208+0000] {logging_mixin.py:188} INFO - [2026-09-23T19:50:50.207+0000] {dagbag.py:538} INFO - Filling up the DagBag from /opt/airflow/dags/wifi_pipeline_dag.py
[2026-09-23T19:50:50.219+0000] {processor.py:840} INFO - DAG(s) 'wifi_livre_sp_pipeline' retrieved from /opt/airflow/dags/wifi_pipeline_dag.py
[2026-09-23T19:50:50.244+0000] {logging_mixin.py:188} INFO - [2026-09-23T19:50:50.244+0000] {dag.py:3036} INFO - Sync 1 DAGs
[2026-09-23T19:50:50.262+0000] {logging_mixin.py:188} INFO - [2026-09-23T19:50:50.262+0000] {dag.py:3823} INFO - Setting next_dagrun for wifi_livre_sp_pipeline to 2026-09-23 00:00:00+00:00, run_after=2026-09-24 00:00:00+00:00
[2026-09-23T19:50:50.284+0000] {processor.py:183} INFO - Processing /opt/airflow/dags/wifi_pipeline_dag.py took 0.082 seconds
[2026-09-23T19:51:20.320+0000] {processor.py:161} INFO - Started process (PID=570) to work on /opt/airflow/dags/wifi_pipeline_dag.py
[2026-09-23T19:51:20.321+0000] {processor.py:830} INFO - Processing file /opt/airflow/dags/wifi_pipeline_dag.py for tasks to queue
[2026-09-23T19:51:20.322+0000] {logging_mixin.py:188} INFO - [2026-09-23T19:51:20.322+0000] {dagbag.py:538} INFO - Filling up the DagBag from /opt/airflow/dags/wifi_pipeline_dag.py
[2026-09-23T19:51:20.339+0000] {processor.py:840} INFO - DAG(s) 'wifi_livre_sp_pipeline' retrieved from /opt/airflow/dags/wifi_pipeline_dag.py
[2026-09-23T19:51:20.373+0000] {logging_mixin.py:188} INFO - [2026-09-23T19:51:20.373+0000] {dag.py:3036} INFO - Sync 1 DAGs
[2026-09-23T19:51:20.402+0000] {logging_mixin.py:188} INFO - [2026-09-23T19:51:20.402+0000] {dag.py:3823} INFO - Setting next_dagrun for wifi_livre_sp_pipeline to 2026-09-23 00:00:00+00:00, run_after=2026-09-24 00:00:00+00:00
[2026-09-23T19:51:20.426+0000] {processor.py:183} INFO - Processing /opt/airflow/dags/wifi_pipeline_dag.py took 0.109 seconds
[2026-09-23T19:51:50.483+0000] {processor.py:161} INFO - Started process (PID=575) to work on /opt/airflow/dags/wifi_pipeline_dag.py
[2026-09-23T19:51:50.485+0000] {processor.py:830} INFO - Processing file /opt/airflow/dags/wifi_pipeline_dag.py for tasks to queue
[2026-09-23T19:51:50.486+0000] {logging_mixin.py:188} INFO - [2026-09-23T19:51:50.485+0000] {dagbag.py:538} INFO - Filling up the DagBag from /opt/airflow/dags/wifi_pipeline_dag.py
[2026-09-23T19:51:50.497+0000] {processor.py:840} INFO - DAG(s) 'wifi_livre_sp_pipeline' retrieved from /opt/airflow/dags/wifi_pipeline_dag.py
[2026-09-23T19:51:50.526+0000] {logging_mixin.py:188} INFO - [2026-09-23T19:51:50.526+0000] {dag.py:3036} INFO - Sync 1 DAGs
[2026-09-23T19:51:50.546+0000] {logging_mixin.py:188} INFO - [2026-09-23T19:51:50.546+0000] {dag.py:3823} INFO - Setting next_dagrun for wifi_livre_sp_pipeline to 2026-09-23 00:00:00+00:00, run_after=2026-09-24 00:00:00+00:00
[2026-09-23T19:51:50.565+0000] {processor.py:183} INFO - Processing /opt/airflow/dags/wifi_pipeline_dag.py took 0.085 seconds
[2026-09-23T19:52:20.618+0000] {processor.py:161} INFO - Started process (PID=580) to work on /opt/airflow/dags/wifi_pipeline_dag.py
[2026-09-23T19:52:20.620+0000] {processor.py:830} INFO - Processing file /opt/airflow/dags/wifi_pipeline_dag.py for tasks to queue
[2026-09-23T19:52:20.620+0000] {logging_mixin.py:188} INFO - [2026-09-23T19:52:20.620+0000] {dagbag.py:538} INFO - Filling up the DagBag from /opt/airflow/dags/wifi_pipeline_dag.py
[2026-09-23T19:52:20.635+0000] {processor.py:840} INFO - DAG(s) 'wifi_livre_sp_pipeline' retrieved from /opt/airflow/dags/wifi_pipeline_dag.py
[2026-09-23T19:52:20.665+0000] {logging_mixin.py:188} INFO - [2026-09-23T19:52:20.665+0000] {dag.py:3036} INFO - Sync 1 DAGs
[2026-09-23T19:52:20.683+0000] {logging_mixin.py:188} INFO - [2026-09-23T19:52:20.683+0000] {dag.py:3823} INFO - Setting next_dagrun for wifi_livre_sp_pipeline to 2026-09-23 00:00:00+00:00, run_after=2026-09-24 00:00:00+00:00
[2026-09-23T19:52:20.703+0000] {processor.py:183} INFO - Processing /opt/airflow/dags/wifi_pipeline_dag.py took 0.088 seconds
[2026-09-23T19:52:50.749+0000] {processor.py:161} INFO - Started process (PID=585) to work on /opt/airflow/dags/wifi_pipeline_dag.py
[2026-09-23T19:52:50.750+0000] {processor.py:830} INFO - Processing file /opt/airflow/dags/wifi_pipeline_dag.py for tasks to queue
[2026-09-23T19:52:50.752+0000] {logging_mixin.py:188} INFO - [2026-09-23T19:52:50.751+0000] {dagbag.py:538} INFO - Filling up the DagBag from /opt/airflow/dags/wifi_pipeline_dag.py
[2026-09-23T19:52:50.774+0000] {processor.py:840} INFO - DAG(s) 'wifi_livre_sp_pipeline' retrieved from /opt/airflow/dags/wifi_pipeline_dag.py
[2026-09-23T19:52:50.811+0000] {logging_mixin.py:188} INFO - [2026-09-23T19:52:50.811+0000] {dag.py:3036} INFO - Sync 1 DAGs
[2026-09-23T19:52:50.832+0000] {logging_mixin.py:188} INFO - [2026-09-23T19:52:50.832+0000] {dag.py:3823} INFO - Setting next_dagrun for wifi_livre_sp_pipeline to 2026-09-23 00:00:00+00:00, run_after=2026-09-24 00:00:00+00:00
[2026-09-23T19:52:50.846+0000] {processor.py:183} INFO - Processing /opt/airflow/dags/wifi_pipeline_dag.py took 0.100 seconds
[2026-09-23T19:53:20.924+0000] {processor.py:161} INFO - Started process (PID=590) to work on /opt/airflow/dags/wifi_pipeline_dag.py
[2026-09-23T19:53:20.925+0000] {processor.py:830} INFO - Processing file /opt/airflow/dags/wifi_pipeline_dag.py for tasks to queue
[2026-09-23T19:53:20.926+0000] {logging_mixin.py:188} INFO - [2026-09-23T19:53:20.926+0000] {dagbag.py:538} INFO - Filling up the DagBag from /opt/airflow/dags/wifi_pipeline_dag.py
[2026-09-23T19:53:20.941+0000] {processor.py:840} INFO - DAG(s) 'wifi_livre_sp_pipeline' retrieved from /opt/airflow/dags/wifi_pipeline_dag.py
[2026-09-23T19:53:20.969+0000] {logging_mixin.py:188} INFO - [2026-09-23T19:53:20.969+0000] {dag.py:3036} INFO - Sync 1 DAGs
[2026-09-23T19:53:20.987+0000] {logging_mixin.py:188} INFO - [2026-09-23T19:53:20.987+0000] {dag.py:3823} INFO - Setting next_dagrun for wifi_livre_sp_pipeline to 2026-09-23 00:00:00+00:00, run_after=2026-09-24 00:00:00+00:00
[2026-09-23T19:53:21.001+0000] {processor.py:183} INFO - Processing /opt/airflow/dags/wifi_pipeline_dag.py took 0.080 seconds
[2026-09-23T19:53:51.034+0000] {processor.py:161} INFO - Started process (PID=595) to work on /opt/airflow/dags/wifi_pipeline_dag.py
[2026-09-23T19:53:51.035+0000] {processor.py:830} INFO - Processing file /opt/airflow/dags/wifi_pipeline_dag.py for tasks to queue
[2026-09-23T19:53:51.036+0000] {logging_mixin.py:188} INFO - [2026-09-23T19:53:51.036+0000] {dagbag.py:538} INFO - Filling up the DagBag from /opt/airflow/dags/wifi_pipeline_dag.py
[2026-09-23T19:53:51.047+0000] {processor.py:840} INFO - DAG(s) 'wifi_livre_sp_pipeline' retrieved from /opt/airflow/dags/wifi_pipeline_dag.py
[2026-09-23T19:53:51.072+0000] {logging_mixin.py:188} INFO - [2026-09-23T19:53:51.072+0000] {dag.py:3036} INFO - Sync 1 DAGs
[2026-09-23T19:53:51.089+0000] {logging_mixin.py:188} INFO - [2026-09-23T19:53:51.089+0000] {dag.py:3823} INFO - Setting next_dagrun for wifi_livre_sp_pipeline to 2026-09-23 00:00:00+00:00, run_after=2026-09-24 00:00:00+00:00
[2026-09-23T19:53:51.102+0000] {processor.py:183} INFO - Processing /opt/airflow/dags/wifi_pipeline_dag.py took 0.072 seconds
[2026-09-23T19:54:21.141+0000] {processor.py:161} INFO - Started process (PID=600) to work on /opt/airflow/dags/wifi_pipeline_dag.py
[2026-09-23T19:54:21.143+0000] {processor.py:830} INFO - Processing file /opt/airflow/dags/wifi_pipeline_dag.py for tasks to queue
[2026-09-23T19:54:21.144+0000] {logging_mixin.py:188} INFO - [2026-09-23T19:54:21.143+0000] {dagbag.py:538} INFO - Filling up the DagBag from /opt/airflow/dags/wifi_pipeline_dag.py
[2026-09-23T19:54:21.161+0000] {processor.py:840} INFO - DAG(s) 'wifi_livre_sp_pipeline' retrieved from /opt/airflow/dags/wifi_pipeline_dag.py
[2026-09-23T19:54:21.190+0000] {logging_mixin.py:188} INFO - [2026-09-23T19:54:21.190+0000] {dag.py:3036} INFO - Sync 1 DAGs
[2026-09-23T19:54:21.208+0000] {logging_mixin.py:188} INFO - [2026-09-23T19:54:21.208+0000] {dag.py:3823} INFO - Setting next_dagrun for wifi_livre_sp_pipeline to 2026-09-23 00:00:00+00:00, run_after=2026-09-24 00:00:00+00:00
[2026-09-23T19:54:21.222+0000] {processor.py:183} INFO - Processing /opt/airflow/dags/wifi_pipeline_dag.py took 0.084 seconds
[2026-09-23T19:54:51.262+0000] {processor.py:161} INFO - Started process (PID=605) to work on /opt/airflow/dags/wifi_pipeline_dag.py
[2026-09-23T19:54:51.264+0000] {processor.py:830} INFO - Processing file /opt/airflow/dags/wifi_pipeline_dag.py for tasks to queue
[2026-09-23T19:54:51.265+0000] {logging_mixin.py:188} INFO - [2026-09-23T19:54:51.265+0000] {dagbag.py:538} INFO - Filling up the DagBag from /opt/airflow/dags/wifi_pipeline_dag.py
[2026-09-23T19:54:51.276+0000] {processor.py:840} INFO - DAG(s) 'wifi_livre_sp_pipeline' retrieved from /opt/airflow/dags/wifi_pipeline_dag.py
[2026-09-23T19:54:51.301+0000] {logging_mixin.py:188} INFO - [2026-09-23T19:54:51.301+0000] {dag.py:3036} INFO - Sync 1 DAGs
[2026-09-23T19:54:51.319+0000] {logging_mixin.py:188} INFO - [2026-09-23T19:54:51.319+0000] {dag.py:3823} INFO - Setting next_dagrun for wifi_livre_sp_pipeline to 2026-09-23 00:00:00+00:00, run_after=2026-09-24 00:00:00+00:00
[2026-09-23T19:54:51.333+0000] {processor.py:183} INFO - Processing /opt/airflow/dags/wifi_pipeline_dag.py took 0.074 seconds
[2026-09-23T19:55:21.376+0000] {processor.py:161} INFO - Started process (PID=610) to work on /opt/airflow/dags/wifi_pipeline_dag.py
[2026-09-23T19:55:21.377+0000] {processor.py:830} INFO - Processing file /opt/airflow/dags/wifi_pipeline_dag.py for tasks to queue
[2026-09-23T19:55:21.378+0000] {logging_mixin.py:188} INFO - [2026-09-23T19:55:21.378+0000] {dagbag.py:538} INFO - Filling up the DagBag from /opt/airflow/dags/wifi_pipeline_dag.py
[2026-09-23T19:55:21.394+0000] {processor.py:840} INFO - DAG(s) 'wifi_livre_sp_pipeline' retrieved from /opt/airflow/dags/wifi_pipeline_dag.py
[2026-09-23T19:55:21.425+0000] {logging_mixin.py:188} INFO - [2026-09-23T19:55:21.425+0000] {dag.py:3036} INFO - Sync 1 DAGs
[2026-09-23T19:55:21.444+0000] {logging_mixin.py:188} INFO - [2026-09-23T19:55:21.444+0000] {dag.py:3823} INFO - Setting next_dagrun for wifi_livre_sp_pipeline to 2026-09-23 00:00:00+00:00, run_after=2026-09-24 00:00:00+00:00
[2026-09-23T19:55:21.459+0000] {processor.py:183} INFO - Processing /opt/airflow/dags/wifi_pipeline_dag.py took 0.086 seconds
[2026-09-23T19:55:51.504+0000] {processor.py:161} INFO - Started process (PID=615) to work on /opt/airflow/dags/wifi_pipeline_dag.py
[2026-09-23T19:55:51.506+0000] {processor.py:830} INFO - Processing file /opt/airflow/dags/wifi_pipeline_dag.py for tasks to queue
[2026-09-23T19:55:51.507+0000] {logging_mixin.py:188} INFO - [2026-09-23T19:55:51.506+0000] {dagbag.py:538} INFO - Filling up the DagBag from /opt/airflow/dags/wifi_pipeline_dag.py
[2026-09-23T19:55:51.518+0000] {processor.py:840} INFO - DAG(s) 'wifi_livre_sp_pipeline' retrieved from /opt/airflow/dags/wifi_pipeline_dag.py
[2026-09-23T19:55:51.543+0000] {logging_mixin.py:188} INFO - [2026-09-23T19:55:51.542+0000] {dag.py:3036} INFO - Sync 1 DAGs
[2026-09-23T19:55:51.561+0000] {logging_mixin.py:188} INFO - [2026-09-23T19:55:51.560+0000] {dag.py:3823} INFO - Setting next_dagrun for wifi_livre_sp_pipeline to 2026-09-23 00:00:00+00:00, run_after=2026-09-24 00:00:00+00:00
[2026-09-23T19:55:51.575+0000] {processor.py:183} INFO - Processing /opt/airflow/dags/wifi_pipeline_dag.py took 0.073 seconds
[2026-09-23T19:56:22.569+0000] {processor.py:161} INFO - Started process (PID=620) to work on /opt/airflow/dags/wifi_pipeline_dag.py
[2026-09-23T19:56:22.570+0000] {processor.py:830} INFO - Processing file /opt/airflow/dags/wifi_pipeline_dag.py for tasks to queue
[2026-09-23T19:56:22.571+0000] {logging_mixin.py:188} INFO - [2026-09-23T19:56:22.571+0000] {dagbag.py:538} INFO - Filling up the DagBag from /opt/airflow/dags/wifi_pipeline_dag.py
[2026-09-23T19:56:22.587+0000] {processor.py:840} INFO - DAG(s) 'wifi_livre_sp_pipeline' retrieved from /opt/airflow/dags/wifi_pipeline_dag.py
[2026-09-23T19:56:22.616+0000] {logging_mixin.py:188} INFO - [2026-09-23T19:56:22.616+0000] {dag.py:3036} INFO - Sync 1 DAGs
[2026-09-23T19:56:22.637+0000] {logging_mixin.py:188} INFO - [2026-09-23T19:56:22.636+0000] {dag.py:3823} INFO - Setting next_dagrun for wifi_livre_sp_pipeline to 2026-09-23 00:00:00+00:00, run_after=2026-09-24 00:00:00+00:00
[2026-09-23T19:56:22.652+0000] {processor.py:183} INFO - Processing /opt/airflow/dags/wifi_pipeline_dag.py took 0.086 seconds
[2026-09-23T19:56:52.687+0000] {processor.py:161} INFO - Started process (PID=625) to work on /opt/airflow/dags/wifi_pipeline_dag.py
[2026-09-23T19:56:52.688+0000] {processor.py:830} INFO - Processing file /opt/airflow/dags/wifi_pipeline_dag.py for tasks to queue
[2026-09-23T19:56:52.689+0000] {logging_mixin.py:188} INFO - [2026-09-23T19:56:52.688+0000] {dagbag.py:538} INFO - Filling up the DagBag from /opt/airflow/dags/wifi_pipeline_dag.py
[2026-09-23T19:56:52.699+0000] {processor.py:840} INFO - DAG(s) 'wifi_livre_sp_pipeline' retrieved from /opt/airflow/dags/wifi_pipeline_dag.py
[2026-09-23T19:56:52.724+0000] {logging_mixin.py:188} INFO - [2026-09-23T19:56:52.723+0000] {dag.py:3036} INFO - Sync 1 DAGs
[2026-09-23T19:56:52.745+0000] {logging_mixin.py:188} INFO - [2026-09-23T19:56:52.744+0000] {dag.py:3823} INFO - Setting next_dagrun for wifi_livre_sp_pipeline to 2026-09-23 00:00:00+00:00, run_after=2026-09-24 00:00:00+00:00
[2026-09-23T19:56:52.759+0000] {processor.py:183} INFO - Processing /opt/airflow/dags/wifi_pipeline_dag.py took 0.075 seconds
[2026-09-23T19:57:22.795+0000] {processor.py:161} INFO - Started process (PID=630) to work on /opt/airflow/dags/wifi_pipeline_dag.py
[2026-09-23T19:57:22.796+0000] {processor.py:830} INFO - Processing file /opt/airflow/dags/wifi_pipeline_dag.py for tasks to queue
[2026-09-23T19:57:22.797+0000] {logging_mixin.py:188} INFO - [2026-09-23T19:57:22.797+0000] {dagbag.py:538} INFO - Filling up the DagBag from /opt/airflow/dags/wifi_pipeline_dag.py
[2026-09-23T19:57:22.812+0000] {processor.py:840} INFO - DAG(s) 'wifi_livre_sp_pipeline' retrieved from /opt/airflow/dags/wifi_pipeline_dag.py
[2026-09-23T19:57:22.844+0000] {logging_mixin.py:188} INFO - [2026-09-23T19:57:22.844+0000] {dag.py:3036} INFO - Sync 1 DAGs
[2026-09-23T19:57:22.864+0000] {logging_mixin.py:188} INFO - [2026-09-23T19:57:22.864+0000] {dag.py:3823} INFO - Setting next_dagrun for wifi_livre_sp_pipeline to 2026-09-23 00:00:00+00:00, run_after=2026-09-24 00:00:00+00:00
[2026-09-23T19:57:22.880+0000] {processor.py:183} INFO - Processing /opt/airflow/dags/wifi_pipeline_dag.py took 0.088 seconds
[2026-09-23T19:57:52.922+0000] {processor.py:161} INFO - Started process (PID=635) to work on /opt/airflow/dags/wifi_pipeline_dag.py
[2026-09-23T19:57:52.923+0000] {processor.py:830} INFO - Processing file /opt/airflow/dags/wifi_pipeline_dag.py for tasks to queue
[2026-09-23T19:57:52.924+0000] {logging_mixin.py:188} INFO - [2026-09-23T19:57:52.923+0000] {dagbag.py:538} INFO - Filling up the DagBag from /opt/airflow/dags/wifi_pipeline_dag.py
[2026-09-23T19:57:52.934+0000] {processor.py:840} INFO - DAG(s) 'wifi_livre_sp_pipeline' retrieved from /opt/airflow/dags/wifi_pipeline_dag.py
[2026-09-23T19:57:52.962+0000] {logging_mixin.py:188} INFO - [2026-09-23T19:57:52.962+0000] {dag.py:3036} INFO - Sync 1 DAGs
[2026-09-23T19:57:52.982+0000] {logging_mixin.py:188} INFO - [2026-09-23T19:57:52.982+0000] {dag.py:3823} INFO - Setting next_dagrun for wifi_livre_sp_pipeline to 2026-09-23 00:00:00+00:00, run_after=2026-09-24 00:00:00+00:00
[2026-09-23T19:57:52.996+0000] {processor.py:183} INFO - Processing /opt/airflow/dags/wifi_pipeline_dag.py took 0.078 seconds
[2026-09-23T19:58:23.986+0000] {processor.py:161} INFO - Started process (PID=640) to work on /opt/airflow/dags/wifi_pipeline_dag.py
[2026-09-23T19:58:23.988+0000] {processor.py:830} INFO - Processing file /opt/airflow/dags/wifi_pipeline_dag.py for tasks to queue
[2026-09-23T19:58:23.989+0000] {logging_mixin.py:188} INFO - [2026-09-23T19:58:23.989+0000] {dagbag.py:538} INFO - Filling up the DagBag from /opt/airflow/dags/wifi_pipeline_dag.py
[2026-09-23T19:58:24.004+0000] {processor.py:840} INFO - DAG(s) 'wifi_livre_sp_pipeline' retrieved from /opt/airflow/dags/wifi_pipeline_dag.py
[2026-09-23T19:58:24.036+0000] {logging_mixin.py:188} INFO - [2026-09-23T19:58:24.036+0000] {dag.py:3036} INFO - Sync 1 DAGs
[2026-09-23T19:58:24.056+0000] {logging_mixin.py:188} INFO - [2026-09-23T19:58:24.056+0000] {dag.py:3823} INFO - Setting next_dagrun for wifi_livre_sp_pipeline to 2026-09-23 00:00:00+00:00, run_after=2026-09-24 00:00:00+00:00
[2026-09-23T19:58:24.074+0000] {processor.py:183} INFO - Processing /opt/airflow/dags/wifi_pipeline_dag.py took 0.090 seconds
[2026-09-23T19:58:54.108+0000] {processor.py:161} INFO - Started process (PID=645) to work on /opt/airflow/dags/wifi_pipeline_dag.py
[2026-09-23T19:58:54.108+0000] {processor.py:830} INFO - Processing file /opt/airflow/dags/wifi_pipeline_dag.py for tasks to queue
[2026-09-23T19:58:54.109+0000] {logging_mixin.py:188} INFO - [2026-09-23T19:58:54.109+0000] {dagbag.py:538} INFO - Filling up the DagBag from /opt/airflow/dags/wifi_pipeline_dag.py
[2026-09-23T19:58:54.122+0000] {processor.py:840} INFO - DAG(s) 'wifi_livre_sp_pipeline' retrieved from /opt/airflow/dags/wifi_pipeline_dag.py
[2026-09-23T19:58:54.153+0000] {logging_mixin.py:188} INFO - [2026-09-23T19:58:54.153+0000] {dag.py:3036} INFO - Sync 1 DAGs
[2026-09-23T19:58:54.176+0000] {logging_mixin.py:188} INFO - [2026-09-23T19:58:54.176+0000] {dag.py:3823} INFO - Setting next_dagrun for wifi_livre_sp_pipeline to 2026-09-23 00:00:00+00:00, run_after=2026-09-24 00:00:00+00:00
[2026-09-23T19:58:54.194+0000] {processor.py:183} INFO - Processing /opt/airflow/dags/wifi_pipeline_dag.py took 0.089 seconds
[2026-09-23T19:59:24.234+0000] {processor.py:161} INFO - Started process (PID=650) to work on /opt/airflow/dags/wifi_pipeline_dag.py
[2026-09-23T19:59:24.235+0000] {processor.py:830} INFO - Processing file /opt/airflow/dags/wifi_pipeline_dag.py for tasks to queue
[2026-09-23T19:59:24.236+0000] {logging_mixin.py:188} INFO - [2026-09-23T19:59:24.236+0000] {dagbag.py:538} INFO - Filling up the DagBag from /opt/airflow/dags/wifi_pipeline_dag.py
[2026-09-23T19:59:24.251+0000] {processor.py:840} INFO - DAG(s) 'wifi_livre_sp_pipeline' retrieved from /opt/airflow/dags/wifi_pipeline_dag.py
[2026-09-23T19:59:24.282+0000] {logging_mixin.py:188} INFO - [2026-09-23T19:59:24.281+0000] {dag.py:3036} INFO - Sync 1 DAGs
[2026-09-23T19:59:24.302+0000] {logging_mixin.py:188} INFO - [2026-09-23T19:59:24.302+0000] {dag.py:3823} INFO - Setting next_dagrun for wifi_livre_sp_pipeline to 2026-09-23 00:00:00+00:00, run_after=2026-09-24 00:00:00+00:00
[2026-09-23T19:59:24.318+0000] {processor.py:183} INFO - Processing /opt/airflow/dags/wifi_pipeline_dag.py took 0.088 seconds
[2026-09-23T19:59:54.360+0000] {processor.py:161} INFO - Started process (PID=655) to work on /opt/airflow/dags/wifi_pipeline_dag.py
[2026-09-23T19:59:54.362+0000] {processor.py:830} INFO - Processing file /opt/airflow/dags/wifi_pipeline_dag.py for tasks to queue
[2026-09-23T19:59:54.363+0000] {logging_mixin.py:188} INFO - [2026-09-23T19:59:54.362+0000] {dagbag.py:538} INFO - Filling up the DagBag from /opt/airflow/dags/wifi_pipeline_dag.py
[2026-09-23T19:59:54.374+0000] {processor.py:840} INFO - DAG(s) 'wifi_livre_sp_pipeline' retrieved from /opt/airflow/dags/wifi_pipeline_dag.py
[2026-09-23T19:59:54.401+0000] {logging_mixin.py:188} INFO - [2026-09-23T19:59:54.400+0000] {dag.py:3036} INFO - Sync 1 DAGs
[2026-09-23T19:59:54.418+0000] {logging_mixin.py:188} INFO - [2026-09-23T19:59:54.418+0000] {dag.py:3823} INFO - Setting next_dagrun for wifi_livre_sp_pipeline to 2026-09-23 00:00:00+00:00, run_after=2026-09-24 00:00:00+00:00
[2026-09-23T19:59:54.432+0000] {processor.py:183} INFO - Processing /opt/airflow/dags/wifi_pipeline_dag.py took 0.076 seconds
[2026-09-23T20:00:25.377+0000] {processor.py:161} INFO - Started process (PID=660) to work on /opt/airflow/dags/wifi_pipeline_dag.py
[2026-09-23T20:00:25.378+0000] {processor.py:830} INFO - Processing file /opt/airflow/dags/wifi_pipeline_dag.py for tasks to queue
[2026-09-23T20:00:25.379+0000] {logging_mixin.py:188} INFO - [2026-09-23T20:00:25.379+0000] {dagbag.py:538} INFO - Filling up the DagBag from /opt/airflow/dags/wifi_pipeline_dag.py
[2026-09-23T20:00:25.394+0000] {processor.py:840} INFO - DAG(s) 'wifi_livre_sp_pipeline' retrieved from /opt/airflow/dags/wifi_pipeline_dag.py
[2026-09-23T20:00:25.422+0000] {logging_mixin.py:188} INFO - [2026-09-23T20:00:25.421+0000] {dag.py:3036} INFO - Sync 1 DAGs
[2026-09-23T20:00:25.444+0000] {logging_mixin.py:188} INFO - [2026-09-23T20:00:25.443+0000] {dag.py:3823} INFO - Setting next_dagrun for wifi_livre_sp_pipeline to 2026-09-23 00:00:00+00:00, run_after=2026-09-24 00:00:00+00:00
[2026-09-23T20:00:25.461+0000] {processor.py:183} INFO - Processing /opt/airflow/dags/wifi_pipeline_dag.py took 0.088 seconds
[2026-09-23T20:00:55.497+0000] {processor.py:161} INFO - Started process (PID=665) to work on /opt/airflow/dags/wifi_pipeline_dag.py
[2026-09-23T20:00:55.498+0000] {processor.py:830} INFO - Processing file /opt/airflow/dags/wifi_pipeline_dag.py for tasks to queue
[2026-09-23T20:00:55.498+0000] {logging_mixin.py:188} INFO - [2026-09-23T20:00:55.498+0000] {dagbag.py:538} INFO - Filling up the DagBag from /opt/airflow/dags/wifi_pipeline_dag.py
[2026-09-23T20:00:55.509+0000] {processor.py:840} INFO - DAG(s) 'wifi_livre_sp_pipeline' retrieved from /opt/airflow/dags/wifi_pipeline_dag.py
[2026-09-23T20:00:55.536+0000] {logging_mixin.py:188} INFO - [2026-09-23T20:00:55.536+0000] {dag.py:3036} INFO - Sync 1 DAGs
[2026-09-23T20:00:55.556+0000] {logging_mixin.py:188} INFO - [2026-09-23T20:00:55.556+0000] {dag.py:3823} INFO - Setting next_dagrun for wifi_livre_sp_pipeline to 2026-09-23 00:00:00+00:00, run_after=2026-09-24 00:00:00+00:00
[2026-09-23T20:00:55.570+0000] {processor.py:183} INFO - Processing /opt/airflow/dags/wifi_pipeline_dag.py took 0.076 seconds
[2026-09-23T20:01:26.548+0000] {processor.py:161} INFO - Started process (PID=670) to work on /opt/airflow/dags/wifi_pipeline_dag.py
[2026-09-23T20:01:26.556+0000] {processor.py:830} INFO - Processing file /opt/airflow/dags/wifi_pipeline_dag.py for tasks to queue
[2026-09-23T20:01:26.557+0000] {logging_mixin.py:188} INFO - [2026-09-23T20:01:26.557+0000] {dagbag.py:538} INFO - Filling up the DagBag from /opt/airflow/dags/wifi_pipeline_dag.py
[2026-09-23T20:01:26.571+0000] {processor.py:840} INFO - DAG(s) 'wifi_livre_sp_pipeline' retrieved from /opt/airflow/dags/wifi_pipeline_dag.py
[2026-09-23T20:01:26.611+0000] {logging_mixin.py:188} INFO - [2026-09-23T20:01:26.611+0000] {dag.py:3036} INFO - Sync 1 DAGs
[2026-09-23T20:01:26.631+0000] {logging_mixin.py:188} INFO - [2026-09-23T20:01:26.631+0000] {dag.py:3823} INFO - Setting next_dagrun for wifi_livre_sp_pipeline to 2026-09-23 00:00:00+00:00, run_after=2026-09-24 00:00:00+00:00
[2026-09-23T20:01:26.653+0000] {processor.py:183} INFO - Processing /opt/airflow/dags/wifi_pipeline_dag.py took 0.109 seconds
[2026-09-23T20:01:57.640+0000] {processor.py:161} INFO - Started process (PID=675) to work on /opt/airflow/dags/wifi_pipeline_dag.py
[2026-09-23T20:01:57.641+0000] {processor.py:830} INFO - Processing file /opt/airflow/dags/wifi_pipeline_dag.py for tasks to queue
[2026-09-23T20:01:57.642+0000] {logging_mixin.py:188} INFO - [2026-09-23T20:01:57.642+0000] {dagbag.py:538} INFO - Filling up the DagBag from /opt/airflow/dags/wifi_pipeline_dag.py
[2026-09-23T20:01:57.654+0000] {processor.py:840} INFO - DAG(s) 'wifi_livre_sp_pipeline' retrieved from /opt/airflow/dags/wifi_pipeline_dag.py
[2026-09-23T20:01:57.681+0000] {logging_mixin.py:188} INFO - [2026-09-23T20:01:57.681+0000] {dag.py:3036} INFO - Sync 1 DAGs
[2026-09-23T20:01:57.702+0000] {logging_mixin.py:188} INFO - [2026-09-23T20:01:57.702+0000] {dag.py:3823} INFO - Setting next_dagrun for wifi_livre_sp_pipeline to 2026-09-23 00:00:00+00:00, run_after=2026-09-24 00:00:00+00:00
[2026-09-23T20:01:57.717+0000] {processor.py:183} INFO - Processing /opt/airflow/dags/wifi_pipeline_dag.py took 0.081 seconds
[2026-09-23T20:02:27.753+0000] {processor.py:161} INFO - Started process (PID=680) to work on /opt/airflow/dags/wifi_pipeline_dag.py
[2026-09-23T20:02:27.754+0000] {processor.py:830} INFO - Processing file /opt/airflow/dags/wifi_pipeline_dag.py for tasks to queue
[2026-09-23T20:02:27.755+0000] {logging_mixin.py:188} INFO - [2026-09-23T20:02:27.754+0000] {dagbag.py:538} INFO - Filling up the DagBag from /opt/airflow/dags/wifi_pipeline_dag.py
[2026-09-23T20:02:27.771+0000] {processor.py:840} INFO - DAG(s) 'wifi_livre_sp_pipeline' retrieved from /opt/airflow/dags/wifi_pipeline_dag.py
[2026-09-23T20:02:27.805+0000] {logging_mixin.py:188} INFO - [2026-09-23T20:02:27.805+0000] {dag.py:3036} INFO - Sync 1 DAGs
[2026-09-23T20:02:27.827+0000] {logging_mixin.py:188} INFO - [2026-09-23T20:02:27.827+0000] {dag.py:3823} INFO - Setting next_dagrun for wifi_livre_sp_pipeline to 2026-09-23 00:00:00+00:00, run_after=2026-09-24 00:00:00+00:00
[2026-09-23T20:02:27.845+0000] {processor.py:183} INFO - Processing /opt/airflow/dags/wifi_pipeline_dag.py took 0.096 seconds
[2026-09-23T20:02:57.888+0000] {processor.py:161} INFO - Started process (PID=685) to work on /opt/airflow/dags/wifi_pipeline_dag.py
[2026-09-23T20:02:57.889+0000] {processor.py:830} INFO - Processing file /opt/airflow/dags/wifi_pipeline_dag.py for tasks to queue
[2026-09-23T20:02:57.890+0000] {logging_mixin.py:188} INFO - [2026-09-23T20:02:57.890+0000] {dagbag.py:538} INFO - Filling up the DagBag from /opt/airflow/dags/wifi_pipeline_dag.py
[2026-09-23T20:02:57.901+0000] {processor.py:840} INFO - DAG(s) 'wifi_livre_sp_pipeline' retrieved from /opt/airflow/dags/wifi_pipeline_dag.py
[2026-09-23T20:02:57.929+0000] {logging_mixin.py:188} INFO - [2026-09-23T20:02:57.929+0000] {dag.py:3036} INFO - Sync 1 DAGs
[2026-09-23T20:02:57.949+0000] {logging_mixin.py:188} INFO - [2026-09-23T20:02:57.948+0000] {dag.py:3823} INFO - Setting next_dagrun for wifi_livre_sp_pipeline to 2026-09-23 00:00:00+00:00, run_after=2026-09-24 00:00:00+00:00
[2026-09-23T20:02:57.962+0000] {processor.py:183} INFO - Processing /opt/airflow/dags/wifi_pipeline_dag.py took 0.078 seconds
[2026-09-23T20:03:27.997+0000] {processor.py:161} INFO - Started process (PID=690) to work on /opt/airflow/dags/wifi_pipeline_dag.py
[2026-09-23T20:03:27.998+0000] {processor.py:830} INFO - Processing file /opt/airflow/dags/wifi_pipeline_dag.py for tasks to queue
[2026-09-23T20:03:27.999+0000] {logging_mixin.py:188} INFO - [2026-09-23T20:03:27.999+0000] {dagbag.py:538} INFO - Filling up the DagBag from /opt/airflow/dags/wifi_pipeline_dag.py
[2026-09-23T20:03:28.014+0000] {processor.py:840} INFO - DAG(s) 'wifi_livre_sp_pipeline' retrieved from /opt/airflow/dags/wifi_pipeline_dag.py
[2026-09-23T20:03:28.044+0000] {logging_mixin.py:188} INFO - [2026-09-23T20:03:28.043+0000] {dag.py:3036} INFO - Sync 1 DAGs
[2026-09-23T20:03:28.063+0000] {logging_mixin.py:188} INFO - [2026-09-23T20:03:28.063+0000] {dag.py:3823} INFO - Setting next_dagrun for wifi_livre_sp_pipeline to 2026-09-23 00:00:00+00:00, run_after=2026-09-24 00:00:00+00:00
[2026-09-23T20:03:28.079+0000] {processor.py:183} INFO - Processing /opt/airflow/dags/wifi_pipeline_dag.py took 0.085 seconds
[2026-09-23T20:03:58.110+0000] {processor.py:161} INFO - Started process (PID=695) to work on /opt/airflow/dags/wifi_pipeline_dag.py
[2026-09-23T20:03:58.112+0000] {processor.py:830} INFO - Processing file /opt/airflow/dags/wifi_pipeline_dag.py for tasks to queue
[2026-09-23T20:03:58.112+0000] {logging_mixin.py:188} INFO - [2026-09-23T20:03:58.112+0000] {dagbag.py:538} INFO - Filling up the DagBag from /opt/airflow/dags/wifi_pipeline_dag.py
[2026-09-23T20:03:58.124+0000] {processor.py:840} INFO - DAG(s) 'wifi_livre_sp_pipeline' retrieved from /opt/airflow/dags/wifi_pipeline_dag.py
[2026-09-23T20:03:58.152+0000] {logging_mixin.py:188} INFO - [2026-09-23T20:03:58.151+0000] {dag.py:3036} INFO - Sync 1 DAGs
[2026-09-23T20:03:58.171+0000] {logging_mixin.py:188} INFO - [2026-09-23T20:03:58.170+0000] {dag.py:3823} INFO - Setting next_dagrun for wifi_livre_sp_pipeline to 2026-09-23 00:00:00+00:00, run_after=2026-09-24 00:00:00+00:00
[2026-09-23T20:03:58.186+0000] {processor.py:183} INFO - Processing /opt/airflow/dags/wifi_pipeline_dag.py took 0.079 seconds
[2026-09-23T20:04:29.145+0000] {processor.py:161} INFO - Started process (PID=700) to work on /opt/airflow/dags/wifi_pipeline_dag.py
[2026-09-23T20:04:29.147+0000] {processor.py:830} INFO - Processing file /opt/airflow/dags/wifi_pipeline_dag.py for tasks to queue
[2026-09-23T20:04:29.148+0000] {logging_mixin.py:188} INFO - [2026-09-23T20:04:29.147+0000] {dagbag.py:538} INFO - Filling up the DagBag from /opt/airflow/dags/wifi_pipeline_dag.py
[2026-09-23T20:04:29.165+0000] {processor.py:840} INFO - DAG(s) 'wifi_livre_sp_pipeline' retrieved from /opt/airflow/dags/wifi_pipeline_dag.py
[2026-09-23T20:04:29.197+0000] {logging_mixin.py:188} INFO - [2026-09-23T20:04:29.197+0000] {dag.py:3036} INFO - Sync 1 DAGs
[2026-09-23T20:04:29.218+0000] {logging_mixin.py:188} INFO - [2026-09-23T20:04:29.218+0000] {dag.py:3823} INFO - Setting next_dagrun for wifi_livre_sp_pipeline to 2026-09-23 00:00:00+00:00, run_after=2026-09-24 00:00:00+00:00
[2026-09-23T20:04:29.233+0000] {processor.py:183} INFO - Processing /opt/airflow/dags/wifi_pipeline_dag.py took 0.091 seconds
[2026-09-23T20:04:59.263+0000] {processor.py:161} INFO - Started process (PID=705) to work on /opt/airflow/dags/wifi_pipeline_dag.py
[2026-09-23T20:04:59.264+0000] {processor.py:830} INFO - Processing file /opt/airflow/dags/wifi_pipeline_dag.py for tasks to queue
[2026-09-23T20:04:59.265+0000] {logging_mixin.py:188} INFO - [2026-09-23T20:04:59.264+0000] {dagbag.py:538} INFO - Filling up the DagBag from /opt/airflow/dags/wifi_pipeline_dag.py
[2026-09-23T20:04:59.278+0000] {processor.py:840} INFO - DAG(s) 'wifi_livre_sp_pipeline' retrieved from /opt/airflow/dags/wifi_pipeline_dag.py
[2026-09-23T20:04:59.304+0000] {logging_mixin.py:188} INFO - [2026-09-23T20:04:59.304+0000] {dag.py:3036} INFO - Sync 1 DAGs
[2026-09-23T20:04:59.324+0000] {logging_mixin.py:188} INFO - [2026-09-23T20:04:59.323+0000] {dag.py:3823} INFO - Setting next_dagrun for wifi_livre_sp_pipeline to 2026-09-23 00:00:00+00:00, run_after=2026-09-24 00:00:00+00:00
[2026-09-23T20:04:59.338+0000] {processor.py:183} INFO - Processing /opt/airflow/dags/wifi_pipeline_dag.py took 0.079 seconds
[2026-09-23T20:05:29.379+0000] {processor.py:161} INFO - Started process (PID=710) to work on /opt/airflow/dags/wifi_pipeline_dag.py
[2026-09-23T20:05:29.382+0000] {processor.py:830} INFO - Processing file /opt/airflow/dags/wifi_pipeline_dag.py for tasks to queue
[2026-09-23T20:05:29.383+0000] {logging_mixin.py:188} INFO - [2026-09-23T20:05:29.383+0000] {dagbag.py:538} INFO - Filling up the DagBag from /opt/airflow/dags/wifi_pipeline_dag.py
[2026-09-23T20:05:29.410+0000] {processor.py:840} INFO - DAG(s) 'wifi_livre_sp_pipeline' retrieved from /opt/airflow/dags/wifi_pipeline_dag.py
[2026-09-23T20:05:29.461+0000] {logging_mixin.py:188} INFO - [2026-09-23T20:05:29.460+0000] {dag.py:3036} INFO - Sync 1 DAGs
[2026-09-23T20:05:29.495+0000] {logging_mixin.py:188} INFO - [2026-09-23T20:05:29.495+0000] {dag.py:3823} INFO - Setting next_dagrun for wifi_livre_sp_pipeline to 2026-09-23 00:00:00+00:00, run_after=2026-09-24 00:00:00+00:00
[2026-09-23T20:05:29.521+0000] {processor.py:183} INFO - Processing /opt/airflow/dags/wifi_pipeline_dag.py took 0.147 seconds
[2026-09-23T20:05:59.585+0000] {processor.py:161} INFO - Started process (PID=715) to work on /opt/airflow/dags/wifi_pipeline_dag.py
[2026-09-23T20:05:59.586+0000] {processor.py:830} INFO - Processing file /opt/airflow/dags/wifi_pipeline_dag.py for tasks to queue
[2026-09-23T20:05:59.587+0000] {logging_mixin.py:188} INFO - [2026-09-23T20:05:59.587+0000] {dagbag.py:538} INFO - Filling up the DagBag from /opt/airflow/dags/wifi_pipeline_dag.py
[2026-09-23T20:05:59.600+0000] {processor.py:840} INFO - DAG(s) 'wifi_livre_sp_pipeline' retrieved from /opt/airflow/dags/wifi_pipeline_dag.py
[2026-09-23T20:05:59.631+0000] {logging_mixin.py:188} INFO - [2026-09-23T20:05:59.631+0000] {dag.py:3036} INFO - Sync 1 DAGs
[2026-09-23T20:05:59.654+0000] {logging_mixin.py:188} INFO - [2026-09-23T20:05:59.653+0000] {dag.py:3823} INFO - Setting next_dagrun for wifi_livre_sp_pipeline to 2026-09-23 00:00:00+00:00, run_after=2026-09-24 00:00:00+00:00
[2026-09-23T20:05:59.670+0000] {processor.py:183} INFO - Processing /opt/airflow/dags/wifi_pipeline_dag.py took 0.089 seconds
[2026-09-23T20:06:29.724+0000] {processor.py:161} INFO - Started process (PID=720) to work on /opt/airflow/dags/wifi_pipeline_dag.py
[2026-09-23T20:06:29.726+0000] {processor.py:830} INFO - Processing file /opt/airflow/dags/wifi_pipeline_dag.py for tasks to queue
[2026-09-23T20:06:29.727+0000] {logging_mixin.py:188} INFO - [2026-09-23T20:06:29.727+0000] {dagbag.py:538} INFO - Filling up the DagBag from /opt/airflow/dags/wifi_pipeline_dag.py
[2026-09-23T20:06:29.752+0000] {processor.py:840} INFO - DAG(s) 'wifi_livre_sp_pipeline' retrieved from /opt/airflow/dags/wifi_pipeline_dag.py
[2026-09-23T20:06:29.797+0000] {logging_mixin.py:188} INFO - [2026-09-23T20:06:29.796+0000] {dag.py:3036} INFO - Sync 1 DAGs
[2026-09-23T20:06:29.824+0000] {logging_mixin.py:188} INFO - [2026-09-23T20:06:29.824+0000] {dag.py:3823} INFO - Setting next_dagrun for wifi_livre_sp_pipeline to 2026-09-23 00:00:00+00:00, run_after=2026-09-24 00:00:00+00:00
[2026-09-23T20:06:29.843+0000] {processor.py:183} INFO - Processing /opt/airflow/dags/wifi_pipeline_dag.py took 0.125 seconds
[2026-09-23T20:06:59.891+0000] {processor.py:161} INFO - Started process (PID=725) to work on /opt/airflow/dags/wifi_pipeline_dag.py
[2026-09-23T20:06:59.892+0000] {processor.py:830} INFO - Processing file /opt/airflow/dags/wifi_pipeline_dag.py for tasks to queue
[2026-09-23T20:06:59.892+0000] {logging_mixin.py:188} INFO - [2026-09-23T20:06:59.892+0000] {dagbag.py:538} INFO - Filling up the DagBag from /opt/airflow/dags/wifi_pipeline_dag.py
[2026-09-23T20:06:59.906+0000] {processor.py:840} INFO - DAG(s) 'wifi_livre_sp_pipeline' retrieved from /opt/airflow/dags/wifi_pipeline_dag.py
[2026-09-23T20:06:59.935+0000] {logging_mixin.py:188} INFO - [2026-09-23T20:06:59.934+0000] {dag.py:3036} INFO - Sync 1 DAGs
[2026-09-23T20:06:59.960+0000] {logging_mixin.py:188} INFO - [2026-09-23T20:06:59.960+0000] {dag.py:3823} INFO - Setting next_dagrun for wifi_livre_sp_pipeline to 2026-09-23 00:00:00+00:00, run_after=2026-09-24 00:00:00+00:00
[2026-09-23T20:06:59.981+0000] {processor.py:183} INFO - Processing /opt/airflow/dags/wifi_pipeline_dag.py took 0.094 seconds
[2026-09-23T20:07:30.017+0000] {processor.py:161} INFO - Started process (PID=730) to work on /opt/airflow/dags/wifi_pipeline_dag.py
[2026-09-23T20:07:30.018+0000] {processor.py:830} INFO - Processing file /opt/airflow/dags/wifi_pipeline_dag.py for tasks to queue
[2026-09-23T20:07:30.019+0000] {logging_mixin.py:188} INFO - [2026-09-23T20:07:30.019+0000] {dagbag.py:538} INFO - Filling up the DagBag from /opt/airflow/dags/wifi_pipeline_dag.py
[2026-09-23T20:07:30.040+0000] {processor.py:840} INFO - DAG(s) 'wifi_livre_sp_pipeline' retrieved from /opt/airflow/dags/wifi_pipeline_dag.py
[2026-09-23T20:07:30.082+0000] {logging_mixin.py:188} INFO - [2026-09-23T20:07:30.082+0000] {dag.py:3036} INFO - Sync 1 DAGs
[2026-09-23T20:07:30.122+0000] {logging_mixin.py:188} INFO - [2026-09-23T20:07:30.121+0000] {dag.py:3823} INFO - Setting next_dagrun for wifi_livre_sp_pipeline to 2026-09-23 00:00:00+00:00, run_after=2026-09-24 00:00:00+00:00
[2026-09-23T20:07:30.156+0000] {processor.py:183} INFO - Processing /opt/airflow/dags/wifi_pipeline_dag.py took 0.143 seconds
[2026-09-23T20:08:00.238+0000] {processor.py:161} INFO - Started process (PID=735) to work on /opt/airflow/dags/wifi_pipeline_dag.py
[2026-09-23T20:08:00.239+0000] {processor.py:830} INFO - Processing file /opt/airflow/dags/wifi_pipeline_dag.py for tasks to queue
[2026-09-23T20:08:00.241+0000] {logging_mixin.py:188} INFO - [2026-09-23T20:08:00.240+0000] {dagbag.py:538} INFO - Filling up the DagBag from /opt/airflow/dags/wifi_pipeline_dag.py
[2026-09-23T20:08:00.259+0000] {processor.py:840} INFO - DAG(s) 'wifi_livre_sp_pipeline' retrieved from /opt/airflow/dags/wifi_pipeline_dag.py
[2026-09-23T20:08:00.292+0000] {logging_mixin.py:188} INFO - [2026-09-23T20:08:00.292+0000] {dag.py:3036} INFO - Sync 1 DAGs
[2026-09-23T20:08:00.318+0000] {logging_mixin.py:188} INFO - [2026-09-23T20:08:00.318+0000] {dag.py:3823} INFO - Setting next_dagrun for wifi_livre_sp_pipeline to 2026-09-23 00:00:00+00:00, run_after=2026-09-24 00:00:00+00:00
[2026-09-23T20:08:00.340+0000] {processor.py:183} INFO - Processing /opt/airflow/dags/wifi_pipeline_dag.py took 0.108 seconds
[2026-09-23T20:08:30.396+0000] {processor.py:161} INFO - Started process (PID=740) to work on /opt/airflow/dags/wifi_pipeline_dag.py
[2026-09-23T20:08:30.398+0000] {processor.py:830} INFO - Processing file /opt/airflow/dags/wifi_pipeline_dag.py for tasks to queue
[2026-09-23T20:08:30.398+0000] {logging_mixin.py:188} INFO - [2026-09-23T20:08:30.398+0000] {dagbag.py:538} INFO - Filling up the DagBag from /opt/airflow/dags/wifi_pipeline_dag.py
[2026-09-23T20:08:30.413+0000] {processor.py:840} INFO - DAG(s) 'wifi_livre_sp_pipeline' retrieved from /opt/airflow/dags/wifi_pipeline_dag.py
[2026-09-23T20:08:30.442+0000] {logging_mixin.py:188} INFO - [2026-09-23T20:08:30.442+0000] {dag.py:3036} INFO - Sync 1 DAGs
[2026-09-23T20:08:30.465+0000] {logging_mixin.py:188} INFO - [2026-09-23T20:08:30.464+0000] {dag.py:3823} INFO - Setting next_dagrun for wifi_livre_sp_pipeline to 2026-09-23 00:00:00+00:00, run_after=2026-09-24 00:00:00+00:00
[2026-09-23T20:08:30.490+0000] {processor.py:183} INFO - Processing /opt/airflow/dags/wifi_pipeline_dag.py took 0.097 seconds
[2026-09-23T20:09:00.537+0000] {processor.py:161} INFO - Started process (PID=745) to work on /opt/airflow/dags/wifi_pipeline_dag.py
[2026-09-23T20:09:00.537+0000] {processor.py:830} INFO - Processing file /opt/airflow/dags/wifi_pipeline_dag.py for tasks to queue
[2026-09-23T20:09:00.538+0000] {logging_mixin.py:188} INFO - [2026-09-23T20:09:00.538+0000] {dagbag.py:538} INFO - Filling up the DagBag from /opt/airflow/dags/wifi_pipeline_dag.py
[2026-09-23T20:09:00.552+0000] {processor.py:840} INFO - DAG(s) 'wifi_livre_sp_pipeline' retrieved from /opt/airflow/dags/wifi_pipeline_dag.py
[2026-09-23T20:09:00.583+0000] {logging_mixin.py:188} INFO - [2026-09-23T20:09:00.582+0000] {dag.py:3036} INFO - Sync 1 DAGs
[2026-09-23T20:09:00.606+0000] {logging_mixin.py:188} INFO - [2026-09-23T20:09:00.606+0000] {dag.py:3823} INFO - Setting next_dagrun for wifi_livre_sp_pipeline to 2026-09-23 00:00:00+00:00, run_after=2026-09-24 00:00:00+00:00
[2026-09-23T20:09:00.627+0000] {processor.py:183} INFO - Processing /opt/airflow/dags/wifi_pipeline_dag.py took 0.093 seconds
[2026-09-23T20:09:30.660+0000] {processor.py:161} INFO - Started process (PID=750) to work on /opt/airflow/dags/wifi_pipeline_dag.py
[2026-09-23T20:09:30.662+0000] {processor.py:830} INFO - Processing file /opt/airflow/dags/wifi_pipeline_dag.py for tasks to queue
[2026-09-23T20:09:30.663+0000] {logging_mixin.py:188} INFO - [2026-09-23T20:09:30.663+0000] {dagbag.py:538} INFO - Filling up the DagBag from /opt/airflow/dags/wifi_pipeline_dag.py
[2026-09-23T20:09:30.675+0000] {processor.py:840} INFO - DAG(s) 'wifi_livre_sp_pipeline' retrieved from /opt/airflow/dags/wifi_pipeline_dag.py
[2026-09-23T20:09:30.708+0000] {logging_mixin.py:188} INFO - [2026-09-23T20:09:30.708+0000] {dag.py:3036} INFO - Sync 1 DAGs
[2026-09-23T20:09:30.733+0000] {logging_mixin.py:188} INFO - [2026-09-23T20:09:30.733+0000] {dag.py:3823} INFO - Setting next_dagrun for wifi_livre_sp_pipeline to 2026-09-23 00:00:00+00:00, run_after=2026-09-24 00:00:00+00:00
[2026-09-23T20:09:30.755+0000] {processor.py:183} INFO - Processing /opt/airflow/dags/wifi_pipeline_dag.py took 0.098 seconds
[2026-09-23T20:10:00.812+0000] {processor.py:161} INFO - Started process (PID=755) to work on /opt/airflow/dags/wifi_pipeline_dag.py
[2026-09-23T20:10:00.813+0000] {processor.py:830} INFO - Processing file /opt/airflow/dags/wifi_pipeline_dag.py for tasks to queue
[2026-09-23T20:10:00.814+0000] {logging_mixin.py:188} INFO - [2026-09-23T20:10:00.814+0000] {dagbag.py:538} INFO - Filling up the DagBag from /opt/airflow/dags/wifi_pipeline_dag.py
[2026-09-23T20:10:00.826+0000] {processor.py:840} INFO - DAG(s) 'wifi_livre_sp_pipeline' retrieved from /opt/airflow/dags/wifi_pipeline_dag.py
[2026-09-23T20:10:00.855+0000] {logging_mixin.py:188} INFO - [2026-09-23T20:10:00.855+0000] {dag.py:3036} INFO - Sync 1 DAGs
[2026-09-23T20:10:00.875+0000] {logging_mixin.py:188} INFO - [2026-09-23T20:10:00.875+0000] {dag.py:3823} INFO - Setting next_dagrun for wifi_livre_sp_pipeline to 2026-09-23 00:00:00+00:00, run_after=2026-09-24 00:00:00+00:00
[2026-09-23T20:10:00.891+0000] {processor.py:183} INFO - Processing /opt/airflow/dags/wifi_pipeline_dag.py took 0.082 seconds
[2026-09-23T20:10:30.935+0000] {processor.py:161} INFO - Started process (PID=760) to work on /opt/airflow/dags/wifi_pipeline_dag.py
[2026-09-23T20:10:30.936+0000] {processor.py:830} INFO - Processing file /opt/airflow/dags/wifi_pipeline_dag.py for tasks to queue
[2026-09-23T20:10:30.937+0000] {logging_mixin.py:188} INFO - [2026-09-23T20:10:30.937+0000] {dagbag.py:538} INFO - Filling up the DagBag from /opt/airflow/dags/wifi_pipeline_dag.py
[2026-09-23T20:10:30.948+0000] {processor.py:840} INFO - DAG(s) 'wifi_livre_sp_pipeline' retrieved from /opt/airflow/dags/wifi_pipeline_dag.py
[2026-09-23T20:10:30.976+0000] {logging_mixin.py:188} INFO - [2026-09-23T20:10:30.976+0000] {dag.py:3036} INFO - Sync 1 DAGs
[2026-09-23T20:10:30.997+0000] {logging_mixin.py:188} INFO - [2026-09-23T20:10:30.997+0000] {dag.py:3823} INFO - Setting next_dagrun for wifi_livre_sp_pipeline to 2026-09-23 00:00:00+00:00, run_after=2026-09-24 00:00:00+00:00
[2026-09-23T20:10:31.012+0000] {processor.py:183} INFO - Processing /opt/airflow/dags/wifi_pipeline_dag.py took 0.081 seconds
[2026-09-23T20:11:01.051+0000] {processor.py:161} INFO - Started process (PID=765) to work on /opt/airflow/dags/wifi_pipeline_dag.py
[2026-09-23T20:11:01.052+0000] {processor.py:830} INFO - Processing file /opt/airflow/dags/wifi_pipeline_dag.py for tasks to queue
[2026-09-23T20:11:01.053+0000] {logging_mixin.py:188} INFO - [2026-09-23T20:11:01.052+0000] {dagbag.py:538} INFO - Filling up the DagBag from /opt/airflow/dags/wifi_pipeline_dag.py
[2026-09-23T20:11:01.065+0000] {processor.py:840} INFO - DAG(s) 'wifi_livre_sp_pipeline' retrieved from /opt/airflow/dags/wifi_pipeline_dag.py
[2026-09-23T20:11:01.096+0000] {logging_mixin.py:188} INFO - [2026-09-23T20:11:01.096+0000] {dag.py:3036} INFO - Sync 1 DAGs
[2026-09-23T20:11:01.118+0000] {logging_mixin.py:188} INFO - [2026-09-23T20:11:01.118+0000] {dag.py:3823} INFO - Setting next_dagrun for wifi_livre_sp_pipeline to 2026-09-23 00:00:00+00:00, run_after=2026-09-24 00:00:00+00:00
[2026-09-23T20:11:01.135+0000] {processor.py:183} INFO - Processing /opt/airflow/dags/wifi_pipeline_dag.py took 0.087 seconds
[2026-09-23T20:11:31.163+0000] {processor.py:161} INFO - Started process (PID=770) to work on /opt/airflow/dags/wifi_pipeline_dag.py
[2026-09-23T20:11:31.165+0000] {processor.py:830} INFO - Processing file /opt/airflow/dags/wifi_pipeline_dag.py for tasks to queue
[2026-09-23T20:11:31.166+0000] {logging_mixin.py:188} INFO - [2026-09-23T20:11:31.165+0000] {dagbag.py:538} INFO - Filling up the DagBag from /opt/airflow/dags/wifi_pipeline_dag.py
[2026-09-23T20:11:31.178+0000] {processor.py:840} INFO - DAG(s) 'wifi_livre_sp_pipeline' retrieved from /opt/airflow/dags/wifi_pipeline_dag.py
[2026-09-23T20:11:31.207+0000] {logging_mixin.py:188} INFO - [2026-09-23T20:11:31.207+0000] {dag.py:3036} INFO - Sync 1 DAGs
[2026-09-23T20:11:31.230+0000] {logging_mixin.py:188} INFO - [2026-09-23T20:11:31.229+0000] {dag.py:3823} INFO - Setting next_dagrun for wifi_livre_sp_pipeline to 2026-09-23 00:00:00+00:00, run_after=2026-09-24 00:00:00+00:00
[2026-09-23T20:11:31.249+0000] {processor.py:183} INFO - Processing /opt/airflow/dags/wifi_pipeline_dag.py took 0.089 seconds
[2026-09-23T20:12:01.297+0000] {processor.py:161} INFO - Started process (PID=775) to work on /opt/airflow/dags/wifi_pipeline_dag.py
[2026-09-23T20:12:01.298+0000] {processor.py:830} INFO - Processing file /opt/airflow/dags/wifi_pipeline_dag.py for tasks to queue
[2026-09-23T20:12:01.298+0000] {logging_mixin.py:188} INFO - [2026-09-23T20:12:01.298+0000] {dagbag.py:538} INFO - Filling up the DagBag from /opt/airflow/dags/wifi_pipeline_dag.py
[2026-09-23T20:12:01.309+0000] {processor.py:840} INFO - DAG(s) 'wifi_livre_sp_pipeline' retrieved from /opt/airflow/dags/wifi_pipeline_dag.py
[2026-09-23T20:12:01.338+0000] {logging_mixin.py:188} INFO - [2026-09-23T20:12:01.337+0000] {dag.py:3036} INFO - Sync 1 DAGs
[2026-09-23T20:12:01.358+0000] {logging_mixin.py:188} INFO - [2026-09-23T20:12:01.358+0000] {dag.py:3823} INFO - Setting next_dagrun for wifi_livre_sp_pipeline to 2026-09-23 00:00:00+00:00, run_after=2026-09-24 00:00:00+00:00
[2026-09-23T20:12:01.379+0000] {processor.py:183} INFO - Processing /opt/airflow/dags/wifi_pipeline_dag.py took 0.085 seconds
[2026-09-23T20:12:31.431+0000] {processor.py:161} INFO - Started process (PID=780) to work on /opt/airflow/dags/wifi_pipeline_dag.py
[2026-09-23T20:12:31.432+0000] {processor.py:830} INFO - Processing file /opt/airflow/dags/wifi_pipeline_dag.py for tasks to queue
[2026-09-23T20:12:31.433+0000] {logging_mixin.py:188} INFO - [2026-09-23T20:12:31.433+0000] {dagbag.py:538} INFO - Filling up the DagBag from /opt/airflow/dags/wifi_pipeline_dag.py
[2026-09-23T20:12:31.444+0000] {processor.py:840} INFO - DAG(s) 'wifi_livre_sp_pipeline' retrieved from /opt/airflow/dags/wifi_pipeline_dag.py
[2026-09-23T20:12:31.471+0000] {logging_mixin.py:188} INFO - [2026-09-23T20:12:31.471+0000] {dag.py:3036} INFO - Sync 1 DAGs
[2026-09-23T20:12:31.492+0000] {logging_mixin.py:188} INFO - [2026-09-23T20:12:31.492+0000] {dag.py:3823} INFO - Setting next_dagrun for wifi_livre_sp_pipeline to 2026-09-23 00:00:00+00:00, run_after=2026-09-24 00:00:00+00:00
[2026-09-23T20:12:31.507+0000] {processor.py:183} INFO - Processing /opt/airflow/dags/wifi_pipeline_dag.py took 0.079 seconds
[2026-09-23T20:13:01.550+0000] {processor.py:161} INFO - Started process (PID=785) to work on /opt/airflow/dags/wifi_pipeline_dag.py
[2026-09-23T20:13:01.551+0000] {processor.py:830} INFO - Processing file /opt/airflow/dags/wifi_pipeline_dag.py for tasks to queue
[2026-09-23T20:13:01.552+0000] {logging_mixin.py:188} INFO - [2026-09-23T20:13:01.551+0000] {dagbag.py:538} INFO - Filling up the DagBag from /opt/airflow/dags/wifi_pipeline_dag.py
[2026-09-23T20:13:01.568+0000] {processor.py:840} INFO - DAG(s) 'wifi_livre_sp_pipeline' retrieved from /opt/airflow/dags/wifi_pipeline_dag.py
[2026-09-23T20:13:01.602+0000] {logging_mixin.py:188} INFO - [2026-09-23T20:13:01.601+0000] {dag.py:3036} INFO - Sync 1 DAGs
[2026-09-23T20:13:01.626+0000] {logging_mixin.py:188} INFO - [2026-09-23T20:13:01.626+0000] {dag.py:3823} INFO - Setting next_dagrun for wifi_livre_sp_pipeline to 2026-09-23 00:00:00+00:00, run_after=2026-09-24 00:00:00+00:00
[2026-09-23T20:13:01.644+0000] {processor.py:183} INFO - Processing /opt/airflow/dags/wifi_pipeline_dag.py took 0.099 seconds
[2026-09-23T20:13:31.697+0000] {processor.py:161} INFO - Started process (PID=790) to work on /opt/airflow/dags/wifi_pipeline_dag.py
[2026-09-23T20:13:31.699+0000] {processor.py:830} INFO - Processing file /opt/airflow/dags/wifi_pipeline_dag.py for tasks to queue
[2026-09-23T20:13:31.700+0000] {logging_mixin.py:188} INFO - [2026-09-23T20:13:31.700+0000] {dagbag.py:538} INFO - Filling up the DagBag from /opt/airflow/dags/wifi_pipeline_dag.py
[2026-09-23T20:13:31.716+0000] {processor.py:840} INFO - DAG(s) 'wifi_livre_sp_pipeline' retrieved from /opt/airflow/dags/wifi_pipeline_dag.py
[2026-09-23T20:13:31.752+0000] {logging_mixin.py:188} INFO - [2026-09-23T20:13:31.751+0000] {dag.py:3036} INFO - Sync 1 DAGs
[2026-09-23T20:13:31.782+0000] {logging_mixin.py:188} INFO - [2026-09-23T20:13:31.781+0000] {dag.py:3823} INFO - Setting next_dagrun for wifi_livre_sp_pipeline to 2026-09-23 00:00:00+00:00, run_after=2026-09-24 00:00:00+00:00
[2026-09-23T20:13:31.805+0000] {processor.py:183} INFO - Processing /opt/airflow/dags/wifi_pipeline_dag.py took 0.112 seconds
[2026-09-23T20:14:01.860+0000] {processor.py:161} INFO - Started process (PID=795) to work on /opt/airflow/dags/wifi_pipeline_dag.py
[2026-09-23T20:14:01.862+0000] {processor.py:830} INFO - Processing file /opt/airflow/dags/wifi_pipeline_dag.py for tasks to queue
[2026-09-23T20:14:01.863+0000] {logging_mixin.py:188} INFO - [2026-09-23T20:14:01.863+0000] {dagbag.py:538} INFO - Filling up the DagBag from /opt/airflow/dags/wifi_pipeline_dag.py
[2026-09-23T20:14:01.875+0000] {processor.py:840} INFO - DAG(s) 'wifi_livre_sp_pipeline' retrieved from /opt/airflow/dags/wifi_pipeline_dag.py
[2026-09-23T20:14:01.904+0000] {logging_mixin.py:188} INFO - [2026-09-23T20:14:01.904+0000] {dag.py:3036} INFO - Sync 1 DAGs
[2026-09-23T20:14:01.929+0000] {logging_mixin.py:188} INFO - [2026-09-23T20:14:01.929+0000] {dag.py:3823} INFO - Setting next_dagrun for wifi_livre_sp_pipeline to 2026-09-23 00:00:00+00:00, run_after=2026-09-24 00:00:00+00:00
[2026-09-23T20:14:01.950+0000] {processor.py:183} INFO - Processing /opt/airflow/dags/wifi_pipeline_dag.py took 0.094 seconds
[2026-09-23T20:14:31.996+0000] {processor.py:161} INFO - Started process (PID=800) to work on /opt/airflow/dags/wifi_pipeline_dag.py
[2026-09-23T20:14:31.997+0000] {processor.py:830} INFO - Processing file /opt/airflow/dags/wifi_pipeline_dag.py for tasks to queue
[2026-09-23T20:14:31.998+0000] {logging_mixin.py:188} INFO - [2026-09-23T20:14:31.998+0000] {dagbag.py:538} INFO - Filling up the DagBag from /opt/airflow/dags/wifi_pipeline_dag.py
[2026-09-23T20:14:32.008+0000] {processor.py:840} INFO - DAG(s) 'wifi_livre_sp_pipeline' retrieved from /opt/airflow/dags/wifi_pipeline_dag.py
[2026-09-23T20:14:32.036+0000] {logging_mixin.py:188} INFO - [2026-09-23T20:14:32.036+0000] {dag.py:3036} INFO - Sync 1 DAGs
[2026-09-23T20:14:32.057+0000] {logging_mixin.py:188} INFO - [2026-09-23T20:14:32.056+0000] {dag.py:3823} INFO - Setting next_dagrun for wifi_livre_sp_pipeline to 2026-09-23 00:00:00+00:00, run_after=2026-09-24 00:00:00+00:00
[2026-09-23T20:14:32.071+0000] {processor.py:183} INFO - Processing /opt/airflow/dags/wifi_pipeline_dag.py took 0.080 seconds
[2026-09-23T20:15:02.103+0000] {processor.py:161} INFO - Started process (PID=805) to work on /opt/airflow/dags/wifi_pipeline_dag.py
[2026-09-23T20:15:02.105+0000] {processor.py:830} INFO - Processing file /opt/airflow/dags/wifi_pipeline_dag.py for tasks to queue
[2026-09-23T20:15:02.105+0000] {logging_mixin.py:188} INFO - [2026-09-23T20:15:02.105+0000] {dagbag.py:538} INFO - Filling up the DagBag from /opt/airflow/dags/wifi_pipeline_dag.py
[2026-09-23T20:15:02.118+0000] {processor.py:840} INFO - DAG(s) 'wifi_livre_sp_pipeline' retrieved from /opt/airflow/dags/wifi_pipeline_dag.py
[2026-09-23T20:15:02.149+0000] {logging_mixin.py:188} INFO - [2026-09-23T20:15:02.148+0000] {dag.py:3036} INFO - Sync 1 DAGs
[2026-09-23T20:15:02.176+0000] {logging_mixin.py:188} INFO - [2026-09-23T20:15:02.175+0000] {dag.py:3823} INFO - Setting next_dagrun for wifi_livre_sp_pipeline to 2026-09-23 00:00:00+00:00, run_after=2026-09-24 00:00:00+00:00
[2026-09-23T20:15:02.197+0000] {processor.py:183} INFO - Processing /opt/airflow/dags/wifi_pipeline_dag.py took 0.098 seconds
[2026-09-23T20:15:32.257+0000] {processor.py:161} INFO - Started process (PID=810) to work on /opt/airflow/dags/wifi_pipeline_dag.py
[2026-09-23T20:15:32.259+0000] {processor.py:830} INFO - Processing file /opt/airflow/dags/wifi_pipeline_dag.py for tasks to queue
[2026-09-23T20:15:32.260+0000] {logging_mixin.py:188} INFO - [2026-09-23T20:15:32.260+0000] {dagbag.py:538} INFO - Filling up the DagBag from /opt/airflow/dags/wifi_pipeline_dag.py
[2026-09-23T20:15:32.274+0000] {processor.py:840} INFO - DAG(s) 'wifi_livre_sp_pipeline' retrieved from /opt/airflow/dags/wifi_pipeline_dag.py
[2026-09-23T20:15:32.307+0000] {logging_mixin.py:188} INFO - [2026-09-23T20:15:32.306+0000] {dag.py:3036} INFO - Sync 1 DAGs
[2026-09-23T20:15:32.331+0000] {logging_mixin.py:188} INFO - [2026-09-23T20:15:32.331+0000] {dag.py:3823} INFO - Setting next_dagrun for wifi_livre_sp_pipeline to 2026-09-23 00:00:00+00:00, run_after=2026-09-24 00:00:00+00:00
[2026-09-23T20:15:32.351+0000] {processor.py:183} INFO - Processing /opt/airflow/dags/wifi_pipeline_dag.py took 0.097 seconds
[2026-09-23T20:16:02.393+0000] {processor.py:161} INFO - Started process (PID=815) to work on /opt/airflow/dags/wifi_pipeline_dag.py
[2026-09-23T20:16:02.395+0000] {processor.py:830} INFO - Processing file /opt/airflow/dags/wifi_pipeline_dag.py for tasks to queue
[2026-09-23T20:16:02.396+0000] {logging_mixin.py:188} INFO - [2026-09-23T20:16:02.396+0000] {dagbag.py:538} INFO - Filling up the DagBag from /opt/airflow/dags/wifi_pipeline_dag.py
[2026-09-23T20:16:02.412+0000] {processor.py:840} INFO - DAG(s) 'wifi_livre_sp_pipeline' retrieved from /opt/airflow/dags/wifi_pipeline_dag.py
[2026-09-23T20:16:02.450+0000] {logging_mixin.py:188} INFO - [2026-09-23T20:16:02.450+0000] {dag.py:3036} INFO - Sync 1 DAGs
[2026-09-23T20:16:02.477+0000] {logging_mixin.py:188} INFO - [2026-09-23T20:16:02.477+0000] {dag.py:3823} INFO - Setting next_dagrun for wifi_livre_sp_pipeline to 2026-09-23 00:00:00+00:00, run_after=2026-09-24 00:00:00+00:00
[2026-09-23T20:16:02.500+0000] {processor.py:183} INFO - Processing /opt/airflow/dags/wifi_pipeline_dag.py took 0.110 seconds
[2026-09-23T20:16:32.562+0000] {processor.py:161} INFO - Started process (PID=820) to work on /opt/airflow/dags/wifi_pipeline_dag.py
[2026-09-23T20:16:32.564+0000] {processor.py:830} INFO - Processing file /opt/airflow/dags/wifi_pipeline_dag.py for tasks to queue
[2026-09-23T20:16:32.565+0000] {logging_mixin.py:188} INFO - [2026-09-23T20:16:32.565+0000] {dagbag.py:538} INFO - Filling up the DagBag from /opt/airflow/dags/wifi_pipeline_dag.py
[2026-09-23T20:16:32.579+0000] {processor.py:840} INFO - DAG(s) 'wifi_livre_sp_pipeline' retrieved from /opt/airflow/dags/wifi_pipeline_dag.py
[2026-09-23T20:16:32.619+0000] {logging_mixin.py:188} INFO - [2026-09-23T20:16:32.619+0000] {dag.py:3036} INFO - Sync 1 DAGs
[2026-09-23T20:16:32.646+0000] {logging_mixin.py:188} INFO - [2026-09-23T20:16:32.646+0000] {dag.py:3823} INFO - Setting next_dagrun for wifi_livre_sp_pipeline to 2026-09-23 00:00:00+00:00, run_after=2026-09-24 00:00:00+00:00
[2026-09-23T20:16:32.665+0000] {processor.py:183} INFO - Processing /opt/airflow/dags/wifi_pipeline_dag.py took 0.107 seconds
[2026-09-23T20:17:02.720+0000] {processor.py:161} INFO - Started process (PID=825) to work on /opt/airflow/dags/wifi_pipeline_dag.py
[2026-09-23T20:17:02.722+0000] {processor.py:830} INFO - Processing file /opt/airflow/dags/wifi_pipeline_dag.py for tasks to queue
[2026-09-23T20:17:02.723+0000] {logging_mixin.py:188} INFO - [2026-09-23T20:17:02.722+0000] {dagbag.py:538} INFO - Filling up the DagBag from /opt/airflow/dags/wifi_pipeline_dag.py
[2026-09-23T20:17:02.736+0000] {processor.py:840} INFO - DAG(s) 'wifi_livre_sp_pipeline' retrieved from /opt/airflow/dags/wifi_pipeline_dag.py
[2026-09-23T20:17:02.774+0000] {logging_mixin.py:188} INFO - [2026-09-23T20:17:02.774+0000] {dag.py:3036} INFO - Sync 1 DAGs
[2026-09-23T20:17:02.803+0000] {logging_mixin.py:188} INFO - [2026-09-23T20:17:02.803+0000] {dag.py:3823} INFO - Setting next_dagrun for wifi_livre_sp_pipeline to 2026-09-23 00:00:00+00:00, run_after=2026-09-24 00:00:00+00:00
[2026-09-23T20:17:02.826+0000] {processor.py:183} INFO - Processing /opt/airflow/dags/wifi_pipeline_dag.py took 0.111 seconds
[2026-09-23T20:17:32.881+0000] {processor.py:161} INFO - Started process (PID=830) to work on /opt/airflow/dags/wifi_pipeline_dag.py
[2026-09-23T20:17:32.883+0000] {processor.py:830} INFO - Processing file /opt/airflow/dags/wifi_pipeline_dag.py for tasks to queue
[2026-09-23T20:17:32.884+0000] {logging_mixin.py:188} INFO - [2026-09-23T20:17:32.883+0000] {dagbag.py:538} INFO - Filling up the DagBag from /opt/airflow/dags/wifi_pipeline_dag.py
[2026-09-23T20:17:32.898+0000] {processor.py:840} INFO - DAG(s) 'wifi_livre_sp_pipeline' retrieved from /opt/airflow/dags/wifi_pipeline_dag.py
[2026-09-23T20:17:32.928+0000] {logging_mixin.py:188} INFO - [2026-09-23T20:17:32.928+0000] {dag.py:3036} INFO - Sync 1 DAGs
[2026-09-23T20:17:32.949+0000] {logging_mixin.py:188} INFO - [2026-09-23T20:17:32.949+0000] {dag.py:3823} INFO - Setting next_dagrun for wifi_livre_sp_pipeline to 2026-09-23 00:00:00+00:00, run_after=2026-09-24 00:00:00+00:00
[2026-09-23T20:17:32.966+0000] {processor.py:183} INFO - Processing /opt/airflow/dags/wifi_pipeline_dag.py took 0.090 seconds
[2026-09-23T20:18:03.020+0000] {processor.py:161} INFO - Started process (PID=835) to work on /opt/airflow/dags/wifi_pipeline_dag.py
[2026-09-23T20:18:03.021+0000] {processor.py:830} INFO - Processing file /opt/airflow/dags/wifi_pipeline_dag.py for tasks to queue
[2026-09-23T20:18:03.022+0000] {logging_mixin.py:188} INFO - [2026-09-23T20:18:03.022+0000] {dagbag.py:538} INFO - Filling up the DagBag from /opt/airflow/dags/wifi_pipeline_dag.py
[2026-09-23T20:18:03.038+0000] {processor.py:840} INFO - DAG(s) 'wifi_livre_sp_pipeline' retrieved from /opt/airflow/dags/wifi_pipeline_dag.py
[2026-09-23T20:18:03.078+0000] {logging_mixin.py:188} INFO - [2026-09-23T20:18:03.078+0000] {dag.py:3036} INFO - Sync 1 DAGs
[2026-09-23T20:18:03.114+0000] {logging_mixin.py:188} INFO - [2026-09-23T20:18:03.114+0000] {dag.py:3823} INFO - Setting next_dagrun for wifi_livre_sp_pipeline to 2026-09-23 00:00:00+00:00, run_after=2026-09-24 00:00:00+00:00
[2026-09-23T20:18:03.140+0000] {processor.py:183} INFO - Processing /opt/airflow/dags/wifi_pipeline_dag.py took 0.124 seconds
[2026-09-23T20:18:33.171+0000] {processor.py:161} INFO - Started process (PID=840) to work on /opt/airflow/dags/wifi_pipeline_dag.py
[2026-09-23T20:18:33.172+0000] {processor.py:830} INFO - Processing file /opt/airflow/dags/wifi_pipeline_dag.py for tasks to queue
[2026-09-23T20:18:33.173+0000] {logging_mixin.py:188} INFO - [2026-09-23T20:18:33.172+0000] {dagbag.py:538} INFO - Filling up the DagBag from /opt/airflow/dags/wifi_pipeline_dag.py
[2026-09-23T20:18:33.184+0000] {processor.py:840} INFO - DAG(s) 'wifi_livre_sp_pipeline' retrieved from /opt/airflow/dags/wifi_pipeline_dag.py
[2026-09-23T20:18:33.211+0000] {logging_mixin.py:188} INFO - [2026-09-23T20:18:33.211+0000] {dag.py:3036} INFO - Sync 1 DAGs
[2026-09-23T20:18:33.234+0000] {logging_mixin.py:188} INFO - [2026-09-23T20:18:33.234+0000] {dag.py:3823} INFO - Setting next_dagrun for wifi_livre_sp_pipeline to 2026-09-23 00:00:00+00:00, run_after=2026-09-24 00:00:00+00:00
[2026-09-23T20:18:33.254+0000] {processor.py:183} INFO - Processing /opt/airflow/dags/wifi_pipeline_dag.py took 0.087 seconds
[2026-09-23T20:19:03.307+0000] {processor.py:161} INFO - Started process (PID=845) to work on /opt/airflow/dags/wifi_pipeline_dag.py
[2026-09-23T20:19:03.308+0000] {processor.py:830} INFO - Processing file /opt/airflow/dags/wifi_pipeline_dag.py for tasks to queue
[2026-09-23T20:19:03.309+0000] {logging_mixin.py:188} INFO - [2026-09-23T20:19:03.308+0000] {dagbag.py:538} INFO - Filling up the DagBag from /opt/airflow/dags/wifi_pipeline_dag.py
[2026-09-23T20:19:03.320+0000] {processor.py:840} INFO - DAG(s) 'wifi_livre_sp_pipeline' retrieved from /opt/airflow/dags/wifi_pipeline_dag.py
[2026-09-23T20:19:03.348+0000] {logging_mixin.py:188} INFO - [2026-09-23T20:19:03.348+0000] {dag.py:3036} INFO - Sync 1 DAGs
[2026-09-23T20:19:03.370+0000] {logging_mixin.py:188} INFO - [2026-09-23T20:19:03.369+0000] {dag.py:3823} INFO - Setting next_dagrun for wifi_livre_sp_pipeline to 2026-09-23 00:00:00+00:00, run_after=2026-09-24 00:00:00+00:00
[2026-09-23T20:19:03.385+0000] {processor.py:183} INFO - Processing /opt/airflow/dags/wifi_pipeline_dag.py took 0.081 seconds
[2026-09-23T20:19:33.428+0000] {processor.py:161} INFO - Started process (PID=850) to work on /opt/airflow/dags/wifi_pipeline_dag.py
[2026-09-23T20:19:33.430+0000] {processor.py:830} INFO - Processing file /opt/airflow/dags/wifi_pipeline_dag.py for tasks to queue
[2026-09-23T20:19:33.431+0000] {logging_mixin.py:188} INFO - [2026-09-23T20:19:33.430+0000] {dagbag.py:538} INFO - Filling up the DagBag from /opt/airflow/dags/wifi_pipeline_dag.py
[2026-09-23T20:19:33.445+0000] {processor.py:840} INFO - DAG(s) 'wifi_livre_sp_pipeline' retrieved from /opt/airflow/dags/wifi_pipeline_dag.py
[2026-09-23T20:19:33.483+0000] {logging_mixin.py:188} INFO - [2026-09-23T20:19:33.483+0000] {dag.py:3036} INFO - Sync 1 DAGs
[2026-09-23T20:19:33.512+0000] {logging_mixin.py:188} INFO - [2026-09-23T20:19:33.511+0000] {dag.py:3823} INFO - Setting next_dagrun for wifi_livre_sp_pipeline to 2026-09-23 00:00:00+00:00, run_after=2026-09-24 00:00:00+00:00
[2026-09-23T20:19:33.532+0000] {processor.py:183} INFO - Processing /opt/airflow/dags/wifi_pipeline_dag.py took 0.108 seconds
[2026-09-23T20:20:03.581+0000] {processor.py:161} INFO - Started process (PID=855) to work on /opt/airflow/dags/wifi_pipeline_dag.py
[2026-09-23T20:20:03.582+0000] {processor.py:830} INFO - Processing file /opt/airflow/dags/wifi_pipeline_dag.py for tasks to queue
[2026-09-23T20:20:03.583+0000] {logging_mixin.py:188} INFO - [2026-09-23T20:20:03.583+0000] {dagbag.py:538} INFO - Filling up the DagBag from /opt/airflow/dags/wifi_pipeline_dag.py
[2026-09-23T20:20:03.597+0000] {processor.py:840} INFO - DAG(s) 'wifi_livre_sp_pipeline' retrieved from /opt/airflow/dags/wifi_pipeline_dag.py
[2026-09-23T20:20:03.631+0000] {logging_mixin.py:188} INFO - [2026-09-23T20:20:03.631+0000] {dag.py:3036} INFO - Sync 1 DAGs
[2026-09-23T20:20:03.656+0000] {logging_mixin.py:188} INFO - [2026-09-23T20:20:03.655+0000] {dag.py:3823} INFO - Setting next_dagrun for wifi_livre_sp_pipeline to 2026-09-23 00:00:00+00:00, run_after=2026-09-24 00:00:00+00:00
[2026-09-23T20:20:03.678+0000] {processor.py:183} INFO - Processing /opt/airflow/dags/wifi_pipeline_dag.py took 0.100 seconds
[2026-09-23T20:20:33.714+0000] {processor.py:161} INFO - Started process (PID=860) to work on /opt/airflow/dags/wifi_pipeline_dag.py
[2026-09-23T20:20:33.717+0000] {processor.py:830} INFO - Processing file /opt/airflow/dags/wifi_pipeline_dag.py for tasks to queue
[2026-09-23T20:20:33.718+0000] {logging_mixin.py:188} INFO - [2026-09-23T20:20:33.718+0000] {dagbag.py:538} INFO - Filling up the DagBag from /opt/airflow/dags/wifi_pipeline_dag.py
[2026-09-23T20:20:33.737+0000] {processor.py:840} INFO - DAG(s) 'wifi_livre_sp_pipeline' retrieved from /opt/airflow/dags/wifi_pipeline_dag.py
[2026-09-23T20:20:33.770+0000] {logging_mixin.py:188} INFO - [2026-09-23T20:20:33.770+0000] {dag.py:3036} INFO - Sync 1 DAGs
[2026-09-23T20:20:33.793+0000] {logging_mixin.py:188} INFO - [2026-09-23T20:20:33.792+0000] {dag.py:3823} INFO - Setting next_dagrun for wifi_livre_sp_pipeline to 2026-09-23 00:00:00+00:00, run_after=2026-09-24 00:00:00+00:00
[2026-09-23T20:20:33.815+0000] {processor.py:183} INFO - Processing /opt/airflow/dags/wifi_pipeline_dag.py took 0.105 seconds
[2026-09-23T20:21:03.878+0000] {processor.py:161} INFO - Started process (PID=865) to work on /opt/airflow/dags/wifi_pipeline_dag.py
[2026-09-23T20:21:03.880+0000] {processor.py:830} INFO - Processing file /opt/airflow/dags/wifi_pipeline_dag.py for tasks to queue
[2026-09-23T20:21:03.881+0000] {logging_mixin.py:188} INFO - [2026-09-23T20:21:03.881+0000] {dagbag.py:538} INFO - Filling up the DagBag from /opt/airflow/dags/wifi_pipeline_dag.py
[2026-09-23T20:21:03.893+0000] {processor.py:840} INFO - DAG(s) 'wifi_livre_sp_pipeline' retrieved from /opt/airflow/dags/wifi_pipeline_dag.py
[2026-09-23T20:21:03.925+0000] {logging_mixin.py:188} INFO - [2026-09-23T20:21:03.924+0000] {dag.py:3036} INFO - Sync 1 DAGs
[2026-09-23T20:21:03.949+0000] {logging_mixin.py:188} INFO - [2026-09-23T20:21:03.949+0000] {dag.py:3823} INFO - Setting next_dagrun for wifi_livre_sp_pipeline to 2026-09-23 00:00:00+00:00, run_after=2026-09-24 00:00:00+00:00
[2026-09-23T20:21:03.970+0000] {processor.py:183} INFO - Processing /opt/airflow/dags/wifi_pipeline_dag.py took 0.096 seconds
[2026-09-23T20:21:34.028+0000] {processor.py:161} INFO - Started process (PID=870) to work on /opt/airflow/dags/wifi_pipeline_dag.py
[2026-09-23T20:21:34.029+0000] {processor.py:830} INFO - Processing file /opt/airflow/dags/wifi_pipeline_dag.py for tasks to queue
[2026-09-23T20:21:34.030+0000] {logging_mixin.py:188} INFO - [2026-09-23T20:21:34.030+0000] {dagbag.py:538} INFO - Filling up the DagBag from /opt/airflow/dags/wifi_pipeline_dag.py
[2026-09-23T20:21:34.043+0000] {processor.py:840} INFO - DAG(s) 'wifi_livre_sp_pipeline' retrieved from /opt/airflow/dags/wifi_pipeline_dag.py
[2026-09-23T20:21:34.076+0000] {logging_mixin.py:188} INFO - [2026-09-23T20:21:34.076+0000] {dag.py:3036} INFO - Sync 1 DAGs
[2026-09-23T20:21:34.100+0000] {logging_mixin.py:188} INFO - [2026-09-23T20:21:34.100+0000] {dag.py:3823} INFO - Setting next_dagrun for wifi_livre_sp_pipeline to 2026-09-23 00:00:00+00:00, run_after=2026-09-24 00:00:00+00:00
[2026-09-23T20:21:34.122+0000] {processor.py:183} INFO - Processing /opt/airflow/dags/wifi_pipeline_dag.py took 0.098 seconds
[2026-09-23T20:22:04.169+0000] {processor.py:161} INFO - Started process (PID=875) to work on /opt/airflow/dags/wifi_pipeline_dag.py
[2026-09-23T20:22:04.171+0000] {processor.py:830} INFO - Processing file /opt/airflow/dags/wifi_pipeline_dag.py for tasks to queue
[2026-09-23T20:22:04.173+0000] {logging_mixin.py:188} INFO - [2026-09-23T20:22:04.172+0000] {dagbag.py:538} INFO - Filling up the DagBag from /opt/airflow/dags/wifi_pipeline_dag.py
[2026-09-23T20:22:04.189+0000] {processor.py:840} INFO - DAG(s) 'wifi_livre_sp_pipeline' retrieved from /opt/airflow/dags/wifi_pipeline_dag.py
[2026-09-23T20:22:04.228+0000] {logging_mixin.py:188} INFO - [2026-09-23T20:22:04.228+0000] {dag.py:3036} INFO - Sync 1 DAGs
[2026-09-23T20:22:04.259+0000] {logging_mixin.py:188} INFO - [2026-09-23T20:22:04.259+0000] {dag.py:3823} INFO - Setting next_dagrun for wifi_livre_sp_pipeline to 2026-09-23 00:00:00+00:00, run_after=2026-09-24 00:00:00+00:00
[2026-09-23T20:22:04.284+0000] {processor.py:183} INFO - Processing /opt/airflow/dags/wifi_pipeline_dag.py took 0.119 seconds
[2026-09-23T20:22:34.330+0000] {processor.py:161} INFO - Started process (PID=880) to work on /opt/airflow/dags/wifi_pipeline_dag.py
[2026-09-23T20:22:34.331+0000] {processor.py:830} INFO - Processing file /opt/airflow/dags/wifi_pipeline_dag.py for tasks to queue
[2026-09-23T20:22:34.332+0000] {logging_mixin.py:188} INFO - [2026-09-23T20:22:34.332+0000] {dagbag.py:538} INFO - Filling up the DagBag from /opt/airflow/dags/wifi_pipeline_dag.py
[2026-09-23T20:22:34.343+0000] {processor.py:840} INFO - DAG(s) 'wifi_livre_sp_pipeline' retrieved from /opt/airflow/dags/wifi_pipeline_dag.py
[2026-09-23T20:22:34.372+0000] {logging_mixin.py:188} INFO - [2026-09-23T20:22:34.371+0000] {dag.py:3036} INFO - Sync 1 DAGs
[2026-09-23T20:22:34.393+0000] {logging_mixin.py:188} INFO - [2026-09-23T20:22:34.393+0000] {dag.py:3823} INFO - Setting next_dagrun for wifi_livre_sp_pipeline to 2026-09-23 00:00:00+00:00, run_after=2026-09-24 00:00:00+00:00
[2026-09-23T20:22:34.408+0000] {processor.py:183} INFO - Processing /opt/airflow/dags/wifi_pipeline_dag.py took 0.081 seconds
[2026-09-23T20:23:04.444+0000] {processor.py:161} INFO - Started process (PID=885) to work on /opt/airflow/dags/wifi_pipeline_dag.py
[2026-09-23T20:23:04.445+0000] {processor.py:830} INFO - Processing file /opt/airflow/dags/wifi_pipeline_dag.py for tasks to queue
[2026-09-23T20:23:04.446+0000] {logging_mixin.py:188} INFO - [2026-09-23T20:23:04.446+0000] {dagbag.py:538} INFO - Filling up the DagBag from /opt/airflow/dags/wifi_pipeline_dag.py
[2026-09-23T20:23:04.460+0000] {processor.py:840} INFO - DAG(s) 'wifi_livre_sp_pipeline' retrieved from /opt/airflow/dags/wifi_pipeline_dag.py
[2026-09-23T20:23:04.493+0000] {logging_mixin.py:188} INFO - [2026-09-23T20:23:04.492+0000] {dag.py:3036} INFO - Sync 1 DAGs
[2026-09-23T20:23:04.516+0000] {logging_mixin.py:188} INFO - [2026-09-23T20:23:04.516+0000] {dag.py:3823} INFO - Setting next_dagrun for wifi_livre_sp_pipeline to 2026-09-23 00:00:00+00:00, run_after=2026-09-24 00:00:00+00:00
[2026-09-23T20:23:04.534+0000] {processor.py:183} INFO - Processing /opt/airflow/dags/wifi_pipeline_dag.py took 0.094 seconds
[2026-09-23T20:23:34.576+0000] {processor.py:161} INFO - Started process (PID=890) to work on /opt/airflow/dags/wifi_pipeline_dag.py
[2026-09-23T20:23:34.577+0000] {processor.py:830} INFO - Processing file /opt/airflow/dags/wifi_pipeline_dag.py for tasks to queue
[2026-09-23T20:23:34.578+0000] {logging_mixin.py:188} INFO - [2026-09-23T20:23:34.578+0000] {dagbag.py:538} INFO - Filling up the DagBag from /opt/airflow/dags/wifi_pipeline_dag.py
[2026-09-23T20:23:34.593+0000] {processor.py:840} INFO - DAG(s) 'wifi_livre_sp_pipeline' retrieved from /opt/airflow/dags/wifi_pipeline_dag.py
[2026-09-23T20:23:34.640+0000] {logging_mixin.py:188} INFO - [2026-09-23T20:23:34.640+0000] {dag.py:3036} INFO - Sync 1 DAGs
[2026-09-23T20:23:34.682+0000] {logging_mixin.py:188} INFO - [2026-09-23T20:23:34.681+0000] {dag.py:3823} INFO - Setting next_dagrun for wifi_livre_sp_pipeline to 2026-09-23 00:00:00+00:00, run_after=2026-09-24 00:00:00+00:00
[2026-09-23T20:23:34.720+0000] {processor.py:183} INFO - Processing /opt/airflow/dags/wifi_pipeline_dag.py took 0.150 seconds
[2026-09-23T20:24:04.782+0000] {processor.py:161} INFO - Started process (PID=895) to work on /opt/airflow/dags/wifi_pipeline_dag.py
[2026-09-23T20:24:04.783+0000] {processor.py:830} INFO - Processing file /opt/airflow/dags/wifi_pipeline_dag.py for tasks to queue
[2026-09-23T20:24:04.784+0000] {logging_mixin.py:188} INFO - [2026-09-23T20:24:04.784+0000] {dagbag.py:538} INFO - Filling up the DagBag from /opt/airflow/dags/wifi_pipeline_dag.py
[2026-09-23T20:24:04.795+0000] {processor.py:840} INFO - DAG(s) 'wifi_livre_sp_pipeline' retrieved from /opt/airflow/dags/wifi_pipeline_dag.py
[2026-09-23T20:24:04.825+0000] {logging_mixin.py:188} INFO - [2026-09-23T20:24:04.825+0000] {dag.py:3036} INFO - Sync 1 DAGs
[2026-09-23T20:24:04.846+0000] {logging_mixin.py:188} INFO - [2026-09-23T20:24:04.846+0000] {dag.py:3823} INFO - Setting next_dagrun for wifi_livre_sp_pipeline to 2026-09-23 00:00:00+00:00, run_after=2026-09-24 00:00:00+00:00
[2026-09-23T20:24:04.861+0000] {processor.py:183} INFO - Processing /opt/airflow/dags/wifi_pipeline_dag.py took 0.082 seconds
[2026-09-23T20:24:34.899+0000] {processor.py:161} INFO - Started process (PID=900) to work on /opt/airflow/dags/wifi_pipeline_dag.py
[2026-09-23T20:24:34.900+0000] {processor.py:830} INFO - Processing file /opt/airflow/dags/wifi_pipeline_dag.py for tasks to queue
[2026-09-23T20:24:34.901+0000] {logging_mixin.py:188} INFO - [2026-09-23T20:24:34.900+0000] {dagbag.py:538} INFO - Filling up the DagBag from /opt/airflow/dags/wifi_pipeline_dag.py
[2026-09-23T20:24:34.915+0000] {processor.py:840} INFO - DAG(s) 'wifi_livre_sp_pipeline' retrieved from /opt/airflow/dags/wifi_pipeline_dag.py
[2026-09-23T20:24:34.955+0000] {logging_mixin.py:188} INFO - [2026-09-23T20:24:34.955+0000] {dag.py:3036} INFO - Sync 1 DAGs
[2026-09-23T20:24:34.996+0000] {logging_mixin.py:188} INFO - [2026-09-23T20:24:34.996+0000] {dag.py:3823} INFO - Setting next_dagrun for wifi_livre_sp_pipeline to 2026-09-23 00:00:00+00:00, run_after=2026-09-24 00:00:00+00:00
[2026-09-23T20:24:35.028+0000] {processor.py:183} INFO - Processing /opt/airflow/dags/wifi_pipeline_dag.py took 0.134 seconds
[2026-09-23T20:25:05.079+0000] {processor.py:161} INFO - Started process (PID=905) to work on /opt/airflow/dags/wifi_pipeline_dag.py
[2026-09-23T20:25:05.081+0000] {processor.py:830} INFO - Processing file /opt/airflow/dags/wifi_pipeline_dag.py for tasks to queue
[2026-09-23T20:25:05.081+0000] {logging_mixin.py:188} INFO - [2026-09-23T20:25:05.081+0000] {dagbag.py:538} INFO - Filling up the DagBag from /opt/airflow/dags/wifi_pipeline_dag.py
[2026-09-23T20:25:05.093+0000] {processor.py:840} INFO - DAG(s) 'wifi_livre_sp_pipeline' retrieved from /opt/airflow/dags/wifi_pipeline_dag.py
[2026-09-23T20:25:05.122+0000] {logging_mixin.py:188} INFO - [2026-09-23T20:25:05.121+0000] {dag.py:3036} INFO - Sync 1 DAGs
[2026-09-23T20:25:05.143+0000] {logging_mixin.py:188} INFO - [2026-09-23T20:25:05.143+0000] {dag.py:3823} INFO - Setting next_dagrun for wifi_livre_sp_pipeline to 2026-09-23 00:00:00+00:00, run_after=2026-09-24 00:00:00+00:00
[2026-09-23T20:25:05.159+0000] {processor.py:183} INFO - Processing /opt/airflow/dags/wifi_pipeline_dag.py took 0.083 seconds
[2026-09-23T20:25:35.187+0000] {processor.py:161} INFO - Started process (PID=910) to work on /opt/airflow/dags/wifi_pipeline_dag.py
[2026-09-23T20:25:35.189+0000] {processor.py:830} INFO - Processing file /opt/airflow/dags/wifi_pipeline_dag.py for tasks to queue
[2026-09-23T20:25:35.190+0000] {logging_mixin.py:188} INFO - [2026-09-23T20:25:35.189+0000] {dagbag.py:538} INFO - Filling up the DagBag from /opt/airflow/dags/wifi_pipeline_dag.py
[2026-09-23T20:25:35.202+0000] {processor.py:840} INFO - DAG(s) 'wifi_livre_sp_pipeline' retrieved from /opt/airflow/dags/wifi_pipeline_dag.py
[2026-09-23T20:25:35.233+0000] {logging_mixin.py:188} INFO - [2026-09-23T20:25:35.233+0000] {dag.py:3036} INFO - Sync 1 DAGs
[2026-09-23T20:25:35.254+0000] {logging_mixin.py:188} INFO - [2026-09-23T20:25:35.254+0000] {dag.py:3823} INFO - Setting next_dagrun for wifi_livre_sp_pipeline to 2026-09-23 00:00:00+00:00, run_after=2026-09-24 00:00:00+00:00
[2026-09-23T20:25:35.270+0000] {processor.py:183} INFO - Processing /opt/airflow/dags/wifi_pipeline_dag.py took 0.086 seconds
[2026-09-23T20:26:05.324+0000] {processor.py:161} INFO - Started process (PID=915) to work on /opt/airflow/dags/wifi_pipeline_dag.py
[2026-09-23T20:26:05.326+0000] {processor.py:830} INFO - Processing file /opt/airflow/dags/wifi_pipeline_dag.py for tasks to queue
[2026-09-23T20:26:05.328+0000] {logging_mixin.py:188} INFO - [2026-09-23T20:26:05.327+0000] {dagbag.py:538} INFO - Filling up the DagBag from /opt/airflow/dags/wifi_pipeline_dag.py
[2026-09-23T20:26:05.348+0000] {processor.py:840} INFO - DAG(s) 'wifi_livre_sp_pipeline' retrieved from /opt/airflow/dags/wifi_pipeline_dag.py
[2026-09-23T20:26:05.389+0000] {logging_mixin.py:188} INFO - [2026-09-23T20:26:05.388+0000] {dag.py:3036} INFO - Sync 1 DAGs
[2026-09-23T20:26:05.417+0000] {logging_mixin.py:188} INFO - [2026-09-23T20:26:05.416+0000] {dag.py:3823} INFO - Setting next_dagrun for wifi_livre_sp_pipeline to 2026-09-23 00:00:00+00:00, run_after=2026-09-24 00:00:00+00:00
[2026-09-23T20:26:05.438+0000] {processor.py:183} INFO - Processing /opt/airflow/dags/wifi_pipeline_dag.py took 0.118 seconds
[2026-09-23T20:26:36.373+0000] {processor.py:161} INFO - Started process (PID=920) to work on /opt/airflow/dags/wifi_pipeline_dag.py
[2026-09-23T20:26:36.374+0000] {processor.py:830} INFO - Processing file /opt/airflow/dags/wifi_pipeline_dag.py for tasks to queue
[2026-09-23T20:26:36.375+0000] {logging_mixin.py:188} INFO - [2026-09-23T20:26:36.375+0000] {dagbag.py:538} INFO - Filling up the DagBag from /opt/airflow/dags/wifi_pipeline_dag.py
[2026-09-23T20:26:36.390+0000] {processor.py:840} INFO - DAG(s) 'wifi_livre_sp_pipeline' retrieved from /opt/airflow/dags/wifi_pipeline_dag.py
[2026-09-23T20:26:36.420+0000] {logging_mixin.py:188} INFO - [2026-09-23T20:26:36.419+0000] {dag.py:3036} INFO - Sync 1 DAGs
[2026-09-23T20:26:36.440+0000] {logging_mixin.py:188} INFO - [2026-09-23T20:26:36.440+0000] {dag.py:3823} INFO - Setting next_dagrun for wifi_livre_sp_pipeline to 2026-09-23 00:00:00+00:00, run_after=2026-09-24 00:00:00+00:00
[2026-09-23T20:26:36.456+0000] {processor.py:183} INFO - Processing /opt/airflow/dags/wifi_pipeline_dag.py took 0.087 seconds
[2026-09-23T20:27:06.542+0000] {processor.py:161} INFO - Started process (PID=925) to work on /opt/airflow/dags/wifi_pipeline_dag.py
[2026-09-23T20:27:06.543+0000] {processor.py:830} INFO - Processing file /opt/airflow/dags/wifi_pipeline_dag.py for tasks to queue
[2026-09-23T20:27:06.544+0000] {logging_mixin.py:188} INFO - [2026-09-23T20:27:06.544+0000] {dagbag.py:538} INFO - Filling up the DagBag from /opt/airflow/dags/wifi_pipeline_dag.py
[2026-09-23T20:27:06.558+0000] {processor.py:840} INFO - DAG(s) 'wifi_livre_sp_pipeline' retrieved from /opt/airflow/dags/wifi_pipeline_dag.py
[2026-09-23T20:27:06.585+0000] {logging_mixin.py:188} INFO - [2026-09-23T20:27:06.585+0000] {dag.py:3036} INFO - Sync 1 DAGs
[2026-09-23T20:27:06.605+0000] {logging_mixin.py:188} INFO - [2026-09-23T20:27:06.604+0000] {dag.py:3823} INFO - Setting next_dagrun for wifi_livre_sp_pipeline to 2026-09-23 00:00:00+00:00, run_after=2026-09-24 00:00:00+00:00
[2026-09-23T20:27:06.620+0000] {processor.py:183} INFO - Processing /opt/airflow/dags/wifi_pipeline_dag.py took 0.081 seconds
[2026-09-23T20:27:37.604+0000] {processor.py:161} INFO - Started process (PID=930) to work on /opt/airflow/dags/wifi_pipeline_dag.py
[2026-09-23T20:27:37.605+0000] {processor.py:830} INFO - Processing file /opt/airflow/dags/wifi_pipeline_dag.py for tasks to queue
[2026-09-23T20:27:37.606+0000] {logging_mixin.py:188} INFO - [2026-09-23T20:27:37.606+0000] {dagbag.py:538} INFO - Filling up the DagBag from /opt/airflow/dags/wifi_pipeline_dag.py
[2026-09-23T20:27:37.618+0000] {processor.py:840} INFO - DAG(s) 'wifi_livre_sp_pipeline' retrieved from /opt/airflow/dags/wifi_pipeline_dag.py
[2026-09-23T20:27:37.647+0000] {logging_mixin.py:188} INFO - [2026-09-23T20:27:37.647+0000] {dag.py:3036} INFO - Sync 1 DAGs
[2026-09-23T20:27:37.671+0000] {logging_mixin.py:188} INFO - [2026-09-23T20:27:37.671+0000] {dag.py:3823} INFO - Setting next_dagrun for wifi_livre_sp_pipeline to 2026-09-23 00:00:00+00:00, run_after=2026-09-24 00:00:00+00:00
[2026-09-23T20:27:37.688+0000] {processor.py:183} INFO - Processing /opt/airflow/dags/wifi_pipeline_dag.py took 0.088 seconds
[2026-09-23T20:28:07.732+0000] {processor.py:161} INFO - Started process (PID=935) to work on /opt/airflow/dags/wifi_pipeline_dag.py
[2026-09-23T20:28:07.733+0000] {processor.py:830} INFO - Processing file /opt/airflow/dags/wifi_pipeline_dag.py for tasks to queue
[2026-09-23T20:28:07.733+0000] {logging_mixin.py:188} INFO - [2026-09-23T20:28:07.733+0000] {dagbag.py:538} INFO - Filling up the DagBag from /opt/airflow/dags/wifi_pipeline_dag.py
[2026-09-23T20:28:07.748+0000] {processor.py:840} INFO - DAG(s) 'wifi_livre_sp_pipeline' retrieved from /opt/airflow/dags/wifi_pipeline_dag.py
[2026-09-23T20:28:07.781+0000] {logging_mixin.py:188} INFO - [2026-09-23T20:28:07.781+0000] {dag.py:3036} INFO - Sync 1 DAGs
[2026-09-23T20:28:07.809+0000] {logging_mixin.py:188} INFO - [2026-09-23T20:28:07.809+0000] {dag.py:3823} INFO - Setting next_dagrun for wifi_livre_sp_pipeline to 2026-09-23 00:00:00+00:00, run_after=2026-09-24 00:00:00+00:00
[2026-09-23T20:28:07.829+0000] {processor.py:183} INFO - Processing /opt/airflow/dags/wifi_pipeline_dag.py took 0.100 seconds
[2026-09-23T20:28:37.865+0000] {processor.py:161} INFO - Started process (PID=940) to work on /opt/airflow/dags/wifi_pipeline_dag.py
[2026-09-23T20:28:37.867+0000] {processor.py:830} INFO - Processing file /opt/airflow/dags/wifi_pipeline_dag.py for tasks to queue
[2026-09-23T20:28:37.868+0000] {logging_mixin.py:188} INFO - [2026-09-23T20:28:37.868+0000] {dagbag.py:538} INFO - Filling up the DagBag from /opt/airflow/dags/wifi_pipeline_dag.py
[2026-09-23T20:28:37.882+0000] {processor.py:840} INFO - DAG(s) 'wifi_livre_sp_pipeline' retrieved from /opt/airflow/dags/wifi_pipeline_dag.py
[2026-09-23T20:28:37.912+0000] {logging_mixin.py:188} INFO - [2026-09-23T20:28:37.912+0000] {dag.py:3036} INFO - Sync 1 DAGs
[2026-09-23T20:28:37.934+0000] {logging_mixin.py:188} INFO - [2026-09-23T20:28:37.933+0000] {dag.py:3823} INFO - Setting next_dagrun for wifi_livre_sp_pipeline to 2026-09-23 00:00:00+00:00, run_after=2026-09-24 00:00:00+00:00
[2026-09-23T20:28:37.951+0000] {processor.py:183} INFO - Processing /opt/airflow/dags/wifi_pipeline_dag.py took 0.089 seconds
[2026-09-23T20:29:07.986+0000] {processor.py:161} INFO - Started process (PID=945) to work on /opt/airflow/dags/wifi_pipeline_dag.py
[2026-09-23T20:29:07.987+0000] {processor.py:830} INFO - Processing file /opt/airflow/dags/wifi_pipeline_dag.py for tasks to queue
[2026-09-23T20:29:07.988+0000] {logging_mixin.py:188} INFO - [2026-09-23T20:29:07.987+0000] {dagbag.py:538} INFO - Filling up the DagBag from /opt/airflow/dags/wifi_pipeline_dag.py
[2026-09-23T20:29:08.000+0000] {processor.py:840} INFO - DAG(s) 'wifi_livre_sp_pipeline' retrieved from /opt/airflow/dags/wifi_pipeline_dag.py
[2026-09-23T20:29:08.029+0000] {logging_mixin.py:188} INFO - [2026-09-23T20:29:08.029+0000] {dag.py:3036} INFO - Sync 1 DAGs
[2026-09-23T20:29:08.050+0000] {logging_mixin.py:188} INFO - [2026-09-23T20:29:08.050+0000] {dag.py:3823} INFO - Setting next_dagrun for wifi_livre_sp_pipeline to 2026-09-23 00:00:00+00:00, run_after=2026-09-24 00:00:00+00:00
[2026-09-23T20:29:08.065+0000] {processor.py:183} INFO - Processing /opt/airflow/dags/wifi_pipeline_dag.py took 0.083 seconds
[2026-09-23T20:29:39.047+0000] {processor.py:161} INFO - Started process (PID=950) to work on /opt/airflow/dags/wifi_pipeline_dag.py
[2026-09-23T20:29:39.049+0000] {processor.py:830} INFO - Processing file /opt/airflow/dags/wifi_pipeline_dag.py for tasks to queue
[2026-09-23T20:29:39.050+0000] {logging_mixin.py:188} INFO - [2026-09-23T20:29:39.050+0000] {dagbag.py:538} INFO - Filling up the DagBag from /opt/airflow/dags/wifi_pipeline_dag.py
[2026-09-23T20:29:39.062+0000] {processor.py:840} INFO - DAG(s) 'wifi_livre_sp_pipeline' retrieved from /opt/airflow/dags/wifi_pipeline_dag.py
[2026-09-23T20:29:39.092+0000] {logging_mixin.py:188} INFO - [2026-09-23T20:29:39.091+0000] {dag.py:3036} INFO - Sync 1 DAGs
[2026-09-23T20:29:39.112+0000] {logging_mixin.py:188} INFO - [2026-09-23T20:29:39.112+0000] {dag.py:3823} INFO - Setting next_dagrun for wifi_livre_sp_pipeline to 2026-09-23 00:00:00+00:00, run_after=2026-09-24 00:00:00+00:00
[2026-09-23T20:29:39.127+0000] {processor.py:183} INFO - Processing /opt/airflow/dags/wifi_pipeline_dag.py took 0.083 seconds
[2026-09-23T20:30:10.152+0000] {processor.py:161} INFO - Started process (PID=955) to work on /opt/airflow/dags/wifi_pipeline_dag.py
[2026-09-23T20:30:10.153+0000] {processor.py:830} INFO - Processing file /opt/airflow/dags/wifi_pipeline_dag.py for tasks to queue
[2026-09-23T20:30:10.154+0000] {logging_mixin.py:188} INFO - [2026-09-23T20:30:10.154+0000] {dagbag.py:538} INFO - Filling up the DagBag from /opt/airflow/dags/wifi_pipeline_dag.py
[2026-09-23T20:30:10.165+0000] {processor.py:840} INFO - DAG(s) 'wifi_livre_sp_pipeline' retrieved from /opt/airflow/dags/wifi_pipeline_dag.py
[2026-09-23T20:30:10.193+0000] {logging_mixin.py:188} INFO - [2026-09-23T20:30:10.193+0000] {dag.py:3036} INFO - Sync 1 DAGs
[2026-09-23T20:30:10.213+0000] {logging_mixin.py:188} INFO - [2026-09-23T20:30:10.213+0000] {dag.py:3823} INFO - Setting next_dagrun for wifi_livre_sp_pipeline to 2026-09-23 00:00:00+00:00, run_after=2026-09-24 00:00:00+00:00
[2026-09-23T20:30:10.229+0000] {processor.py:183} INFO - Processing /opt/airflow/dags/wifi_pipeline_dag.py took 0.079 seconds
[2026-09-23T20:30:41.191+0000] {processor.py:161} INFO - Started process (PID=960) to work on /opt/airflow/dags/wifi_pipeline_dag.py
[2026-09-23T20:30:41.192+0000] {processor.py:830} INFO - Processing file /opt/airflow/dags/wifi_pipeline_dag.py for tasks to queue
[2026-09-23T20:30:41.193+0000] {logging_mixin.py:188} INFO - [2026-09-23T20:30:41.193+0000] {dagbag.py:538} INFO - Filling up the DagBag from /opt/airflow/dags/wifi_pipeline_dag.py
[2026-09-23T20:30:41.209+0000] {processor.py:840} INFO - DAG(s) 'wifi_livre_sp_pipeline' retrieved from /opt/airflow/dags/wifi_pipeline_dag.py
[2026-09-23T20:30:41.244+0000] {logging_mixin.py:188} INFO - [2026-09-23T20:30:41.244+0000] {dag.py:3036} INFO - Sync 1 DAGs
[2026-09-23T20:30:41.276+0000] {logging_mixin.py:188} INFO - [2026-09-23T20:30:41.276+0000] {dag.py:3823} INFO - Setting next_dagrun for wifi_livre_sp_pipeline to 2026-09-23 00:00:00+00:00, run_after=2026-09-24 00:00:00+00:00
[2026-09-23T20:30:41.303+0000] {processor.py:183} INFO - Processing /opt/airflow/dags/wifi_pipeline_dag.py took 0.116 seconds
[2026-09-23T20:31:12.261+0000] {processor.py:161} INFO - Started process (PID=965) to work on /opt/airflow/dags/wifi_pipeline_dag.py
[2026-09-23T20:31:12.262+0000] {processor.py:830} INFO - Processing file /opt/airflow/dags/wifi_pipeline_dag.py for tasks to queue
[2026-09-23T20:31:12.262+0000] {logging_mixin.py:188} INFO - [2026-09-23T20:31:12.262+0000] {dagbag.py:538} INFO - Filling up the DagBag from /opt/airflow/dags/wifi_pipeline_dag.py
[2026-09-23T20:31:12.274+0000] {processor.py:840} INFO - DAG(s) 'wifi_livre_sp_pipeline' retrieved from /opt/airflow/dags/wifi_pipeline_dag.py
[2026-09-23T20:31:12.300+0000] {logging_mixin.py:188} INFO - [2026-09-23T20:31:12.299+0000] {dag.py:3036} INFO - Sync 1 DAGs
[2026-09-23T20:31:12.321+0000] {logging_mixin.py:188} INFO - [2026-09-23T20:31:12.321+0000] {dag.py:3823} INFO - Setting next_dagrun for wifi_livre_sp_pipeline to 2026-09-23 00:00:00+00:00, run_after=2026-09-24 00:00:00+00:00
[2026-09-23T20:31:12.336+0000] {processor.py:183} INFO - Processing /opt/airflow/dags/wifi_pipeline_dag.py took 0.079 seconds
[2026-09-23T20:31:42.379+0000] {processor.py:161} INFO - Started process (PID=970) to work on /opt/airflow/dags/wifi_pipeline_dag.py
[2026-09-23T20:31:42.381+0000] {processor.py:830} INFO - Processing file /opt/airflow/dags/wifi_pipeline_dag.py for tasks to queue
[2026-09-23T20:31:42.382+0000] {logging_mixin.py:188} INFO - [2026-09-23T20:31:42.381+0000] {dagbag.py:538} INFO - Filling up the DagBag from /opt/airflow/dags/wifi_pipeline_dag.py
[2026-09-23T20:31:42.395+0000] {processor.py:840} INFO - DAG(s) 'wifi_livre_sp_pipeline' retrieved from /opt/airflow/dags/wifi_pipeline_dag.py
[2026-09-23T20:31:42.425+0000] {logging_mixin.py:188} INFO - [2026-09-23T20:31:42.425+0000] {dag.py:3036} INFO - Sync 1 DAGs
[2026-09-23T20:31:42.447+0000] {logging_mixin.py:188} INFO - [2026-09-23T20:31:42.447+0000] {dag.py:3823} INFO - Setting next_dagrun for wifi_livre_sp_pipeline to 2026-09-23 00:00:00+00:00, run_after=2026-09-24 00:00:00+00:00
[2026-09-23T20:31:42.465+0000] {processor.py:183} INFO - Processing /opt/airflow/dags/wifi_pipeline_dag.py took 0.088 seconds
[2026-09-23T20:32:13.456+0000] {processor.py:161} INFO - Started process (PID=975) to work on /opt/airflow/dags/wifi_pipeline_dag.py
[2026-09-23T20:32:13.457+0000] {processor.py:830} INFO - Processing file /opt/airflow/dags/wifi_pipeline_dag.py for tasks to queue
[2026-09-23T20:32:13.458+0000] {logging_mixin.py:188} INFO - [2026-09-23T20:32:13.457+0000] {dagbag.py:538} INFO - Filling up the DagBag from /opt/airflow/dags/wifi_pipeline_dag.py
[2026-09-23T20:32:13.470+0000] {processor.py:840} INFO - DAG(s) 'wifi_livre_sp_pipeline' retrieved from /opt/airflow/dags/wifi_pipeline_dag.py
[2026-09-23T20:32:13.513+0000] {logging_mixin.py:188} INFO - [2026-09-23T20:32:13.513+0000] {dag.py:3036} INFO - Sync 1 DAGs
[2026-09-23T20:32:13.537+0000] {logging_mixin.py:188} INFO - [2026-09-23T20:32:13.537+0000] {dag.py:3823} INFO - Setting next_dagrun for wifi_livre_sp_pipeline to 2026-09-23 00:00:00+00:00, run_after=2026-09-24 00:00:00+00:00
[2026-09-23T20:32:13.555+0000] {processor.py:183} INFO - Processing /opt/airflow/dags/wifi_pipeline_dag.py took 0.103 seconds
[2026-09-23T20:32:44.546+0000] {processor.py:161} INFO - Started process (PID=980) to work on /opt/airflow/dags/wifi_pipeline_dag.py
[2026-09-23T20:32:44.547+0000] {processor.py:830} INFO - Processing file /opt/airflow/dags/wifi_pipeline_dag.py for tasks to queue
[2026-09-23T20:32:44.548+0000] {logging_mixin.py:188} INFO - [2026-09-23T20:32:44.548+0000] {dagbag.py:538} INFO - Filling up the DagBag from /opt/airflow/dags/wifi_pipeline_dag.py
[2026-09-23T20:32:44.560+0000] {processor.py:840} INFO - DAG(s) 'wifi_livre_sp_pipeline' retrieved from /opt/airflow/dags/wifi_pipeline_dag.py
[2026-09-23T20:32:44.588+0000] {logging_mixin.py:188} INFO - [2026-09-23T20:32:44.588+0000] {dag.py:3036} INFO - Sync 1 DAGs
[2026-09-23T20:32:44.609+0000] {logging_mixin.py:188} INFO - [2026-09-23T20:32:44.609+0000] {dag.py:3823} INFO - Setting next_dagrun for wifi_livre_sp_pipeline to 2026-09-23 00:00:00+00:00, run_after=2026-09-24 00:00:00+00:00
[2026-09-23T20:32:44.624+0000] {processor.py:183} INFO - Processing /opt/airflow/dags/wifi_pipeline_dag.py took 0.080 seconds
[2026-09-23T20:33:15.598+0000] {processor.py:161} INFO - Started process (PID=985) to work on /opt/airflow/dags/wifi_pipeline_dag.py
[2026-09-23T20:33:15.598+0000] {processor.py:830} INFO - Processing file /opt/airflow/dags/wifi_pipeline_dag.py for tasks to queue
[2026-09-23T20:33:15.599+0000] {logging_mixin.py:188} INFO - [2026-09-23T20:33:15.599+0000] {dagbag.py:538} INFO - Filling up the DagBag from /opt/airflow/dags/wifi_pipeline_dag.py
[2026-09-23T20:33:15.611+0000] {processor.py:840} INFO - DAG(s) 'wifi_livre_sp_pipeline' retrieved from /opt/airflow/dags/wifi_pipeline_dag.py
[2026-09-23T20:33:15.638+0000] {logging_mixin.py:188} INFO - [2026-09-23T20:33:15.638+0000] {dag.py:3036} INFO - Sync 1 DAGs
[2026-09-23T20:33:15.659+0000] {logging_mixin.py:188} INFO - [2026-09-23T20:33:15.658+0000] {dag.py:3823} INFO - Setting next_dagrun for wifi_livre_sp_pipeline to 2026-09-23 00:00:00+00:00, run_after=2026-09-24 00:00:00+00:00
[2026-09-23T20:33:15.679+0000] {processor.py:183} INFO - Processing /opt/airflow/dags/wifi_pipeline_dag.py took 0.085 seconds
[2026-09-23T20:33:46.673+0000] {processor.py:161} INFO - Started process (PID=990) to work on /opt/airflow/dags/wifi_pipeline_dag.py
[2026-09-23T20:33:46.675+0000] {processor.py:830} INFO - Processing file /opt/airflow/dags/wifi_pipeline_dag.py for tasks to queue
[2026-09-23T20:33:46.676+0000] {logging_mixin.py:188} INFO - [2026-09-23T20:33:46.675+0000] {dagbag.py:538} INFO - Filling up the DagBag from /opt/airflow/dags/wifi_pipeline_dag.py
[2026-09-23T20:33:46.689+0000] {processor.py:840} INFO - DAG(s) 'wifi_livre_sp_pipeline' retrieved from /opt/airflow/dags/wifi_pipeline_dag.py
[2026-09-23T20:33:46.716+0000] {logging_mixin.py:188} INFO - [2026-09-23T20:33:46.716+0000] {dag.py:3036} INFO - Sync 1 DAGs
[2026-09-23T20:33:46.737+0000] {logging_mixin.py:188} INFO - [2026-09-23T20:33:46.737+0000] {dag.py:3823} INFO - Setting next_dagrun for wifi_livre_sp_pipeline to 2026-09-23 00:00:00+00:00, run_after=2026-09-24 00:00:00+00:00
[2026-09-23T20:33:46.752+0000] {processor.py:183} INFO - Processing /opt/airflow/dags/wifi_pipeline_dag.py took 0.082 seconds
[2026-09-23T20:34:17.748+0000] {processor.py:161} INFO - Started process (PID=995) to work on /opt/airflow/dags/wifi_pipeline_dag.py
[2026-09-23T20:34:17.749+0000] {processor.py:830} INFO - Processing file /opt/airflow/dags/wifi_pipeline_dag.py for tasks to queue
[2026-09-23T20:34:17.750+0000] {logging_mixin.py:188} INFO - [2026-09-23T20:34:17.750+0000] {dagbag.py:538} INFO - Filling up the DagBag from /opt/airflow/dags/wifi_pipeline_dag.py
[2026-09-23T20:34:17.765+0000] {processor.py:840} INFO - DAG(s) 'wifi_livre_sp_pipeline' retrieved from /opt/airflow/dags/wifi_pipeline_dag.py
[2026-09-23T20:34:17.800+0000] {logging_mixin.py:188} INFO - [2026-09-23T20:34:17.800+0000] {dag.py:3036} INFO - Sync 1 DAGs
[2026-09-23T20:34:17.825+0000] {logging_mixin.py:188} INFO - [2026-09-23T20:34:17.825+0000] {dag.py:3823} INFO - Setting next_dagrun for wifi_livre_sp_pipeline to 2026-09-23 00:00:00+00:00, run_after=2026-09-24 00:00:00+00:00
[2026-09-23T20:34:17.845+0000] {processor.py:183} INFO - Processing /opt/airflow/dags/wifi_pipeline_dag.py took 0.100 seconds
[2026-09-23T20:34:48.819+0000] {processor.py:161} INFO - Started process (PID=1000) to work on /opt/airflow/dags/wifi_pipeline_dag.py
[2026-09-23T20:34:48.821+0000] {processor.py:830} INFO - Processing file /opt/airflow/dags/wifi_pipeline_dag.py for tasks to queue
[2026-09-23T20:34:48.822+0000] {logging_mixin.py:188} INFO - [2026-09-23T20:34:48.822+0000] {dagbag.py:538} INFO - Filling up the DagBag from /opt/airflow/dags/wifi_pipeline_dag.py
[2026-09-23T20:34:48.843+0000] {processor.py:840} INFO - DAG(s) 'wifi_livre_sp_pipeline' retrieved from /opt/airflow/dags/wifi_pipeline_dag.py
[2026-09-23T20:34:48.885+0000] {logging_mixin.py:188} INFO - [2026-09-23T20:34:48.884+0000] {dag.py:3036} INFO - Sync 1 DAGs
[2026-09-23T20:34:48.919+0000] {logging_mixin.py:188} INFO - [2026-09-23T20:34:48.919+0000] {dag.py:3823} INFO - Setting next_dagrun for wifi_livre_sp_pipeline to 2026-09-23 00:00:00+00:00, run_after=2026-09-24 00:00:00+00:00
[2026-09-23T20:34:48.943+0000] {processor.py:183} INFO - Processing /opt/airflow/dags/wifi_pipeline_dag.py took 0.130 seconds
[2026-09-23T20:35:19.759+0000] {processor.py:161} INFO - Started process (PID=1005) to work on /opt/airflow/dags/wifi_pipeline_dag.py
[2026-09-23T20:35:19.760+0000] {processor.py:830} INFO - Processing file /opt/airflow/dags/wifi_pipeline_dag.py for tasks to queue
[2026-09-23T20:35:19.761+0000] {logging_mixin.py:188} INFO - [2026-09-23T20:35:19.760+0000] {dagbag.py:538} INFO - Filling up the DagBag from /opt/airflow/dags/wifi_pipeline_dag.py
[2026-09-23T20:35:19.772+0000] {processor.py:840} INFO - DAG(s) 'wifi_livre_sp_pipeline' retrieved from /opt/airflow/dags/wifi_pipeline_dag.py
[2026-09-23T20:35:19.804+0000] {logging_mixin.py:188} INFO - [2026-09-23T20:35:19.804+0000] {dag.py:3036} INFO - Sync 1 DAGs
[2026-09-23T20:35:19.829+0000] {logging_mixin.py:188} INFO - [2026-09-23T20:35:19.828+0000] {dag.py:3823} INFO - Setting next_dagrun for wifi_livre_sp_pipeline to 2026-09-23 00:00:00+00:00, run_after=2026-09-24 00:00:00+00:00
[2026-09-23T20:35:19.849+0000] {processor.py:183} INFO - Processing /opt/airflow/dags/wifi_pipeline_dag.py took 0.093 seconds
[2026-09-23T20:35:49.937+0000] {processor.py:161} INFO - Started process (PID=1010) to work on /opt/airflow/dags/wifi_pipeline_dag.py
[2026-09-23T20:35:49.939+0000] {processor.py:830} INFO - Processing file /opt/airflow/dags/wifi_pipeline_dag.py for tasks to queue
[2026-09-23T20:35:49.940+0000] {logging_mixin.py:188} INFO - [2026-09-23T20:35:49.939+0000] {dagbag.py:538} INFO - Filling up the DagBag from /opt/airflow/dags/wifi_pipeline_dag.py
[2026-09-23T20:35:49.952+0000] {processor.py:840} INFO - DAG(s) 'wifi_livre_sp_pipeline' retrieved from /opt/airflow/dags/wifi_pipeline_dag.py
[2026-09-23T20:35:49.986+0000] {logging_mixin.py:188} INFO - [2026-09-23T20:35:49.986+0000] {dag.py:3036} INFO - Sync 1 DAGs
[2026-09-23T20:35:50.011+0000] {logging_mixin.py:188} INFO - [2026-09-23T20:35:50.011+0000] {dag.py:3823} INFO - Setting next_dagrun for wifi_livre_sp_pipeline to 2026-09-23 00:00:00+00:00, run_after=2026-09-24 00:00:00+00:00
[2026-09-23T20:35:50.031+0000] {processor.py:183} INFO - Processing /opt/airflow/dags/wifi_pipeline_dag.py took 0.097 seconds
[2026-09-23T20:36:21.034+0000] {processor.py:161} INFO - Started process (PID=1015) to work on /opt/airflow/dags/wifi_pipeline_dag.py
[2026-09-23T20:36:21.035+0000] {processor.py:830} INFO - Processing file /opt/airflow/dags/wifi_pipeline_dag.py for tasks to queue
[2026-09-23T20:36:21.036+0000] {logging_mixin.py:188} INFO - [2026-09-23T20:36:21.036+0000] {dagbag.py:538} INFO - Filling up the DagBag from /opt/airflow/dags/wifi_pipeline_dag.py
[2026-09-23T20:36:21.050+0000] {processor.py:840} INFO - DAG(s) 'wifi_livre_sp_pipeline' retrieved from /opt/airflow/dags/wifi_pipeline_dag.py
[2026-09-23T20:36:21.079+0000] {logging_mixin.py:188} INFO - [2026-09-23T20:36:21.079+0000] {dag.py:3036} INFO - Sync 1 DAGs
[2026-09-23T20:36:21.103+0000] {logging_mixin.py:188} INFO - [2026-09-23T20:36:21.102+0000] {dag.py:3823} INFO - Setting next_dagrun for wifi_livre_sp_pipeline to 2026-09-23 00:00:00+00:00, run_after=2026-09-24 00:00:00+00:00
[2026-09-23T20:36:21.120+0000] {processor.py:183} INFO - Processing /opt/airflow/dags/wifi_pipeline_dag.py took 0.090 seconds
[2026-09-23T20:36:52.136+0000] {processor.py:161} INFO - Started process (PID=1020) to work on /opt/airflow/dags/wifi_pipeline_dag.py
[2026-09-23T20:36:52.138+0000] {processor.py:830} INFO - Processing file /opt/airflow/dags/wifi_pipeline_dag.py for tasks to queue
[2026-09-23T20:36:52.139+0000] {logging_mixin.py:188} INFO - [2026-09-23T20:36:52.138+0000] {dagbag.py:538} INFO - Filling up the DagBag from /opt/airflow/dags/wifi_pipeline_dag.py
[2026-09-23T20:36:52.150+0000] {processor.py:840} INFO - DAG(s) 'wifi_livre_sp_pipeline' retrieved from /opt/airflow/dags/wifi_pipeline_dag.py
[2026-09-23T20:36:52.180+0000] {logging_mixin.py:188} INFO - [2026-09-23T20:36:52.180+0000] {dag.py:3036} INFO - Sync 1 DAGs
[2026-09-23T20:36:52.207+0000] {logging_mixin.py:188} INFO - [2026-09-23T20:36:52.206+0000] {dag.py:3823} INFO - Setting next_dagrun for wifi_livre_sp_pipeline to 2026-09-23 00:00:00+00:00, run_after=2026-09-24 00:00:00+00:00
[2026-09-23T20:36:52.227+0000] {processor.py:183} INFO - Processing /opt/airflow/dags/wifi_pipeline_dag.py took 0.094 seconds
[2026-09-23T20:37:23.186+0000] {processor.py:161} INFO - Started process (PID=1025) to work on /opt/airflow/dags/wifi_pipeline_dag.py
[2026-09-23T20:37:23.187+0000] {processor.py:830} INFO - Processing file /opt/airflow/dags/wifi_pipeline_dag.py for tasks to queue
[2026-09-23T20:37:23.188+0000] {logging_mixin.py:188} INFO - [2026-09-23T20:37:23.188+0000] {dagbag.py:538} INFO - Filling up the DagBag from /opt/airflow/dags/wifi_pipeline_dag.py
[2026-09-23T20:37:23.201+0000] {processor.py:840} INFO - DAG(s) 'wifi_livre_sp_pipeline' retrieved from /opt/airflow/dags/wifi_pipeline_dag.py
[2026-09-23T20:37:23.229+0000] {logging_mixin.py:188} INFO - [2026-09-23T20:37:23.229+0000] {dag.py:3036} INFO - Sync 1 DAGs
[2026-09-23T20:37:23.250+0000] {logging_mixin.py:188} INFO - [2026-09-23T20:37:23.249+0000] {dag.py:3823} INFO - Setting next_dagrun for wifi_livre_sp_pipeline to 2026-09-23 00:00:00+00:00, run_after=2026-09-24 00:00:00+00:00
[2026-09-23T20:37:23.264+0000] {processor.py:183} INFO - Processing /opt/airflow/dags/wifi_pipeline_dag.py took 0.081 seconds
[2026-09-23T20:37:54.279+0000] {processor.py:161} INFO - Started process (PID=1030) to work on /opt/airflow/dags/wifi_pipeline_dag.py
[2026-09-23T20:37:54.280+0000] {processor.py:830} INFO - Processing file /opt/airflow/dags/wifi_pipeline_dag.py for tasks to queue
[2026-09-23T20:37:54.281+0000] {logging_mixin.py:188} INFO - [2026-09-23T20:37:54.281+0000] {dagbag.py:538} INFO - Filling up the DagBag from /opt/airflow/dags/wifi_pipeline_dag.py
[2026-09-23T20:37:54.293+0000] {processor.py:840} INFO - DAG(s) 'wifi_livre_sp_pipeline' retrieved from /opt/airflow/dags/wifi_pipeline_dag.py
[2026-09-23T20:37:54.320+0000] {logging_mixin.py:188} INFO - [2026-09-23T20:37:54.320+0000] {dag.py:3036} INFO - Sync 1 DAGs
[2026-09-23T20:37:54.340+0000] {logging_mixin.py:188} INFO - [2026-09-23T20:37:54.340+0000] {dag.py:3823} INFO - Setting next_dagrun for wifi_livre_sp_pipeline to 2026-09-23 00:00:00+00:00, run_after=2026-09-24 00:00:00+00:00
[2026-09-23T20:37:54.354+0000] {processor.py:183} INFO - Processing /opt/airflow/dags/wifi_pipeline_dag.py took 0.078 seconds
[2026-09-23T20:38:25.335+0000] {processor.py:161} INFO - Started process (PID=1035) to work on /opt/airflow/dags/wifi_pipeline_dag.py
[2026-09-23T20:38:25.336+0000] {processor.py:830} INFO - Processing file /opt/airflow/dags/wifi_pipeline_dag.py for tasks to queue
[2026-09-23T20:38:25.337+0000] {logging_mixin.py:188} INFO - [2026-09-23T20:38:25.336+0000] {dagbag.py:538} INFO - Filling up the DagBag from /opt/airflow/dags/wifi_pipeline_dag.py
[2026-09-23T20:38:25.351+0000] {processor.py:840} INFO - DAG(s) 'wifi_livre_sp_pipeline' retrieved from /opt/airflow/dags/wifi_pipeline_dag.py
[2026-09-23T20:38:25.379+0000] {logging_mixin.py:188} INFO - [2026-09-23T20:38:25.379+0000] {dag.py:3036} INFO - Sync 1 DAGs
[2026-09-23T20:38:25.400+0000] {logging_mixin.py:188} INFO - [2026-09-23T20:38:25.399+0000] {dag.py:3823} INFO - Setting next_dagrun for wifi_livre_sp_pipeline to 2026-09-23 00:00:00+00:00, run_after=2026-09-24 00:00:00+00:00
[2026-09-23T20:38:25.414+0000] {processor.py:183} INFO - Processing /opt/airflow/dags/wifi_pipeline_dag.py took 0.083 seconds
[2026-09-23T20:38:56.399+0000] {processor.py:161} INFO - Started process (PID=1040) to work on /opt/airflow/dags/wifi_pipeline_dag.py
[2026-09-23T20:38:56.401+0000] {processor.py:830} INFO - Processing file /opt/airflow/dags/wifi_pipeline_dag.py for tasks to queue
[2026-09-23T20:38:56.402+0000] {logging_mixin.py:188} INFO - [2026-09-23T20:38:56.401+0000] {dagbag.py:538} INFO - Filling up the DagBag from /opt/airflow/dags/wifi_pipeline_dag.py
[2026-09-23T20:38:56.414+0000] {processor.py:840} INFO - DAG(s) 'wifi_livre_sp_pipeline' retrieved from /opt/airflow/dags/wifi_pipeline_dag.py
[2026-09-23T20:38:56.443+0000] {logging_mixin.py:188} INFO - [2026-09-23T20:38:56.443+0000] {dag.py:3036} INFO - Sync 1 DAGs
[2026-09-23T20:38:56.464+0000] {logging_mixin.py:188} INFO - [2026-09-23T20:38:56.463+0000] {dag.py:3823} INFO - Setting next_dagrun for wifi_livre_sp_pipeline to 2026-09-23 00:00:00+00:00, run_after=2026-09-24 00:00:00+00:00
[2026-09-23T20:38:56.479+0000] {processor.py:183} INFO - Processing /opt/airflow/dags/wifi_pipeline_dag.py took 0.083 seconds
[2026-09-23T20:39:27.474+0000] {processor.py:161} INFO - Started process (PID=1045) to work on /opt/airflow/dags/wifi_pipeline_dag.py
[2026-09-23T20:39:27.475+0000] {processor.py:830} INFO - Processing file /opt/airflow/dags/wifi_pipeline_dag.py for tasks to queue
[2026-09-23T20:39:27.476+0000] {logging_mixin.py:188} INFO - [2026-09-23T20:39:27.475+0000] {dagbag.py:538} INFO - Filling up the DagBag from /opt/airflow/dags/wifi_pipeline_dag.py
[2026-09-23T20:39:27.489+0000] {processor.py:840} INFO - DAG(s) 'wifi_livre_sp_pipeline' retrieved from /opt/airflow/dags/wifi_pipeline_dag.py
[2026-09-23T20:39:27.516+0000] {logging_mixin.py:188} INFO - [2026-09-23T20:39:27.515+0000] {dag.py:3036} INFO - Sync 1 DAGs
[2026-09-23T20:39:27.537+0000] {logging_mixin.py:188} INFO - [2026-09-23T20:39:27.536+0000] {dag.py:3823} INFO - Setting next_dagrun for wifi_livre_sp_pipeline to 2026-09-23 00:00:00+00:00, run_after=2026-09-24 00:00:00+00:00
[2026-09-23T20:39:27.552+0000] {processor.py:183} INFO - Processing /opt/airflow/dags/wifi_pipeline_dag.py took 0.081 seconds
[2026-09-23T20:39:58.525+0000] {processor.py:161} INFO - Started process (PID=1050) to work on /opt/airflow/dags/wifi_pipeline_dag.py
[2026-09-23T20:39:58.527+0000] {processor.py:830} INFO - Processing file /opt/airflow/dags/wifi_pipeline_dag.py for tasks to queue
[2026-09-23T20:39:58.528+0000] {logging_mixin.py:188} INFO - [2026-09-23T20:39:58.528+0000] {dagbag.py:538} INFO - Filling up the DagBag from /opt/airflow/dags/wifi_pipeline_dag.py
[2026-09-23T20:39:58.544+0000] {processor.py:840} INFO - DAG(s) 'wifi_livre_sp_pipeline' retrieved from /opt/airflow/dags/wifi_pipeline_dag.py
[2026-09-23T20:39:58.575+0000] {logging_mixin.py:188} INFO - [2026-09-23T20:39:58.574+0000] {dag.py:3036} INFO - Sync 1 DAGs
[2026-09-23T20:39:58.597+0000] {logging_mixin.py:188} INFO - [2026-09-23T20:39:58.597+0000] {dag.py:3823} INFO - Setting next_dagrun for wifi_livre_sp_pipeline to 2026-09-23 00:00:00+00:00, run_after=2026-09-24 00:00:00+00:00
[2026-09-23T20:39:58.616+0000] {processor.py:183} INFO - Processing /opt/airflow/dags/wifi_pipeline_dag.py took 0.094 seconds
[2026-09-23T20:40:29.631+0000] {processor.py:161} INFO - Started process (PID=1055) to work on /opt/airflow/dags/wifi_pipeline_dag.py
[2026-09-23T20:40:29.632+0000] {processor.py:830} INFO - Processing file /opt/airflow/dags/wifi_pipeline_dag.py for tasks to queue
[2026-09-23T20:40:29.633+0000] {logging_mixin.py:188} INFO - [2026-09-23T20:40:29.633+0000] {dagbag.py:538} INFO - Filling up the DagBag from /opt/airflow/dags/wifi_pipeline_dag.py
[2026-09-23T20:40:29.645+0000] {processor.py:840} INFO - DAG(s) 'wifi_livre_sp_pipeline' retrieved from /opt/airflow/dags/wifi_pipeline_dag.py
[2026-09-23T20:40:29.675+0000] {logging_mixin.py:188} INFO - [2026-09-23T20:40:29.675+0000] {dag.py:3036} INFO - Sync 1 DAGs
[2026-09-23T20:40:29.697+0000] {logging_mixin.py:188} INFO - [2026-09-23T20:40:29.697+0000] {dag.py:3823} INFO - Setting next_dagrun for wifi_livre_sp_pipeline to 2026-09-23 00:00:00+00:00, run_after=2026-09-24 00:00:00+00:00
[2026-09-23T20:40:29.712+0000] {processor.py:183} INFO - Processing /opt/airflow/dags/wifi_pipeline_dag.py took 0.084 seconds
[2026-09-23T20:41:00.682+0000] {processor.py:161} INFO - Started process (PID=1060) to work on /opt/airflow/dags/wifi_pipeline_dag.py
[2026-09-23T20:41:00.683+0000] {processor.py:830} INFO - Processing file /opt/airflow/dags/wifi_pipeline_dag.py for tasks to queue
[2026-09-23T20:41:00.684+0000] {logging_mixin.py:188} INFO - [2026-09-23T20:41:00.684+0000] {dagbag.py:538} INFO - Filling up the DagBag from /opt/airflow/dags/wifi_pipeline_dag.py
[2026-09-23T20:41:00.697+0000] {processor.py:840} INFO - DAG(s) 'wifi_livre_sp_pipeline' retrieved from /opt/airflow/dags/wifi_pipeline_dag.py
[2026-09-23T20:41:00.727+0000] {logging_mixin.py:188} INFO - [2026-09-23T20:41:00.727+0000] {dag.py:3036} INFO - Sync 1 DAGs
[2026-09-23T20:41:00.752+0000] {logging_mixin.py:188} INFO - [2026-09-23T20:41:00.751+0000] {dag.py:3823} INFO - Setting next_dagrun for wifi_livre_sp_pipeline to 2026-09-23 00:00:00+00:00, run_after=2026-09-24 00:00:00+00:00
[2026-09-23T20:41:00.772+0000] {processor.py:183} INFO - Processing /opt/airflow/dags/wifi_pipeline_dag.py took 0.094 seconds
[2026-09-23T20:41:30.814+0000] {processor.py:161} INFO - Started process (PID=1065) to work on /opt/airflow/dags/wifi_pipeline_dag.py
[2026-09-23T20:41:30.816+0000] {processor.py:830} INFO - Processing file /opt/airflow/dags/wifi_pipeline_dag.py for tasks to queue
[2026-09-23T20:41:30.817+0000] {logging_mixin.py:188} INFO - [2026-09-23T20:41:30.816+0000] {dagbag.py:538} INFO - Filling up the DagBag from /opt/airflow/dags/wifi_pipeline_dag.py
[2026-09-23T20:41:30.841+0000] {processor.py:840} INFO - DAG(s) 'wifi_livre_sp_pipeline' retrieved from /opt/airflow/dags/wifi_pipeline_dag.py
[2026-09-23T20:41:30.901+0000] {logging_mixin.py:188} INFO - [2026-09-23T20:41:30.901+0000] {dag.py:3036} INFO - Sync 1 DAGs
[2026-09-23T20:41:30.930+0000] {logging_mixin.py:188} INFO - [2026-09-23T20:41:30.930+0000] {dag.py:3823} INFO - Setting next_dagrun for wifi_livre_sp_pipeline to 2026-09-23 00:00:00+00:00, run_after=2026-09-24 00:00:00+00:00
[2026-09-23T20:41:30.950+0000] {processor.py:183} INFO - Processing /opt/airflow/dags/wifi_pipeline_dag.py took 0.142 seconds
[2026-09-23T20:42:01.876+0000] {processor.py:161} INFO - Started process (PID=1070) to work on /opt/airflow/dags/wifi_pipeline_dag.py
[2026-09-23T20:42:01.878+0000] {processor.py:830} INFO - Processing file /opt/airflow/dags/wifi_pipeline_dag.py for tasks to queue
[2026-09-23T20:42:01.879+0000] {logging_mixin.py:188} INFO - [2026-09-23T20:42:01.879+0000] {dagbag.py:538} INFO - Filling up the DagBag from /opt/airflow/dags/wifi_pipeline_dag.py
[2026-09-23T20:42:01.899+0000] {processor.py:840} INFO - DAG(s) 'wifi_livre_sp_pipeline' retrieved from /opt/airflow/dags/wifi_pipeline_dag.py
[2026-09-23T20:42:01.932+0000] {logging_mixin.py:188} INFO - [2026-09-23T20:42:01.932+0000] {dag.py:3036} INFO - Sync 1 DAGs
[2026-09-23T20:42:01.956+0000] {logging_mixin.py:188} INFO - [2026-09-23T20:42:01.956+0000] {dag.py:3823} INFO - Setting next_dagrun for wifi_livre_sp_pipeline to 2026-09-23 00:00:00+00:00, run_after=2026-09-24 00:00:00+00:00
[2026-09-23T20:42:01.971+0000] {processor.py:183} INFO - Processing /opt/airflow/dags/wifi_pipeline_dag.py took 0.099 seconds
[2026-09-23T20:42:32.006+0000] {processor.py:161} INFO - Started process (PID=1075) to work on /opt/airflow/dags/wifi_pipeline_dag.py
[2026-09-23T20:42:32.007+0000] {processor.py:830} INFO - Processing file /opt/airflow/dags/wifi_pipeline_dag.py for tasks to queue
[2026-09-23T20:42:32.008+0000] {logging_mixin.py:188} INFO - [2026-09-23T20:42:32.008+0000] {dagbag.py:538} INFO - Filling up the DagBag from /opt/airflow/dags/wifi_pipeline_dag.py
[2026-09-23T20:42:32.022+0000] {processor.py:840} INFO - DAG(s) 'wifi_livre_sp_pipeline' retrieved from /opt/airflow/dags/wifi_pipeline_dag.py
[2026-09-23T20:42:32.053+0000] {logging_mixin.py:188} INFO - [2026-09-23T20:42:32.053+0000] {dag.py:3036} INFO - Sync 1 DAGs
[2026-09-23T20:42:32.076+0000] {logging_mixin.py:188} INFO - [2026-09-23T20:42:32.075+0000] {dag.py:3823} INFO - Setting next_dagrun for wifi_livre_sp_pipeline to 2026-09-23 00:00:00+00:00, run_after=2026-09-24 00:00:00+00:00
[2026-09-23T20:42:32.094+0000] {processor.py:183} INFO - Processing /opt/airflow/dags/wifi_pipeline_dag.py took 0.092 seconds
[2026-09-23T20:43:03.069+0000] {processor.py:161} INFO - Started process (PID=1080) to work on /opt/airflow/dags/wifi_pipeline_dag.py
[2026-09-23T20:43:03.071+0000] {processor.py:830} INFO - Processing file /opt/airflow/dags/wifi_pipeline_dag.py for tasks to queue
[2026-09-23T20:43:03.072+0000] {logging_mixin.py:188} INFO - [2026-09-23T20:43:03.071+0000] {dagbag.py:538} INFO - Filling up the DagBag from /opt/airflow/dags/wifi_pipeline_dag.py
[2026-09-23T20:43:03.087+0000] {processor.py:840} INFO - DAG(s) 'wifi_livre_sp_pipeline' retrieved from /opt/airflow/dags/wifi_pipeline_dag.py
[2026-09-23T20:43:03.121+0000] {logging_mixin.py:188} INFO - [2026-09-23T20:43:03.121+0000] {dag.py:3036} INFO - Sync 1 DAGs
[2026-09-23T20:43:03.146+0000] {logging_mixin.py:188} INFO - [2026-09-23T20:43:03.146+0000] {dag.py:3823} INFO - Setting next_dagrun for wifi_livre_sp_pipeline to 2026-09-23 00:00:00+00:00, run_after=2026-09-24 00:00:00+00:00
[2026-09-23T20:43:03.166+0000] {processor.py:183} INFO - Processing /opt/airflow/dags/wifi_pipeline_dag.py took 0.101 seconds
[2026-09-23T20:43:34.168+0000] {processor.py:161} INFO - Started process (PID=1085) to work on /opt/airflow/dags/wifi_pipeline_dag.py
[2026-09-23T20:43:34.169+0000] {processor.py:830} INFO - Processing file /opt/airflow/dags/wifi_pipeline_dag.py for tasks to queue
[2026-09-23T20:43:34.170+0000] {logging_mixin.py:188} INFO - [2026-09-23T20:43:34.169+0000] {dagbag.py:538} INFO - Filling up the DagBag from /opt/airflow/dags/wifi_pipeline_dag.py
[2026-09-23T20:43:34.183+0000] {processor.py:840} INFO - DAG(s) 'wifi_livre_sp_pipeline' retrieved from /opt/airflow/dags/wifi_pipeline_dag.py
[2026-09-23T20:43:34.212+0000] {logging_mixin.py:188} INFO - [2026-09-23T20:43:34.212+0000] {dag.py:3036} INFO - Sync 1 DAGs
[2026-09-23T20:43:34.234+0000] {logging_mixin.py:188} INFO - [2026-09-23T20:43:34.234+0000] {dag.py:3823} INFO - Setting next_dagrun for wifi_livre_sp_pipeline to 2026-09-23 00:00:00+00:00, run_after=2026-09-24 00:00:00+00:00
[2026-09-23T20:43:34.250+0000] {processor.py:183} INFO - Processing /opt/airflow/dags/wifi_pipeline_dag.py took 0.085 seconds
[2026-09-23T20:44:05.215+0000] {processor.py:161} INFO - Started process (PID=1090) to work on /opt/airflow/dags/wifi_pipeline_dag.py
[2026-09-23T20:44:05.216+0000] {processor.py:830} INFO - Processing file /opt/airflow/dags/wifi_pipeline_dag.py for tasks to queue
[2026-09-23T20:44:05.217+0000] {logging_mixin.py:188} INFO - [2026-09-23T20:44:05.217+0000] {dagbag.py:538} INFO - Filling up the DagBag from /opt/airflow/dags/wifi_pipeline_dag.py
[2026-09-23T20:44:05.231+0000] {processor.py:840} INFO - DAG(s) 'wifi_livre_sp_pipeline' retrieved from /opt/airflow/dags/wifi_pipeline_dag.py
[2026-09-23T20:44:05.280+0000] {logging_mixin.py:188} INFO - [2026-09-23T20:44:05.279+0000] {dag.py:3036} INFO - Sync 1 DAGs
[2026-09-23T20:44:05.316+0000] {logging_mixin.py:188} INFO - [2026-09-23T20:44:05.315+0000] {dag.py:3823} INFO - Setting next_dagrun for wifi_livre_sp_pipeline to 2026-09-23 00:00:00+00:00, run_after=2026-09-24 00:00:00+00:00
[2026-09-23T20:44:05.347+0000] {processor.py:183} INFO - Processing /opt/airflow/dags/wifi_pipeline_dag.py took 0.135 seconds
[2026-09-23T20:44:35.396+0000] {processor.py:161} INFO - Started process (PID=1095) to work on /opt/airflow/dags/wifi_pipeline_dag.py
[2026-09-23T20:44:35.398+0000] {processor.py:830} INFO - Processing file /opt/airflow/dags/wifi_pipeline_dag.py for tasks to queue
[2026-09-23T20:44:35.399+0000] {logging_mixin.py:188} INFO - [2026-09-23T20:44:35.398+0000] {dagbag.py:538} INFO - Filling up the DagBag from /opt/airflow/dags/wifi_pipeline_dag.py
[2026-09-23T20:44:35.411+0000] {processor.py:840} INFO - DAG(s) 'wifi_livre_sp_pipeline' retrieved from /opt/airflow/dags/wifi_pipeline_dag.py
[2026-09-23T20:44:35.443+0000] {logging_mixin.py:188} INFO - [2026-09-23T20:44:35.443+0000] {dag.py:3036} INFO - Sync 1 DAGs
[2026-09-23T20:44:35.468+0000] {logging_mixin.py:188} INFO - [2026-09-23T20:44:35.468+0000] {dag.py:3823} INFO - Setting next_dagrun for wifi_livre_sp_pipeline to 2026-09-23 00:00:00+00:00, run_after=2026-09-24 00:00:00+00:00
[2026-09-23T20:44:35.497+0000] {processor.py:183} INFO - Processing /opt/airflow/dags/wifi_pipeline_dag.py took 0.105 seconds
[2026-09-23T20:45:05.536+0000] {processor.py:161} INFO - Started process (PID=1100) to work on /opt/airflow/dags/wifi_pipeline_dag.py
[2026-09-23T20:45:05.537+0000] {processor.py:830} INFO - Processing file /opt/airflow/dags/wifi_pipeline_dag.py for tasks to queue
[2026-09-23T20:45:05.538+0000] {logging_mixin.py:188} INFO - [2026-09-23T20:45:05.538+0000] {dagbag.py:538} INFO - Filling up the DagBag from /opt/airflow/dags/wifi_pipeline_dag.py
[2026-09-23T20:45:05.551+0000] {processor.py:840} INFO - DAG(s) 'wifi_livre_sp_pipeline' retrieved from /opt/airflow/dags/wifi_pipeline_dag.py
[2026-09-23T20:45:05.587+0000] {logging_mixin.py:188} INFO - [2026-09-23T20:45:05.587+0000] {dag.py:3036} INFO - Sync 1 DAGs
[2026-09-23T20:45:05.615+0000] {logging_mixin.py:188} INFO - [2026-09-23T20:45:05.615+0000] {dag.py:3823} INFO - Setting next_dagrun for wifi_livre_sp_pipeline to 2026-09-23 00:00:00+00:00, run_after=2026-09-24 00:00:00+00:00
[2026-09-23T20:45:05.636+0000] {processor.py:183} INFO - Processing /opt/airflow/dags/wifi_pipeline_dag.py took 0.104 seconds
[2026-09-23T20:45:36.579+0000] {processor.py:161} INFO - Started process (PID=1105) to work on /opt/airflow/dags/wifi_pipeline_dag.py
[2026-09-23T20:45:36.581+0000] {processor.py:830} INFO - Processing file /opt/airflow/dags/wifi_pipeline_dag.py for tasks to queue
[2026-09-23T20:45:36.583+0000] {logging_mixin.py:188} INFO - [2026-09-23T20:45:36.582+0000] {dagbag.py:538} INFO - Filling up the DagBag from /opt/airflow/dags/wifi_pipeline_dag.py
[2026-09-23T20:45:36.596+0000] {processor.py:840} INFO - DAG(s) 'wifi_livre_sp_pipeline' retrieved from /opt/airflow/dags/wifi_pipeline_dag.py
[2026-09-23T20:45:36.631+0000] {logging_mixin.py:188} INFO - [2026-09-23T20:45:36.631+0000] {dag.py:3036} INFO - Sync 1 DAGs
[2026-09-23T20:45:36.658+0000] {logging_mixin.py:188} INFO - [2026-09-23T20:45:36.658+0000] {dag.py:3823} INFO - Setting next_dagrun for wifi_livre_sp_pipeline to 2026-09-23 00:00:00+00:00, run_after=2026-09-24 00:00:00+00:00
[2026-09-23T20:45:36.683+0000] {processor.py:183} INFO - Processing /opt/airflow/dags/wifi_pipeline_dag.py took 0.109 seconds
[2026-09-23T20:46:06.714+0000] {processor.py:161} INFO - Started process (PID=1110) to work on /opt/airflow/dags/wifi_pipeline_dag.py
[2026-09-23T20:46:06.715+0000] {processor.py:830} INFO - Processing file /opt/airflow/dags/wifi_pipeline_dag.py for tasks to queue
[2026-09-23T20:46:06.716+0000] {logging_mixin.py:188} INFO - [2026-09-23T20:46:06.715+0000] {dagbag.py:538} INFO - Filling up the DagBag from /opt/airflow/dags/wifi_pipeline_dag.py
[2026-09-23T20:46:06.727+0000] {processor.py:840} INFO - DAG(s) 'wifi_livre_sp_pipeline' retrieved from /opt/airflow/dags/wifi_pipeline_dag.py
[2026-09-23T20:46:06.760+0000] {logging_mixin.py:188} INFO - [2026-09-23T20:46:06.760+0000] {dag.py:3036} INFO - Sync 1 DAGs
[2026-09-23T20:46:06.787+0000] {logging_mixin.py:188} INFO - [2026-09-23T20:46:06.786+0000] {dag.py:3823} INFO - Setting next_dagrun for wifi_livre_sp_pipeline to 2026-09-23 00:00:00+00:00, run_after=2026-09-24 00:00:00+00:00
[2026-09-23T20:46:06.808+0000] {processor.py:183} INFO - Processing /opt/airflow/dags/wifi_pipeline_dag.py took 0.097 seconds
[2026-09-23T20:46:36.836+0000] {processor.py:161} INFO - Started process (PID=1115) to work on /opt/airflow/dags/wifi_pipeline_dag.py
[2026-09-23T20:46:36.838+0000] {processor.py:830} INFO - Processing file /opt/airflow/dags/wifi_pipeline_dag.py for tasks to queue
[2026-09-23T20:46:36.839+0000] {logging_mixin.py:188} INFO - [2026-09-23T20:46:36.839+0000] {dagbag.py:538} INFO - Filling up the DagBag from /opt/airflow/dags/wifi_pipeline_dag.py
[2026-09-23T20:46:36.856+0000] {processor.py:840} INFO - DAG(s) 'wifi_livre_sp_pipeline' retrieved from /opt/airflow/dags/wifi_pipeline_dag.py
[2026-09-23T20:46:36.889+0000] {logging_mixin.py:188} INFO - [2026-09-23T20:46:36.889+0000] {dag.py:3036} INFO - Sync 1 DAGs
[2026-09-23T20:46:36.914+0000] {logging_mixin.py:188} INFO - [2026-09-23T20:46:36.913+0000] {dag.py:3823} INFO - Setting next_dagrun for wifi_livre_sp_pipeline to 2026-09-23 00:00:00+00:00, run_after=2026-09-24 00:00:00+00:00
[2026-09-23T20:46:36.934+0000] {processor.py:183} INFO - Processing /opt/airflow/dags/wifi_pipeline_dag.py took 0.101 seconds
[2026-09-23T20:47:07.854+0000] {processor.py:161} INFO - Started process (PID=1120) to work on /opt/airflow/dags/wifi_pipeline_dag.py
[2026-09-23T20:47:07.855+0000] {processor.py:830} INFO - Processing file /opt/airflow/dags/wifi_pipeline_dag.py for tasks to queue
[2026-09-23T20:47:07.856+0000] {logging_mixin.py:188} INFO - [2026-09-23T20:47:07.856+0000] {dagbag.py:538} INFO - Filling up the DagBag from /opt/airflow/dags/wifi_pipeline_dag.py
[2026-09-23T20:47:07.867+0000] {processor.py:840} INFO - DAG(s) 'wifi_livre_sp_pipeline' retrieved from /opt/airflow/dags/wifi_pipeline_dag.py
[2026-09-23T20:47:07.898+0000] {logging_mixin.py:188} INFO - [2026-09-23T20:47:07.898+0000] {dag.py:3036} INFO - Sync 1 DAGs
[2026-09-23T20:47:07.920+0000] {logging_mixin.py:188} INFO - [2026-09-23T20:47:07.919+0000] {dag.py:3823} INFO - Setting next_dagrun for wifi_livre_sp_pipeline to 2026-09-23 00:00:00+00:00, run_after=2026-09-24 00:00:00+00:00
[2026-09-23T20:47:07.936+0000] {processor.py:183} INFO - Processing /opt/airflow/dags/wifi_pipeline_dag.py took 0.085 seconds
[2026-09-23T20:47:37.967+0000] {processor.py:161} INFO - Started process (PID=1125) to work on /opt/airflow/dags/wifi_pipeline_dag.py
[2026-09-23T20:47:37.969+0000] {processor.py:830} INFO - Processing file /opt/airflow/dags/wifi_pipeline_dag.py for tasks to queue
[2026-09-23T20:47:37.970+0000] {logging_mixin.py:188} INFO - [2026-09-23T20:47:37.970+0000] {dagbag.py:538} INFO - Filling up the DagBag from /opt/airflow/dags/wifi_pipeline_dag.py
[2026-09-23T20:47:37.984+0000] {processor.py:840} INFO - DAG(s) 'wifi_livre_sp_pipeline' retrieved from /opt/airflow/dags/wifi_pipeline_dag.py
[2026-09-23T20:47:38.014+0000] {logging_mixin.py:188} INFO - [2026-09-23T20:47:38.013+0000] {dag.py:3036} INFO - Sync 1 DAGs
[2026-09-23T20:47:38.037+0000] {logging_mixin.py:188} INFO - [2026-09-23T20:47:38.037+0000] {dag.py:3823} INFO - Setting next_dagrun for wifi_livre_sp_pipeline to 2026-09-23 00:00:00+00:00, run_after=2026-09-24 00:00:00+00:00
[2026-09-23T20:47:38.056+0000] {processor.py:183} INFO - Processing /opt/airflow/dags/wifi_pipeline_dag.py took 0.092 seconds
[2026-09-23T20:48:08.091+0000] {processor.py:161} INFO - Started process (PID=1130) to work on /opt/airflow/dags/wifi_pipeline_dag.py
[2026-09-23T20:48:08.092+0000] {processor.py:830} INFO - Processing file /opt/airflow/dags/wifi_pipeline_dag.py for tasks to queue
[2026-09-23T20:48:08.093+0000] {logging_mixin.py:188} INFO - [2026-09-23T20:48:08.092+0000] {dagbag.py:538} INFO - Filling up the DagBag from /opt/airflow/dags/wifi_pipeline_dag.py
[2026-09-23T20:48:08.107+0000] {processor.py:840} INFO - DAG(s) 'wifi_livre_sp_pipeline' retrieved from /opt/airflow/dags/wifi_pipeline_dag.py
[2026-09-23T20:48:08.141+0000] {logging_mixin.py:188} INFO - [2026-09-23T20:48:08.140+0000] {dag.py:3036} INFO - Sync 1 DAGs
[2026-09-23T20:48:08.165+0000] {logging_mixin.py:188} INFO - [2026-09-23T20:48:08.165+0000] {dag.py:3823} INFO - Setting next_dagrun for wifi_livre_sp_pipeline to 2026-09-23 00:00:00+00:00, run_after=2026-09-24 00:00:00+00:00
[2026-09-23T20:48:08.187+0000] {processor.py:183} INFO - Processing /opt/airflow/dags/wifi_pipeline_dag.py took 0.099 seconds
[2026-09-23T20:48:39.154+0000] {processor.py:161} INFO - Started process (PID=1135) to work on /opt/airflow/dags/wifi_pipeline_dag.py
[2026-09-23T20:48:39.156+0000] {processor.py:830} INFO - Processing file /opt/airflow/dags/wifi_pipeline_dag.py for tasks to queue
[2026-09-23T20:48:39.157+0000] {logging_mixin.py:188} INFO - [2026-09-23T20:48:39.157+0000] {dagbag.py:538} INFO - Filling up the DagBag from /opt/airflow/dags/wifi_pipeline_dag.py
[2026-09-23T20:48:39.171+0000] {processor.py:840} INFO - DAG(s) 'wifi_livre_sp_pipeline' retrieved from /opt/airflow/dags/wifi_pipeline_dag.py
[2026-09-23T20:48:39.204+0000] {logging_mixin.py:188} INFO - [2026-09-23T20:48:39.204+0000] {dag.py:3036} INFO - Sync 1 DAGs
[2026-09-23T20:48:39.231+0000] {logging_mixin.py:188} INFO - [2026-09-23T20:48:39.231+0000] {dag.py:3823} INFO - Setting next_dagrun for wifi_livre_sp_pipeline to 2026-09-23 00:00:00+00:00, run_after=2026-09-24 00:00:00+00:00
[2026-09-23T20:48:39.265+0000] {processor.py:183} INFO - Processing /opt/airflow/dags/wifi_pipeline_dag.py took 0.114 seconds
[2026-09-23T20:49:10.262+0000] {processor.py:161} INFO - Started process (PID=1140) to work on /opt/airflow/dags/wifi_pipeline_dag.py
[2026-09-23T20:49:10.263+0000] {processor.py:830} INFO - Processing file /opt/airflow/dags/wifi_pipeline_dag.py for tasks to queue
[2026-09-23T20:49:10.263+0000] {logging_mixin.py:188} INFO - [2026-09-23T20:49:10.263+0000] {dagbag.py:538} INFO - Filling up the DagBag from /opt/airflow/dags/wifi_pipeline_dag.py
[2026-09-23T20:49:10.275+0000] {processor.py:840} INFO - DAG(s) 'wifi_livre_sp_pipeline' retrieved from /opt/airflow/dags/wifi_pipeline_dag.py
[2026-09-23T20:49:10.310+0000] {logging_mixin.py:188} INFO - [2026-09-23T20:49:10.309+0000] {dag.py:3036} INFO - Sync 1 DAGs
[2026-09-23T20:49:10.335+0000] {logging_mixin.py:188} INFO - [2026-09-23T20:49:10.334+0000] {dag.py:3823} INFO - Setting next_dagrun for wifi_livre_sp_pipeline to 2026-09-23 00:00:00+00:00, run_after=2026-09-24 00:00:00+00:00
[2026-09-23T20:49:10.354+0000] {processor.py:183} INFO - Processing /opt/airflow/dags/wifi_pipeline_dag.py took 0.095 seconds
[2026-09-23T20:49:41.348+0000] {processor.py:161} INFO - Started process (PID=1145) to work on /opt/airflow/dags/wifi_pipeline_dag.py
[2026-09-23T20:49:41.351+0000] {processor.py:830} INFO - Processing file /opt/airflow/dags/wifi_pipeline_dag.py for tasks to queue
[2026-09-23T20:49:41.352+0000] {logging_mixin.py:188} INFO - [2026-09-23T20:49:41.352+0000] {dagbag.py:538} INFO - Filling up the DagBag from /opt/airflow/dags/wifi_pipeline_dag.py
[2026-09-23T20:49:41.367+0000] {processor.py:840} INFO - DAG(s) 'wifi_livre_sp_pipeline' retrieved from /opt/airflow/dags/wifi_pipeline_dag.py
[2026-09-23T20:49:41.399+0000] {logging_mixin.py:188} INFO - [2026-09-23T20:49:41.399+0000] {dag.py:3036} INFO - Sync 1 DAGs
[2026-09-23T20:49:41.422+0000] {logging_mixin.py:188} INFO - [2026-09-23T20:49:41.422+0000] {dag.py:3823} INFO - Setting next_dagrun for wifi_livre_sp_pipeline to 2026-09-23 00:00:00+00:00, run_after=2026-09-24 00:00:00+00:00
[2026-09-23T20:49:41.440+0000] {processor.py:183} INFO - Processing /opt/airflow/dags/wifi_pipeline_dag.py took 0.097 seconds
[2026-09-23T20:50:12.424+0000] {processor.py:161} INFO - Started process (PID=1150) to work on /opt/airflow/dags/wifi_pipeline_dag.py
[2026-09-23T20:50:12.425+0000] {processor.py:830} INFO - Processing file /opt/airflow/dags/wifi_pipeline_dag.py for tasks to queue
[2026-09-23T20:50:12.426+0000] {logging_mixin.py:188} INFO - [2026-09-23T20:50:12.425+0000] {dagbag.py:538} INFO - Filling up the DagBag from /opt/airflow/dags/wifi_pipeline_dag.py
[2026-09-23T20:50:12.439+0000] {processor.py:840} INFO - DAG(s) 'wifi_livre_sp_pipeline' retrieved from /opt/airflow/dags/wifi_pipeline_dag.py
[2026-09-23T20:50:12.472+0000] {logging_mixin.py:188} INFO - [2026-09-23T20:50:12.472+0000] {dag.py:3036} INFO - Sync 1 DAGs
[2026-09-23T20:50:12.497+0000] {logging_mixin.py:188} INFO - [2026-09-23T20:50:12.497+0000] {dag.py:3823} INFO - Setting next_dagrun for wifi_livre_sp_pipeline to 2026-09-23 00:00:00+00:00, run_after=2026-09-24 00:00:00+00:00
[2026-09-23T20:50:12.516+0000] {processor.py:183} INFO - Processing /opt/airflow/dags/wifi_pipeline_dag.py took 0.097 seconds
[2026-09-23T20:50:43.511+0000] {processor.py:161} INFO - Started process (PID=1155) to work on /opt/airflow/dags/wifi_pipeline_dag.py
[2026-09-23T20:50:43.513+0000] {processor.py:830} INFO - Processing file /opt/airflow/dags/wifi_pipeline_dag.py for tasks to queue
[2026-09-23T20:50:43.514+0000] {logging_mixin.py:188} INFO - [2026-09-23T20:50:43.513+0000] {dagbag.py:538} INFO - Filling up the DagBag from /opt/airflow/dags/wifi_pipeline_dag.py
[2026-09-23T20:50:43.528+0000] {processor.py:840} INFO - DAG(s) 'wifi_livre_sp_pipeline' retrieved from /opt/airflow/dags/wifi_pipeline_dag.py
[2026-09-23T20:50:43.565+0000] {logging_mixin.py:188} INFO - [2026-09-23T20:50:43.564+0000] {dag.py:3036} INFO - Sync 1 DAGs
[2026-09-23T20:50:43.598+0000] {logging_mixin.py:188} INFO - [2026-09-23T20:50:43.598+0000] {dag.py:3823} INFO - Setting next_dagrun for wifi_livre_sp_pipeline to 2026-09-23 00:00:00+00:00, run_after=2026-09-24 00:00:00+00:00
[2026-09-23T20:50:43.623+0000] {processor.py:183} INFO - Processing /opt/airflow/dags/wifi_pipeline_dag.py took 0.116 seconds
[2026-09-23T20:51:14.537+0000] {processor.py:161} INFO - Started process (PID=1160) to work on /opt/airflow/dags/wifi_pipeline_dag.py
[2026-09-23T20:51:14.538+0000] {processor.py:830} INFO - Processing file /opt/airflow/dags/wifi_pipeline_dag.py for tasks to queue
[2026-09-23T20:51:14.539+0000] {logging_mixin.py:188} INFO - [2026-09-23T20:51:14.539+0000] {dagbag.py:538} INFO - Filling up the DagBag from /opt/airflow/dags/wifi_pipeline_dag.py
[2026-09-23T20:51:14.552+0000] {processor.py:840} INFO - DAG(s) 'wifi_livre_sp_pipeline' retrieved from /opt/airflow/dags/wifi_pipeline_dag.py
[2026-09-23T20:51:14.588+0000] {logging_mixin.py:188} INFO - [2026-09-23T20:51:14.588+0000] {dag.py:3036} INFO - Sync 1 DAGs
[2026-09-23T20:51:14.615+0000] {logging_mixin.py:188} INFO - [2026-09-23T20:51:14.615+0000] {dag.py:3823} INFO - Setting next_dagrun for wifi_livre_sp_pipeline to 2026-09-23 00:00:00+00:00, run_after=2026-09-24 00:00:00+00:00
[2026-09-23T20:51:14.637+0000] {processor.py:183} INFO - Processing /opt/airflow/dags/wifi_pipeline_dag.py took 0.104 seconds
[2026-09-23T20:51:45.556+0000] {processor.py:161} INFO - Started process (PID=1165) to work on /opt/airflow/dags/wifi_pipeline_dag.py
[2026-09-23T20:51:45.560+0000] {processor.py:830} INFO - Processing file /opt/airflow/dags/wifi_pipeline_dag.py for tasks to queue
[2026-09-23T20:51:45.563+0000] {logging_mixin.py:188} INFO - [2026-09-23T20:51:45.562+0000] {dagbag.py:538} INFO - Filling up the DagBag from /opt/airflow/dags/wifi_pipeline_dag.py
[2026-09-23T20:51:45.581+0000] {processor.py:840} INFO - DAG(s) 'wifi_livre_sp_pipeline' retrieved from /opt/airflow/dags/wifi_pipeline_dag.py
[2026-09-23T20:51:45.620+0000] {logging_mixin.py:188} INFO - [2026-09-23T20:51:45.619+0000] {dag.py:3036} INFO - Sync 1 DAGs
[2026-09-23T20:51:45.650+0000] {logging_mixin.py:188} INFO - [2026-09-23T20:51:45.649+0000] {dag.py:3823} INFO - Setting next_dagrun for wifi_livre_sp_pipeline to 2026-09-23 00:00:00+00:00, run_after=2026-09-24 00:00:00+00:00
[2026-09-23T20:51:45.669+0000] {processor.py:183} INFO - Processing /opt/airflow/dags/wifi_pipeline_dag.py took 0.117 seconds
[2026-09-23T20:52:16.593+0000] {processor.py:161} INFO - Started process (PID=1170) to work on /opt/airflow/dags/wifi_pipeline_dag.py
[2026-09-23T20:52:16.594+0000] {processor.py:830} INFO - Processing file /opt/airflow/dags/wifi_pipeline_dag.py for tasks to queue
[2026-09-23T20:52:16.595+0000] {logging_mixin.py:188} INFO - [2026-09-23T20:52:16.594+0000] {dagbag.py:538} INFO - Filling up the DagBag from /opt/airflow/dags/wifi_pipeline_dag.py
[2026-09-23T20:52:16.607+0000] {processor.py:840} INFO - DAG(s) 'wifi_livre_sp_pipeline' retrieved from /opt/airflow/dags/wifi_pipeline_dag.py
[2026-09-23T20:52:16.638+0000] {logging_mixin.py:188} INFO - [2026-09-23T20:52:16.638+0000] {dag.py:3036} INFO - Sync 1 DAGs
[2026-09-23T20:52:16.662+0000] {logging_mixin.py:188} INFO - [2026-09-23T20:52:16.662+0000] {dag.py:3823} INFO - Setting next_dagrun for wifi_livre_sp_pipeline to 2026-09-23 00:00:00+00:00, run_after=2026-09-24 00:00:00+00:00
[2026-09-23T20:52:16.680+0000] {processor.py:183} INFO - Processing /opt/airflow/dags/wifi_pipeline_dag.py took 0.091 seconds
[2026-09-23T20:52:46.731+0000] {processor.py:161} INFO - Started process (PID=1175) to work on /opt/airflow/dags/wifi_pipeline_dag.py
[2026-09-23T20:52:46.733+0000] {processor.py:830} INFO - Processing file /opt/airflow/dags/wifi_pipeline_dag.py for tasks to queue
[2026-09-23T20:52:46.734+0000] {logging_mixin.py:188} INFO - [2026-09-23T20:52:46.733+0000] {dagbag.py:538} INFO - Filling up the DagBag from /opt/airflow/dags/wifi_pipeline_dag.py
[2026-09-23T20:52:46.747+0000] {processor.py:840} INFO - DAG(s) 'wifi_livre_sp_pipeline' retrieved from /opt/airflow/dags/wifi_pipeline_dag.py
[2026-09-23T20:52:46.779+0000] {logging_mixin.py:188} INFO - [2026-09-23T20:52:46.778+0000] {dag.py:3036} INFO - Sync 1 DAGs
[2026-09-23T20:52:46.804+0000] {logging_mixin.py:188} INFO - [2026-09-23T20:52:46.804+0000] {dag.py:3823} INFO - Setting next_dagrun for wifi_livre_sp_pipeline to 2026-09-23 00:00:00+00:00, run_after=2026-09-24 00:00:00+00:00
[2026-09-23T20:52:46.825+0000] {processor.py:183} INFO - Processing /opt/airflow/dags/wifi_pipeline_dag.py took 0.097 seconds
[2026-09-23T20:53:17.775+0000] {processor.py:161} INFO - Started process (PID=1180) to work on /opt/airflow/dags/wifi_pipeline_dag.py
[2026-09-23T20:53:17.777+0000] {processor.py:830} INFO - Processing file /opt/airflow/dags/wifi_pipeline_dag.py for tasks to queue
[2026-09-23T20:53:17.778+0000] {logging_mixin.py:188} INFO - [2026-09-23T20:53:17.778+0000] {dagbag.py:538} INFO - Filling up the DagBag from /opt/airflow/dags/wifi_pipeline_dag.py
[2026-09-23T20:53:17.793+0000] {processor.py:840} INFO - DAG(s) 'wifi_livre_sp_pipeline' retrieved from /opt/airflow/dags/wifi_pipeline_dag.py
[2026-09-23T20:53:17.823+0000] {logging_mixin.py:188} INFO - [2026-09-23T20:53:17.823+0000] {dag.py:3036} INFO - Sync 1 DAGs
[2026-09-23T20:53:17.846+0000] {logging_mixin.py:188} INFO - [2026-09-23T20:53:17.846+0000] {dag.py:3823} INFO - Setting next_dagrun for wifi_livre_sp_pipeline to 2026-09-23 00:00:00+00:00, run_after=2026-09-24 00:00:00+00:00
[2026-09-23T20:53:17.865+0000] {processor.py:183} INFO - Processing /opt/airflow/dags/wifi_pipeline_dag.py took 0.095 seconds
[2026-09-23T20:53:48.878+0000] {processor.py:161} INFO - Started process (PID=1185) to work on /opt/airflow/dags/wifi_pipeline_dag.py
[2026-09-23T20:53:48.879+0000] {processor.py:830} INFO - Processing file /opt/airflow/dags/wifi_pipeline_dag.py for tasks to queue
[2026-09-23T20:53:48.880+0000] {logging_mixin.py:188} INFO - [2026-09-23T20:53:48.880+0000] {dagbag.py:538} INFO - Filling up the DagBag from /opt/airflow/dags/wifi_pipeline_dag.py
[2026-09-23T20:53:48.890+0000] {processor.py:840} INFO - DAG(s) 'wifi_livre_sp_pipeline' retrieved from /opt/airflow/dags/wifi_pipeline_dag.py
[2026-09-23T20:53:48.919+0000] {logging_mixin.py:188} INFO - [2026-09-23T20:53:48.919+0000] {dag.py:3036} INFO - Sync 1 DAGs
[2026-09-23T20:53:48.941+0000] {logging_mixin.py:188} INFO - [2026-09-23T20:53:48.941+0000] {dag.py:3823} INFO - Setting next_dagrun for wifi_livre_sp_pipeline to 2026-09-23 00:00:00+00:00, run_after=2026-09-24 00:00:00+00:00
[2026-09-23T20:53:48.955+0000] {processor.py:183} INFO - Processing /opt/airflow/dags/wifi_pipeline_dag.py took 0.080 seconds
[2026-09-23T20:54:19.916+0000] {processor.py:161} INFO - Started process (PID=1190) to work on /opt/airflow/dags/wifi_pipeline_dag.py
[2026-09-23T20:54:19.918+0000] {processor.py:830} INFO - Processing file /opt/airflow/dags/wifi_pipeline_dag.py for tasks to queue
[2026-09-23T20:54:19.919+0000] {logging_mixin.py:188} INFO - [2026-09-23T20:54:19.919+0000] {dagbag.py:538} INFO - Filling up the DagBag from /opt/airflow/dags/wifi_pipeline_dag.py
[2026-09-23T20:54:19.932+0000] {processor.py:840} INFO - DAG(s) 'wifi_livre_sp_pipeline' retrieved from /opt/airflow/dags/wifi_pipeline_dag.py
[2026-09-23T20:54:19.961+0000] {logging_mixin.py:188} INFO - [2026-09-23T20:54:19.960+0000] {dag.py:3036} INFO - Sync 1 DAGs
[2026-09-23T20:54:19.982+0000] {logging_mixin.py:188} INFO - [2026-09-23T20:54:19.982+0000] {dag.py:3823} INFO - Setting next_dagrun for wifi_livre_sp_pipeline to 2026-09-23 00:00:00+00:00, run_after=2026-09-24 00:00:00+00:00
[2026-09-23T20:54:19.996+0000] {processor.py:183} INFO - Processing /opt/airflow/dags/wifi_pipeline_dag.py took 0.083 seconds
[2026-09-23T20:54:50.028+0000] {processor.py:161} INFO - Started process (PID=1195) to work on /opt/airflow/dags/wifi_pipeline_dag.py
[2026-09-23T20:54:50.030+0000] {processor.py:830} INFO - Processing file /opt/airflow/dags/wifi_pipeline_dag.py for tasks to queue
[2026-09-23T20:54:50.031+0000] {logging_mixin.py:188} INFO - [2026-09-23T20:54:50.031+0000] {dagbag.py:538} INFO - Filling up the DagBag from /opt/airflow/dags/wifi_pipeline_dag.py
[2026-09-23T20:54:50.049+0000] {processor.py:840} INFO - DAG(s) 'wifi_livre_sp_pipeline' retrieved from /opt/airflow/dags/wifi_pipeline_dag.py
[2026-09-23T20:54:50.089+0000] {logging_mixin.py:188} INFO - [2026-09-23T20:54:50.089+0000] {dag.py:3036} INFO - Sync 1 DAGs
[2026-09-23T20:54:50.119+0000] {logging_mixin.py:188} INFO - [2026-09-23T20:54:50.119+0000] {dag.py:3823} INFO - Setting next_dagrun for wifi_livre_sp_pipeline to 2026-09-23 00:00:00+00:00, run_after=2026-09-24 00:00:00+00:00
[2026-09-23T20:54:50.143+0000] {processor.py:183} INFO - Processing /opt/airflow/dags/wifi_pipeline_dag.py took 0.119 seconds
[2026-09-23T20:55:20.195+0000] {processor.py:161} INFO - Started process (PID=1200) to work on /opt/airflow/dags/wifi_pipeline_dag.py
[2026-09-23T20:55:20.197+0000] {processor.py:830} INFO - Processing file /opt/airflow/dags/wifi_pipeline_dag.py for tasks to queue
[2026-09-23T20:55:20.198+0000] {logging_mixin.py:188} INFO - [2026-09-23T20:55:20.197+0000] {dagbag.py:538} INFO - Filling up the DagBag from /opt/airflow/dags/wifi_pipeline_dag.py
[2026-09-23T20:55:20.214+0000] {processor.py:840} INFO - DAG(s) 'wifi_livre_sp_pipeline' retrieved from /opt/airflow/dags/wifi_pipeline_dag.py
[2026-09-23T20:55:20.252+0000] {logging_mixin.py:188} INFO - [2026-09-23T20:55:20.252+0000] {dag.py:3036} INFO - Sync 1 DAGs
[2026-09-23T20:55:20.279+0000] {logging_mixin.py:188} INFO - [2026-09-23T20:55:20.278+0000] {dag.py:3823} INFO - Setting next_dagrun for wifi_livre_sp_pipeline to 2026-09-23 00:00:00+00:00, run_after=2026-09-24 00:00:00+00:00
[2026-09-23T20:55:20.299+0000] {processor.py:183} INFO - Processing /opt/airflow/dags/wifi_pipeline_dag.py took 0.109 seconds
[2026-09-23T20:55:51.224+0000] {processor.py:161} INFO - Started process (PID=1205) to work on /opt/airflow/dags/wifi_pipeline_dag.py
[2026-09-23T20:55:51.226+0000] {processor.py:830} INFO - Processing file /opt/airflow/dags/wifi_pipeline_dag.py for tasks to queue
[2026-09-23T20:55:51.227+0000] {logging_mixin.py:188} INFO - [2026-09-23T20:55:51.227+0000] {dagbag.py:538} INFO - Filling up the DagBag from /opt/airflow/dags/wifi_pipeline_dag.py
[2026-09-23T20:55:51.243+0000] {processor.py:840} INFO - DAG(s) 'wifi_livre_sp_pipeline' retrieved from /opt/airflow/dags/wifi_pipeline_dag.py
[2026-09-23T20:55:51.277+0000] {logging_mixin.py:188} INFO - [2026-09-23T20:55:51.277+0000] {dag.py:3036} INFO - Sync 1 DAGs
[2026-09-23T20:55:51.304+0000] {logging_mixin.py:188} INFO - [2026-09-23T20:55:51.303+0000] {dag.py:3823} INFO - Setting next_dagrun for wifi_livre_sp_pipeline to 2026-09-23 00:00:00+00:00, run_after=2026-09-24 00:00:00+00:00
[2026-09-23T20:55:51.324+0000] {processor.py:183} INFO - Processing /opt/airflow/dags/wifi_pipeline_dag.py took 0.103 seconds
[2026-09-23T20:56:22.334+0000] {processor.py:161} INFO - Started process (PID=1210) to work on /opt/airflow/dags/wifi_pipeline_dag.py
[2026-09-23T20:56:22.335+0000] {processor.py:830} INFO - Processing file /opt/airflow/dags/wifi_pipeline_dag.py for tasks to queue
[2026-09-23T20:56:22.336+0000] {logging_mixin.py:188} INFO - [2026-09-23T20:56:22.335+0000] {dagbag.py:538} INFO - Filling up the DagBag from /opt/airflow/dags/wifi_pipeline_dag.py
[2026-09-23T20:56:22.350+0000] {processor.py:840} INFO - DAG(s) 'wifi_livre_sp_pipeline' retrieved from /opt/airflow/dags/wifi_pipeline_dag.py
[2026-09-23T20:56:22.396+0000] {logging_mixin.py:188} INFO - [2026-09-23T20:56:22.395+0000] {dag.py:3036} INFO - Sync 1 DAGs
[2026-09-23T20:56:22.449+0000] {logging_mixin.py:188} INFO - [2026-09-23T20:56:22.449+0000] {dag.py:3823} INFO - Setting next_dagrun for wifi_livre_sp_pipeline to 2026-09-23 00:00:00+00:00, run_after=2026-09-24 00:00:00+00:00
[2026-09-23T20:56:22.483+0000] {processor.py:183} INFO - Processing /opt/airflow/dags/wifi_pipeline_dag.py took 0.153 seconds
[2026-09-23T20:56:52.514+0000] {processor.py:161} INFO - Started process (PID=1215) to work on /opt/airflow/dags/wifi_pipeline_dag.py
[2026-09-23T20:56:52.515+0000] {processor.py:830} INFO - Processing file /opt/airflow/dags/wifi_pipeline_dag.py for tasks to queue
[2026-09-23T20:56:52.516+0000] {logging_mixin.py:188} INFO - [2026-09-23T20:56:52.516+0000] {dagbag.py:538} INFO - Filling up the DagBag from /opt/airflow/dags/wifi_pipeline_dag.py
[2026-09-23T20:56:52.529+0000] {processor.py:840} INFO - DAG(s) 'wifi_livre_sp_pipeline' retrieved from /opt/airflow/dags/wifi_pipeline_dag.py
[2026-09-23T20:56:52.557+0000] {logging_mixin.py:188} INFO - [2026-09-23T20:56:52.556+0000] {dag.py:3036} INFO - Sync 1 DAGs
[2026-09-23T20:56:52.584+0000] {logging_mixin.py:188} INFO - [2026-09-23T20:56:52.584+0000] {dag.py:3823} INFO - Setting next_dagrun for wifi_livre_sp_pipeline to 2026-09-23 00:00:00+00:00, run_after=2026-09-24 00:00:00+00:00
[2026-09-23T20:56:52.606+0000] {processor.py:183} INFO - Processing /opt/airflow/dags/wifi_pipeline_dag.py took 0.096 seconds
[2026-09-23T20:57:22.637+0000] {processor.py:161} INFO - Started process (PID=1220) to work on /opt/airflow/dags/wifi_pipeline_dag.py
[2026-09-23T20:57:22.638+0000] {processor.py:830} INFO - Processing file /opt/airflow/dags/wifi_pipeline_dag.py for tasks to queue
[2026-09-23T20:57:22.639+0000] {logging_mixin.py:188} INFO - [2026-09-23T20:57:22.639+0000] {dagbag.py:538} INFO - Filling up the DagBag from /opt/airflow/dags/wifi_pipeline_dag.py
[2026-09-23T20:57:22.653+0000] {processor.py:840} INFO - DAG(s) 'wifi_livre_sp_pipeline' retrieved from /opt/airflow/dags/wifi_pipeline_dag.py
[2026-09-23T20:57:22.684+0000] {logging_mixin.py:188} INFO - [2026-09-23T20:57:22.684+0000] {dag.py:3036} INFO - Sync 1 DAGs
[2026-09-23T20:57:22.709+0000] {logging_mixin.py:188} INFO - [2026-09-23T20:57:22.709+0000] {dag.py:3823} INFO - Setting next_dagrun for wifi_livre_sp_pipeline to 2026-09-23 00:00:00+00:00, run_after=2026-09-24 00:00:00+00:00
[2026-09-23T20:57:22.728+0000] {processor.py:183} INFO - Processing /opt/airflow/dags/wifi_pipeline_dag.py took 0.094 seconds
[2026-09-23T20:57:53.670+0000] {processor.py:161} INFO - Started process (PID=1225) to work on /opt/airflow/dags/wifi_pipeline_dag.py
[2026-09-23T20:57:53.672+0000] {processor.py:830} INFO - Processing file /opt/airflow/dags/wifi_pipeline_dag.py for tasks to queue
[2026-09-23T20:57:53.673+0000] {logging_mixin.py:188} INFO - [2026-09-23T20:57:53.673+0000] {dagbag.py:538} INFO - Filling up the DagBag from /opt/airflow/dags/wifi_pipeline_dag.py
[2026-09-23T20:57:53.685+0000] {processor.py:840} INFO - DAG(s) 'wifi_livre_sp_pipeline' retrieved from /opt/airflow/dags/wifi_pipeline_dag.py
[2026-09-23T20:57:53.715+0000] {logging_mixin.py:188} INFO - [2026-09-23T20:57:53.715+0000] {dag.py:3036} INFO - Sync 1 DAGs
[2026-09-23T20:57:53.737+0000] {logging_mixin.py:188} INFO - [2026-09-23T20:57:53.737+0000] {dag.py:3823} INFO - Setting next_dagrun for wifi_livre_sp_pipeline to 2026-09-23 00:00:00+00:00, run_after=2026-09-24 00:00:00+00:00
[2026-09-23T20:57:53.754+0000] {processor.py:183} INFO - Processing /opt/airflow/dags/wifi_pipeline_dag.py took 0.088 seconds
[2026-09-23T20:58:24.779+0000] {processor.py:161} INFO - Started process (PID=1230) to work on /opt/airflow/dags/wifi_pipeline_dag.py
[2026-09-23T20:58:24.780+0000] {processor.py:830} INFO - Processing file /opt/airflow/dags/wifi_pipeline_dag.py for tasks to queue
[2026-09-23T20:58:24.781+0000] {logging_mixin.py:188} INFO - [2026-09-23T20:58:24.781+0000] {dagbag.py:538} INFO - Filling up the DagBag from /opt/airflow/dags/wifi_pipeline_dag.py
[2026-09-23T20:58:24.792+0000] {processor.py:840} INFO - DAG(s) 'wifi_livre_sp_pipeline' retrieved from /opt/airflow/dags/wifi_pipeline_dag.py
[2026-09-23T20:58:24.818+0000] {logging_mixin.py:188} INFO - [2026-09-23T20:58:24.818+0000] {dag.py:3036} INFO - Sync 1 DAGs
[2026-09-23T20:58:24.839+0000] {logging_mixin.py:188} INFO - [2026-09-23T20:58:24.838+0000] {dag.py:3823} INFO - Setting next_dagrun for wifi_livre_sp_pipeline to 2026-09-23 00:00:00+00:00, run_after=2026-09-24 00:00:00+00:00
[2026-09-23T20:58:24.853+0000] {processor.py:183} INFO - Processing /opt/airflow/dags/wifi_pipeline_dag.py took 0.076 seconds
[2026-09-23T20:58:55.844+0000] {processor.py:161} INFO - Started process (PID=1235) to work on /opt/airflow/dags/wifi_pipeline_dag.py
[2026-09-23T20:58:55.846+0000] {processor.py:830} INFO - Processing file /opt/airflow/dags/wifi_pipeline_dag.py for tasks to queue
[2026-09-23T20:58:55.846+0000] {logging_mixin.py:188} INFO - [2026-09-23T20:58:55.846+0000] {dagbag.py:538} INFO - Filling up the DagBag from /opt/airflow/dags/wifi_pipeline_dag.py
[2026-09-23T20:58:55.858+0000] {processor.py:840} INFO - DAG(s) 'wifi_livre_sp_pipeline' retrieved from /opt/airflow/dags/wifi_pipeline_dag.py
[2026-09-23T20:58:55.886+0000] {logging_mixin.py:188} INFO - [2026-09-23T20:58:55.886+0000] {dag.py:3036} INFO - Sync 1 DAGs
[2026-09-23T20:58:55.908+0000] {logging_mixin.py:188} INFO - [2026-09-23T20:58:55.908+0000] {dag.py:3823} INFO - Setting next_dagrun for wifi_livre_sp_pipeline to 2026-09-23 00:00:00+00:00, run_after=2026-09-24 00:00:00+00:00
[2026-09-23T20:58:55.924+0000] {processor.py:183} INFO - Processing /opt/airflow/dags/wifi_pipeline_dag.py took 0.083 seconds
[2026-09-23T20:59:26.894+0000] {processor.py:161} INFO - Started process (PID=1240) to work on /opt/airflow/dags/wifi_pipeline_dag.py
[2026-09-23T20:59:26.895+0000] {processor.py:830} INFO - Processing file /opt/airflow/dags/wifi_pipeline_dag.py for tasks to queue
[2026-09-23T20:59:26.896+0000] {logging_mixin.py:188} INFO - [2026-09-23T20:59:26.896+0000] {dagbag.py:538} INFO - Filling up the DagBag from /opt/airflow/dags/wifi_pipeline_dag.py
[2026-09-23T20:59:26.906+0000] {processor.py:840} INFO - DAG(s) 'wifi_livre_sp_pipeline' retrieved from /opt/airflow/dags/wifi_pipeline_dag.py
[2026-09-23T20:59:26.935+0000] {logging_mixin.py:188} INFO - [2026-09-23T20:59:26.935+0000] {dag.py:3036} INFO - Sync 1 DAGs
[2026-09-23T20:59:26.957+0000] {logging_mixin.py:188} INFO - [2026-09-23T20:59:26.957+0000] {dag.py:3823} INFO - Setting next_dagrun for wifi_livre_sp_pipeline to 2026-09-23 00:00:00+00:00, run_after=2026-09-24 00:00:00+00:00
[2026-09-23T20:59:26.972+0000] {processor.py:183} INFO - Processing /opt/airflow/dags/wifi_pipeline_dag.py took 0.081 seconds
[2026-09-23T20:59:57.926+0000] {processor.py:161} INFO - Started process (PID=1245) to work on /opt/airflow/dags/wifi_pipeline_dag.py
[2026-09-23T20:59:57.928+0000] {processor.py:830} INFO - Processing file /opt/airflow/dags/wifi_pipeline_dag.py for tasks to queue
[2026-09-23T20:59:57.929+0000] {logging_mixin.py:188} INFO - [2026-09-23T20:59:57.928+0000] {dagbag.py:538} INFO - Filling up the DagBag from /opt/airflow/dags/wifi_pipeline_dag.py
[2026-09-23T20:59:57.940+0000] {processor.py:840} INFO - DAG(s) 'wifi_livre_sp_pipeline' retrieved from /opt/airflow/dags/wifi_pipeline_dag.py
[2026-09-23T20:59:57.970+0000] {logging_mixin.py:188} INFO - [2026-09-23T20:59:57.970+0000] {dag.py:3036} INFO - Sync 1 DAGs
[2026-09-23T20:59:57.991+0000] {logging_mixin.py:188} INFO - [2026-09-23T20:59:57.991+0000] {dag.py:3823} INFO - Setting next_dagrun for wifi_livre_sp_pipeline to 2026-09-23 00:00:00+00:00, run_after=2026-09-24 00:00:00+00:00
[2026-09-23T20:59:58.008+0000] {processor.py:183} INFO - Processing /opt/airflow/dags/wifi_pipeline_dag.py took 0.085 seconds
[2026-09-23T21:00:29.017+0000] {processor.py:161} INFO - Started process (PID=1250) to work on /opt/airflow/dags/wifi_pipeline_dag.py
[2026-09-23T21:00:29.018+0000] {processor.py:830} INFO - Processing file /opt/airflow/dags/wifi_pipeline_dag.py for tasks to queue
[2026-09-23T21:00:29.019+0000] {logging_mixin.py:188} INFO - [2026-09-23T21:00:29.019+0000] {dagbag.py:538} INFO - Filling up the DagBag from /opt/airflow/dags/wifi_pipeline_dag.py
[2026-09-23T21:00:29.030+0000] {processor.py:840} INFO - DAG(s) 'wifi_livre_sp_pipeline' retrieved from /opt/airflow/dags/wifi_pipeline_dag.py
[2026-09-23T21:00:29.058+0000] {logging_mixin.py:188} INFO - [2026-09-23T21:00:29.058+0000] {dag.py:3036} INFO - Sync 1 DAGs
[2026-09-23T21:00:29.078+0000] {logging_mixin.py:188} INFO - [2026-09-23T21:00:29.077+0000] {dag.py:3823} INFO - Setting next_dagrun for wifi_livre_sp_pipeline to 2026-09-23 00:00:00+00:00, run_after=2026-09-24 00:00:00+00:00
[2026-09-23T21:00:29.092+0000] {processor.py:183} INFO - Processing /opt/airflow/dags/wifi_pipeline_dag.py took 0.077 seconds
[2026-09-23T21:01:00.068+0000] {processor.py:161} INFO - Started process (PID=1255) to work on /opt/airflow/dags/wifi_pipeline_dag.py
[2026-09-23T21:01:00.069+0000] {processor.py:830} INFO - Processing file /opt/airflow/dags/wifi_pipeline_dag.py for tasks to queue
[2026-09-23T21:01:00.070+0000] {logging_mixin.py:188} INFO - [2026-09-23T21:01:00.070+0000] {dagbag.py:538} INFO - Filling up the DagBag from /opt/airflow/dags/wifi_pipeline_dag.py
[2026-09-23T21:01:00.082+0000] {processor.py:840} INFO - DAG(s) 'wifi_livre_sp_pipeline' retrieved from /opt/airflow/dags/wifi_pipeline_dag.py
[2026-09-23T21:01:00.111+0000] {logging_mixin.py:188} INFO - [2026-09-23T21:01:00.111+0000] {dag.py:3036} INFO - Sync 1 DAGs
[2026-09-23T21:01:00.132+0000] {logging_mixin.py:188} INFO - [2026-09-23T21:01:00.132+0000] {dag.py:3823} INFO - Setting next_dagrun for wifi_livre_sp_pipeline to 2026-09-23 00:00:00+00:00, run_after=2026-09-24 00:00:00+00:00
[2026-09-23T21:01:00.148+0000] {processor.py:183} INFO - Processing /opt/airflow/dags/wifi_pipeline_dag.py took 0.083 seconds
[2026-09-23T21:01:31.116+0000] {processor.py:161} INFO - Started process (PID=1260) to work on /opt/airflow/dags/wifi_pipeline_dag.py
[2026-09-23T21:01:31.116+0000] {processor.py:830} INFO - Processing file /opt/airflow/dags/wifi_pipeline_dag.py for tasks to queue
[2026-09-23T21:01:31.117+0000] {logging_mixin.py:188} INFO - [2026-09-23T21:01:31.117+0000] {dagbag.py:538} INFO - Filling up the DagBag from /opt/airflow/dags/wifi_pipeline_dag.py
[2026-09-23T21:01:31.131+0000] {processor.py:840} INFO - DAG(s) 'wifi_livre_sp_pipeline' retrieved from /opt/airflow/dags/wifi_pipeline_dag.py
[2026-09-23T21:01:31.161+0000] {logging_mixin.py:188} INFO - [2026-09-23T21:01:31.161+0000] {dag.py:3036} INFO - Sync 1 DAGs
[2026-09-23T21:01:31.185+0000] {logging_mixin.py:188} INFO - [2026-09-23T21:01:31.184+0000] {dag.py:3823} INFO - Setting next_dagrun for wifi_livre_sp_pipeline to 2026-09-23 00:00:00+00:00, run_after=2026-09-24 00:00:00+00:00
[2026-09-23T21:01:31.203+0000] {processor.py:183} INFO - Processing /opt/airflow/dags/wifi_pipeline_dag.py took 0.090 seconds
[2026-09-23T21:02:02.170+0000] {processor.py:161} INFO - Started process (PID=1265) to work on /opt/airflow/dags/wifi_pipeline_dag.py
[2026-09-23T21:02:02.172+0000] {processor.py:830} INFO - Processing file /opt/airflow/dags/wifi_pipeline_dag.py for tasks to queue
[2026-09-23T21:02:02.173+0000] {logging_mixin.py:188} INFO - [2026-09-23T21:02:02.173+0000] {dagbag.py:538} INFO - Filling up the DagBag from /opt/airflow/dags/wifi_pipeline_dag.py
[2026-09-23T21:02:02.189+0000] {processor.py:840} INFO - DAG(s) 'wifi_livre_sp_pipeline' retrieved from /opt/airflow/dags/wifi_pipeline_dag.py
[2026-09-23T21:02:02.225+0000] {logging_mixin.py:188} INFO - [2026-09-23T21:02:02.225+0000] {dag.py:3036} INFO - Sync 1 DAGs
[2026-09-23T21:02:02.254+0000] {logging_mixin.py:188} INFO - [2026-09-23T21:02:02.254+0000] {dag.py:3823} INFO - Setting next_dagrun for wifi_livre_sp_pipeline to 2026-09-23 00:00:00+00:00, run_after=2026-09-24 00:00:00+00:00
[2026-09-23T21:02:02.274+0000] {processor.py:183} INFO - Processing /opt/airflow/dags/wifi_pipeline_dag.py took 0.107 seconds
[2026-09-23T21:02:33.238+0000] {processor.py:161} INFO - Started process (PID=1270) to work on /opt/airflow/dags/wifi_pipeline_dag.py
[2026-09-23T21:02:33.239+0000] {processor.py:830} INFO - Processing file /opt/airflow/dags/wifi_pipeline_dag.py for tasks to queue
[2026-09-23T21:02:33.240+0000] {logging_mixin.py:188} INFO - [2026-09-23T21:02:33.240+0000] {dagbag.py:538} INFO - Filling up the DagBag from /opt/airflow/dags/wifi_pipeline_dag.py
[2026-09-23T21:02:33.253+0000] {processor.py:840} INFO - DAG(s) 'wifi_livre_sp_pipeline' retrieved from /opt/airflow/dags/wifi_pipeline_dag.py
[2026-09-23T21:02:33.284+0000] {logging_mixin.py:188} INFO - [2026-09-23T21:02:33.284+0000] {dag.py:3036} INFO - Sync 1 DAGs
[2026-09-23T21:02:33.307+0000] {logging_mixin.py:188} INFO - [2026-09-23T21:02:33.307+0000] {dag.py:3823} INFO - Setting next_dagrun for wifi_livre_sp_pipeline to 2026-09-23 00:00:00+00:00, run_after=2026-09-24 00:00:00+00:00
[2026-09-23T21:02:33.324+0000] {processor.py:183} INFO - Processing /opt/airflow/dags/wifi_pipeline_dag.py took 0.089 seconds
[2026-09-23T21:03:04.327+0000] {processor.py:161} INFO - Started process (PID=1275) to work on /opt/airflow/dags/wifi_pipeline_dag.py
[2026-09-23T21:03:04.329+0000] {processor.py:830} INFO - Processing file /opt/airflow/dags/wifi_pipeline_dag.py for tasks to queue
[2026-09-23T21:03:04.330+0000] {logging_mixin.py:188} INFO - [2026-09-23T21:03:04.329+0000] {dagbag.py:538} INFO - Filling up the DagBag from /opt/airflow/dags/wifi_pipeline_dag.py
[2026-09-23T21:03:04.343+0000] {processor.py:840} INFO - DAG(s) 'wifi_livre_sp_pipeline' retrieved from /opt/airflow/dags/wifi_pipeline_dag.py
[2026-09-23T21:03:04.375+0000] {logging_mixin.py:188} INFO - [2026-09-23T21:03:04.374+0000] {dag.py:3036} INFO - Sync 1 DAGs
[2026-09-23T21:03:04.399+0000] {logging_mixin.py:188} INFO - [2026-09-23T21:03:04.399+0000] {dag.py:3823} INFO - Setting next_dagrun for wifi_livre_sp_pipeline to 2026-09-23 00:00:00+00:00, run_after=2026-09-24 00:00:00+00:00
[2026-09-23T21:03:04.417+0000] {processor.py:183} INFO - Processing /opt/airflow/dags/wifi_pipeline_dag.py took 0.093 seconds
[2026-09-23T21:03:35.324+0000] {processor.py:161} INFO - Started process (PID=1280) to work on /opt/airflow/dags/wifi_pipeline_dag.py
[2026-09-23T21:03:35.325+0000] {processor.py:830} INFO - Processing file /opt/airflow/dags/wifi_pipeline_dag.py for tasks to queue
[2026-09-23T21:03:35.326+0000] {logging_mixin.py:188} INFO - [2026-09-23T21:03:35.326+0000] {dagbag.py:538} INFO - Filling up the DagBag from /opt/airflow/dags/wifi_pipeline_dag.py
[2026-09-23T21:03:35.342+0000] {processor.py:840} INFO - DAG(s) 'wifi_livre_sp_pipeline' retrieved from /opt/airflow/dags/wifi_pipeline_dag.py
[2026-09-23T21:03:35.377+0000] {logging_mixin.py:188} INFO - [2026-09-23T21:03:35.377+0000] {dag.py:3036} INFO - Sync 1 DAGs
[2026-09-23T21:03:35.404+0000] {logging_mixin.py:188} INFO - [2026-09-23T21:03:35.404+0000] {dag.py:3823} INFO - Setting next_dagrun for wifi_livre_sp_pipeline to 2026-09-23 00:00:00+00:00, run_after=2026-09-24 00:00:00+00:00
[2026-09-23T21:03:35.429+0000] {processor.py:183} INFO - Processing /opt/airflow/dags/wifi_pipeline_dag.py took 0.110 seconds
[2026-09-23T21:04:06.445+0000] {processor.py:161} INFO - Started process (PID=1285) to work on /opt/airflow/dags/wifi_pipeline_dag.py
[2026-09-23T21:04:06.448+0000] {processor.py:830} INFO - Processing file /opt/airflow/dags/wifi_pipeline_dag.py for tasks to queue
[2026-09-23T21:04:06.450+0000] {logging_mixin.py:188} INFO - [2026-09-23T21:04:06.449+0000] {dagbag.py:538} INFO - Filling up the DagBag from /opt/airflow/dags/wifi_pipeline_dag.py
[2026-09-23T21:04:06.473+0000] {processor.py:840} INFO - DAG(s) 'wifi_livre_sp_pipeline' retrieved from /opt/airflow/dags/wifi_pipeline_dag.py
[2026-09-23T21:04:06.519+0000] {logging_mixin.py:188} INFO - [2026-09-23T21:04:06.518+0000] {dag.py:3036} INFO - Sync 1 DAGs
[2026-09-23T21:04:06.551+0000] {logging_mixin.py:188} INFO - [2026-09-23T21:04:06.550+0000] {dag.py:3823} INFO - Setting next_dagrun for wifi_livre_sp_pipeline to 2026-09-23 00:00:00+00:00, run_after=2026-09-24 00:00:00+00:00
[2026-09-23T21:04:06.569+0000] {processor.py:183} INFO - Processing /opt/airflow/dags/wifi_pipeline_dag.py took 0.128 seconds
[2026-09-23T21:04:37.473+0000] {processor.py:161} INFO - Started process (PID=1290) to work on /opt/airflow/dags/wifi_pipeline_dag.py
[2026-09-23T21:04:37.474+0000] {processor.py:830} INFO - Processing file /opt/airflow/dags/wifi_pipeline_dag.py for tasks to queue
[2026-09-23T21:04:37.475+0000] {logging_mixin.py:188} INFO - [2026-09-23T21:04:37.475+0000] {dagbag.py:538} INFO - Filling up the DagBag from /opt/airflow/dags/wifi_pipeline_dag.py
[2026-09-23T21:04:37.487+0000] {processor.py:840} INFO - DAG(s) 'wifi_livre_sp_pipeline' retrieved from /opt/airflow/dags/wifi_pipeline_dag.py
[2026-09-23T21:04:37.519+0000] {logging_mixin.py:188} INFO - [2026-09-23T21:04:37.518+0000] {dag.py:3036} INFO - Sync 1 DAGs
[2026-09-23T21:04:37.543+0000] {logging_mixin.py:188} INFO - [2026-09-23T21:04:37.543+0000] {dag.py:3823} INFO - Setting next_dagrun for wifi_livre_sp_pipeline to 2026-09-23 00:00:00+00:00, run_after=2026-09-24 00:00:00+00:00
[2026-09-23T21:04:37.564+0000] {processor.py:183} INFO - Processing /opt/airflow/dags/wifi_pipeline_dag.py took 0.094 seconds
[2026-09-23T21:05:07.600+0000] {processor.py:161} INFO - Started process (PID=1295) to work on /opt/airflow/dags/wifi_pipeline_dag.py
[2026-09-23T21:05:07.601+0000] {processor.py:830} INFO - Processing file /opt/airflow/dags/wifi_pipeline_dag.py for tasks to queue
[2026-09-23T21:05:07.602+0000] {logging_mixin.py:188} INFO - [2026-09-23T21:05:07.602+0000] {dagbag.py:538} INFO - Filling up the DagBag from /opt/airflow/dags/wifi_pipeline_dag.py
[2026-09-23T21:05:07.616+0000] {processor.py:840} INFO - DAG(s) 'wifi_livre_sp_pipeline' retrieved from /opt/airflow/dags/wifi_pipeline_dag.py
[2026-09-23T21:05:07.652+0000] {logging_mixin.py:188} INFO - [2026-09-23T21:05:07.652+0000] {dag.py:3036} INFO - Sync 1 DAGs
[2026-09-23T21:05:07.682+0000] {logging_mixin.py:188} INFO - [2026-09-23T21:05:07.681+0000] {dag.py:3823} INFO - Setting next_dagrun for wifi_livre_sp_pipeline to 2026-09-23 00:00:00+00:00, run_after=2026-09-24 00:00:00+00:00
[2026-09-23T21:05:07.710+0000] {processor.py:183} INFO - Processing /opt/airflow/dags/wifi_pipeline_dag.py took 0.113 seconds
[2026-09-23T21:05:38.606+0000] {processor.py:161} INFO - Started process (PID=1300) to work on /opt/airflow/dags/wifi_pipeline_dag.py
[2026-09-23T21:05:38.608+0000] {processor.py:830} INFO - Processing file /opt/airflow/dags/wifi_pipeline_dag.py for tasks to queue
[2026-09-23T21:05:38.609+0000] {logging_mixin.py:188} INFO - [2026-09-23T21:05:38.609+0000] {dagbag.py:538} INFO - Filling up the DagBag from /opt/airflow/dags/wifi_pipeline_dag.py
[2026-09-23T21:05:38.620+0000] {processor.py:840} INFO - DAG(s) 'wifi_livre_sp_pipeline' retrieved from /opt/airflow/dags/wifi_pipeline_dag.py
[2026-09-23T21:05:38.648+0000] {logging_mixin.py:188} INFO - [2026-09-23T21:05:38.647+0000] {dag.py:3036} INFO - Sync 1 DAGs
[2026-09-23T21:05:38.670+0000] {logging_mixin.py:188} INFO - [2026-09-23T21:05:38.670+0000] {dag.py:3823} INFO - Setting next_dagrun for wifi_livre_sp_pipeline to 2026-09-23 00:00:00+00:00, run_after=2026-09-24 00:00:00+00:00
[2026-09-23T21:05:38.686+0000] {processor.py:183} INFO - Processing /opt/airflow/dags/wifi_pipeline_dag.py took 0.083 seconds
[2026-09-23T21:06:08.740+0000] {processor.py:161} INFO - Started process (PID=1305) to work on /opt/airflow/dags/wifi_pipeline_dag.py
[2026-09-23T21:06:08.741+0000] {processor.py:830} INFO - Processing file /opt/airflow/dags/wifi_pipeline_dag.py for tasks to queue
[2026-09-23T21:06:08.741+0000] {logging_mixin.py:188} INFO - [2026-09-23T21:06:08.741+0000] {dagbag.py:538} INFO - Filling up the DagBag from /opt/airflow/dags/wifi_pipeline_dag.py
[2026-09-23T21:06:08.755+0000] {processor.py:840} INFO - DAG(s) 'wifi_livre_sp_pipeline' retrieved from /opt/airflow/dags/wifi_pipeline_dag.py
[2026-09-23T21:06:08.787+0000] {logging_mixin.py:188} INFO - [2026-09-23T21:06:08.787+0000] {dag.py:3036} INFO - Sync 1 DAGs
[2026-09-23T21:06:08.812+0000] {logging_mixin.py:188} INFO - [2026-09-23T21:06:08.812+0000] {dag.py:3823} INFO - Setting next_dagrun for wifi_livre_sp_pipeline to 2026-09-23 00:00:00+00:00, run_after=2026-09-24 00:00:00+00:00
[2026-09-23T21:06:08.838+0000] {processor.py:183} INFO - Processing /opt/airflow/dags/wifi_pipeline_dag.py took 0.102 seconds
[2026-09-23T21:06:39.786+0000] {processor.py:161} INFO - Started process (PID=1310) to work on /opt/airflow/dags/wifi_pipeline_dag.py
[2026-09-23T21:06:39.788+0000] {processor.py:830} INFO - Processing file /opt/airflow/dags/wifi_pipeline_dag.py for tasks to queue
[2026-09-23T21:06:39.789+0000] {logging_mixin.py:188} INFO - [2026-09-23T21:06:39.788+0000] {dagbag.py:538} INFO - Filling up the DagBag from /opt/airflow/dags/wifi_pipeline_dag.py
[2026-09-23T21:06:39.801+0000] {processor.py:840} INFO - DAG(s) 'wifi_livre_sp_pipeline' retrieved from /opt/airflow/dags/wifi_pipeline_dag.py
[2026-09-23T21:06:39.836+0000] {logging_mixin.py:188} INFO - [2026-09-23T21:06:39.835+0000] {dag.py:3036} INFO - Sync 1 DAGs
[2026-09-23T21:06:39.860+0000] {logging_mixin.py:188} INFO - [2026-09-23T21:06:39.860+0000] {dag.py:3823} INFO - Setting next_dagrun for wifi_livre_sp_pipeline to 2026-09-23 00:00:00+00:00, run_after=2026-09-24 00:00:00+00:00
[2026-09-23T21:06:39.880+0000] {processor.py:183} INFO - Processing /opt/airflow/dags/wifi_pipeline_dag.py took 0.097 seconds
[2026-09-23T21:07:10.845+0000] {processor.py:161} INFO - Started process (PID=1315) to work on /opt/airflow/dags/wifi_pipeline_dag.py
[2026-09-23T21:07:10.846+0000] {processor.py:830} INFO - Processing file /opt/airflow/dags/wifi_pipeline_dag.py for tasks to queue
[2026-09-23T21:07:10.847+0000] {logging_mixin.py:188} INFO - [2026-09-23T21:07:10.847+0000] {dagbag.py:538} INFO - Filling up the DagBag from /opt/airflow/dags/wifi_pipeline_dag.py
[2026-09-23T21:07:10.863+0000] {processor.py:840} INFO - DAG(s) 'wifi_livre_sp_pipeline' retrieved from /opt/airflow/dags/wifi_pipeline_dag.py
[2026-09-23T21:07:10.900+0000] {logging_mixin.py:188} INFO - [2026-09-23T21:07:10.900+0000] {dag.py:3036} INFO - Sync 1 DAGs
[2026-09-23T21:07:10.947+0000] {logging_mixin.py:188} INFO - [2026-09-23T21:07:10.946+0000] {dag.py:3823} INFO - Setting next_dagrun for wifi_livre_sp_pipeline to 2026-09-23 00:00:00+00:00, run_after=2026-09-24 00:00:00+00:00
[2026-09-23T21:07:10.977+0000] {processor.py:183} INFO - Processing /opt/airflow/dags/wifi_pipeline_dag.py took 0.135 seconds
[2026-09-23T21:07:41.754+0000] {processor.py:161} INFO - Started process (PID=1320) to work on /opt/airflow/dags/wifi_pipeline_dag.py
[2026-09-23T21:07:41.755+0000] {processor.py:830} INFO - Processing file /opt/airflow/dags/wifi_pipeline_dag.py for tasks to queue
[2026-09-23T21:07:41.756+0000] {logging_mixin.py:188} INFO - [2026-09-23T21:07:41.755+0000] {dagbag.py:538} INFO - Filling up the DagBag from /opt/airflow/dags/wifi_pipeline_dag.py
[2026-09-23T21:07:41.769+0000] {processor.py:840} INFO - DAG(s) 'wifi_livre_sp_pipeline' retrieved from /opt/airflow/dags/wifi_pipeline_dag.py
[2026-09-23T21:07:41.801+0000] {logging_mixin.py:188} INFO - [2026-09-23T21:07:41.801+0000] {dag.py:3036} INFO - Sync 1 DAGs
[2026-09-23T21:07:41.825+0000] {logging_mixin.py:188} INFO - [2026-09-23T21:07:41.825+0000] {dag.py:3823} INFO - Setting next_dagrun for wifi_livre_sp_pipeline to 2026-09-23 00:00:00+00:00, run_after=2026-09-24 00:00:00+00:00
[2026-09-23T21:07:41.844+0000] {processor.py:183} INFO - Processing /opt/airflow/dags/wifi_pipeline_dag.py took 0.094 seconds
[2026-09-23T21:08:12.770+0000] {processor.py:161} INFO - Started process (PID=1325) to work on /opt/airflow/dags/wifi_pipeline_dag.py
[2026-09-23T21:08:12.771+0000] {processor.py:830} INFO - Processing file /opt/airflow/dags/wifi_pipeline_dag.py for tasks to queue
[2026-09-23T21:08:12.772+0000] {logging_mixin.py:188} INFO - [2026-09-23T21:08:12.771+0000] {dagbag.py:538} INFO - Filling up the DagBag from /opt/airflow/dags/wifi_pipeline_dag.py
[2026-09-23T21:08:12.784+0000] {processor.py:840} INFO - DAG(s) 'wifi_livre_sp_pipeline' retrieved from /opt/airflow/dags/wifi_pipeline_dag.py
[2026-09-23T21:08:12.816+0000] {logging_mixin.py:188} INFO - [2026-09-23T21:08:12.816+0000] {dag.py:3036} INFO - Sync 1 DAGs
[2026-09-23T21:08:12.839+0000] {logging_mixin.py:188} INFO - [2026-09-23T21:08:12.838+0000] {dag.py:3823} INFO - Setting next_dagrun for wifi_livre_sp_pipeline to 2026-09-23 00:00:00+00:00, run_after=2026-09-24 00:00:00+00:00
[2026-09-23T21:08:12.855+0000] {processor.py:183} INFO - Processing /opt/airflow/dags/wifi_pipeline_dag.py took 0.088 seconds
[2026-09-23T21:08:43.862+0000] {processor.py:161} INFO - Started process (PID=1330) to work on /opt/airflow/dags/wifi_pipeline_dag.py
[2026-09-23T21:08:43.863+0000] {processor.py:830} INFO - Processing file /opt/airflow/dags/wifi_pipeline_dag.py for tasks to queue
[2026-09-23T21:08:43.864+0000] {logging_mixin.py:188} INFO - [2026-09-23T21:08:43.864+0000] {dagbag.py:538} INFO - Filling up the DagBag from /opt/airflow/dags/wifi_pipeline_dag.py
[2026-09-23T21:08:43.875+0000] {processor.py:840} INFO - DAG(s) 'wifi_livre_sp_pipeline' retrieved from /opt/airflow/dags/wifi_pipeline_dag.py
[2026-09-23T21:08:43.903+0000] {logging_mixin.py:188} INFO - [2026-09-23T21:08:43.902+0000] {dag.py:3036} INFO - Sync 1 DAGs
[2026-09-23T21:08:43.927+0000] {logging_mixin.py:188} INFO - [2026-09-23T21:08:43.926+0000] {dag.py:3823} INFO - Setting next_dagrun for wifi_livre_sp_pipeline to 2026-09-23 00:00:00+00:00, run_after=2026-09-24 00:00:00+00:00
[2026-09-23T21:08:43.945+0000] {processor.py:183} INFO - Processing /opt/airflow/dags/wifi_pipeline_dag.py took 0.086 seconds
[2026-09-23T21:09:14.908+0000] {processor.py:161} INFO - Started process (PID=1335) to work on /opt/airflow/dags/wifi_pipeline_dag.py
[2026-09-23T21:09:14.910+0000] {processor.py:830} INFO - Processing file /opt/airflow/dags/wifi_pipeline_dag.py for tasks to queue
[2026-09-23T21:09:14.911+0000] {logging_mixin.py:188} INFO - [2026-09-23T21:09:14.911+0000] {dagbag.py:538} INFO - Filling up the DagBag from /opt/airflow/dags/wifi_pipeline_dag.py
[2026-09-23T21:09:14.934+0000] {processor.py:840} INFO - DAG(s) 'wifi_livre_sp_pipeline' retrieved from /opt/airflow/dags/wifi_pipeline_dag.py
[2026-09-23T21:09:14.967+0000] {logging_mixin.py:188} INFO - [2026-09-23T21:09:14.967+0000] {dag.py:3036} INFO - Sync 1 DAGs
[2026-09-23T21:09:14.990+0000] {logging_mixin.py:188} INFO - [2026-09-23T21:09:14.990+0000] {dag.py:3823} INFO - Setting next_dagrun for wifi_livre_sp_pipeline to 2026-09-23 00:00:00+00:00, run_after=2026-09-24 00:00:00+00:00
[2026-09-23T21:09:15.006+0000] {processor.py:183} INFO - Processing /opt/airflow/dags/wifi_pipeline_dag.py took 0.102 seconds
[2026-09-23T21:09:45.984+0000] {processor.py:161} INFO - Started process (PID=1340) to work on /opt/airflow/dags/wifi_pipeline_dag.py
[2026-09-23T21:09:45.986+0000] {processor.py:830} INFO - Processing file /opt/airflow/dags/wifi_pipeline_dag.py for tasks to queue
[2026-09-23T21:09:45.987+0000] {logging_mixin.py:188} INFO - [2026-09-23T21:09:45.987+0000] {dagbag.py:538} INFO - Filling up the DagBag from /opt/airflow/dags/wifi_pipeline_dag.py
[2026-09-23T21:09:46.000+0000] {processor.py:840} INFO - DAG(s) 'wifi_livre_sp_pipeline' retrieved from /opt/airflow/dags/wifi_pipeline_dag.py
[2026-09-23T21:09:46.026+0000] {logging_mixin.py:188} INFO - [2026-09-23T21:09:46.026+0000] {dag.py:3036} INFO - Sync 1 DAGs
[2026-09-23T21:09:46.046+0000] {logging_mixin.py:188} INFO - [2026-09-23T21:09:46.046+0000] {dag.py:3823} INFO - Setting next_dagrun for wifi_livre_sp_pipeline to 2026-09-23 00:00:00+00:00, run_after=2026-09-24 00:00:00+00:00
[2026-09-23T21:09:46.061+0000] {processor.py:183} INFO - Processing /opt/airflow/dags/wifi_pipeline_dag.py took 0.082 seconds
