[2026-09-16T22:11:56.787+0000] {manager.py:469} INFO - Processing files using up to 2 processes at a time 
[2026-09-16T22:11:56.787+0000] {manager.py:470} INFO - Process each file at most once every 30 seconds
[2026-09-16T22:11:56.787+0000] {manager.py:471} INFO - Checking for new files in /opt/airflow/dags every 300 seconds
[2026-09-16T22:11:56.788+0000] {manager.py:738} INFO - Searching for files in /opt/airflow/dags
[2026-09-16T22:11:56.789+0000] {manager.py:741} INFO - There are 0 files in /opt/airflow/dags
[2026-09-16T22:16:57.406+0000] {manager.py:738} INFO - Searching for files in /opt/airflow/dags
[2026-09-16T22:16:57.407+0000] {manager.py:741} INFO - There are 0 files in /opt/airflow/dags
[2026-09-16T22:21:58.754+0000] {manager.py:738} INFO - Searching for files in /opt/airflow/dags
[2026-09-16T22:21:58.755+0000] {manager.py:741} INFO - There are 0 files in /opt/airflow/dags
[2026-09-16T22:26:42.821+0000] {manager.py:451} INFO - Exiting gracefully upon receiving signal 15
[2026-09-17T00:04:54.531+0000] {manager.py:469} INFO - Processing files using up to 2 processes at a time 
[2026-09-17T00:04:54.531+0000] {manager.py:470} INFO - Process each file at most once every 30 seconds
[2026-09-17T00:04:54.532+0000] {manager.py:471} INFO - Checking for new files in /opt/airflow/dags every 300 seconds
[2026-09-17T00:04:54.532+0000] {manager.py:738} INFO - Searching for files in /opt/airflow/dags
[2026-09-17T00:04:54.533+0000] {manager.py:741} INFO - There are 0 files in /opt/airflow/dags
[2026-09-17T00:09:55.192+0000] {manager.py:738} INFO - Searching for files in /opt/airflow/dags
[2026-09-17T00:09:55.194+0000] {manager.py:741} INFO - There are 1 files in /opt/airflow/dags
[2026-09-17T00:10:23.060+0000] {manager.py:879} INFO - 
================================================================================
DAG File Processing Stats

File Path                       PID    Runtime      # DAGs    # Errors  Last Runtime    Last Run
------------------------------  -----  ---------  --------  ----------  --------------  -------------------
/opt/airflow/dags/teste_dag.py                           1           0  0.30s           2026-09-17T00:09:55
================================================================================
[2026-09-17T00:10:55.914+0000] {manager.py:879} INFO - 
================================================================================
DAG File Processing Stats

File Path                       PID    Runtime      # DAGs    # Errors  Last Runtime    Last Run
------------------------------  -----  ---------  --------  ----------  --------------  -------------------
/opt/airflow/dags/teste_dag.py                           1           0  0.11s           2026-09-17T00:10:26
================================================================================
[2026-09-17T00:11:28.881+0000] {manager.py:879} INFO - 
================================================================================
DAG File Processing Stats

File Path                       PID    Runtime      # DAGs    # Errors  Last Runtime    Last Run
------------------------------  -----  ---------  --------  ----------  --------------  -------------------
/opt/airflow/dags/teste_dag.py                           1           0  0.08s           2026-09-17T00:11:27
================================================================================
[2026-09-17T00:12:01.788+0000] {manager.py:879} INFO - 
================================================================================
DAG File Processing Stats

File Path                       PID    Runtime      # DAGs    # Errors  Last Runtime    Last Run
------------------------------  -----  ---------  --------  ----------  --------------  -------------------
/opt/airflow/dags/teste_dag.py                           1           0  0.11s           2026-09-17T00:11:58
================================================================================
[2026-09-17T00:12:34.660+0000] {manager.py:879} INFO - 
================================================================================
DAG File Processing Stats

File Path                       PID    Runtime      # DAGs    # Errors  Last Runtime    Last Run
------------------------------  -----  ---------  --------  ----------  --------------  -------------------
/opt/airflow/dags/teste_dag.py                           1           0  0.09s           2026-09-17T00:12:29
================================================================================
[2026-09-17T00:13:07.567+0000] {manager.py:879} INFO - 
================================================================================
DAG File Processing Stats

File Path                       PID    Runtime      # DAGs    # Errors  Last Runtime    Last Run
------------------------------  -----  ---------  --------  ----------  --------------  -------------------
/opt/airflow/dags/teste_dag.py                           1           0  0.12s           2026-09-17T00:13:00
================================================================================
[2026-09-17T00:13:10.510+0000] {manager.py:451} INFO - Exiting gracefully upon receiving signal 15
[2026-09-17T00:13:40.643+0000] {manager.py:469} INFO - Processing files using up to 2 processes at a time 
[2026-09-17T00:13:40.644+0000] {manager.py:470} INFO - Process each file at most once every 30 seconds
[2026-09-17T00:13:40.644+0000] {manager.py:471} INFO - Checking for new files in /opt/airflow/dags every 300 seconds
[2026-09-17T00:13:40.644+0000] {manager.py:738} INFO - Searching for files in /opt/airflow/dags
[2026-09-17T00:13:40.646+0000] {manager.py:741} INFO - There are 2 files in /opt/airflow/dags
[2026-09-17T00:13:40.734+0000] {manager.py:879} INFO - 
================================================================================
DAG File Processing Stats

File Path                                 PID  Runtime      # DAGs    # Errors  Last Runtime    Last Run
--------------------------------------  -----  ---------  --------  ----------  --------------  ----------
/opt/airflow/dags/wifi_pipeline_dag.py    175  0.05s             0           0
/opt/airflow/dags/teste_dag.py            178  0.04s             0           0
================================================================================
[2026-09-17T00:14:13.938+0000] {manager.py:879} INFO - 
================================================================================
DAG File Processing Stats

File Path                               PID    Runtime      # DAGs    # Errors  Last Runtime    Last Run
--------------------------------------  -----  ---------  --------  ----------  --------------  -------------------
/opt/airflow/dags/wifi_pipeline_dag.py                           1           0  0.29s           2026-09-17T00:14:11
/opt/airflow/dags/teste_dag.py                                   1           0  0.27s           2026-09-17T00:14:11
================================================================================
[2026-09-17T00:14:46.878+0000] {manager.py:879} INFO - 
================================================================================
DAG File Processing Stats

File Path                               PID    Runtime      # DAGs    # Errors  Last Runtime    Last Run
--------------------------------------  -----  ---------  --------  ----------  --------------  -------------------
/opt/airflow/dags/wifi_pipeline_dag.py                           1           0  0.10s           2026-09-17T00:14:42
/opt/airflow/dags/teste_dag.py                                   1           0  0.08s           2026-09-17T00:14:42
================================================================================
[2026-09-17T00:15:19.822+0000] {manager.py:879} INFO - 
================================================================================
DAG File Processing Stats

File Path                               PID    Runtime      # DAGs    # Errors  Last Runtime    Last Run
--------------------------------------  -----  ---------  --------  ----------  --------------  -------------------
/opt/airflow/dags/wifi_pipeline_dag.py                           1           0  0.10s           2026-09-17T00:15:13
/opt/airflow/dags/teste_dag.py                                   1           0  0.09s           2026-09-17T00:15:13
================================================================================
[2026-09-17T00:15:52.767+0000] {manager.py:879} INFO - 
================================================================================
DAG File Processing Stats

File Path                               PID    Runtime      # DAGs    # Errors  Last Runtime    Last Run
--------------------------------------  -----  ---------  --------  ----------  --------------  -------------------
/opt/airflow/dags/wifi_pipeline_dag.py                           1           0  0.10s           2026-09-17T00:15:44
/opt/airflow/dags/teste_dag.py                                   1           0  0.09s           2026-09-17T00:15:44
================================================================================
[2026-09-17T00:16:25.727+0000] {manager.py:879} INFO - 
================================================================================
DAG File Processing Stats

File Path                               PID    Runtime      # DAGs    # Errors  Last Runtime    Last Run
--------------------------------------  -----  ---------  --------  ----------  --------------  -------------------
/opt/airflow/dags/wifi_pipeline_dag.py                           1           0  0.10s           2026-09-17T00:16:15
/opt/airflow/dags/teste_dag.py                                   1           0  0.10s           2026-09-17T00:16:15
================================================================================
[2026-09-17T00:16:58.633+0000] {manager.py:879} INFO - 
================================================================================
DAG File Processing Stats

File Path                               PID    Runtime      # DAGs    # Errors  Last Runtime    Last Run
--------------------------------------  -----  ---------  --------  ----------  --------------  -------------------
/opt/airflow/dags/wifi_pipeline_dag.py                           1           0  0.12s           2026-09-17T00:16:46
/opt/airflow/dags/teste_dag.py                                   1           0  0.10s           2026-09-17T00:16:46
================================================================================
[2026-09-17T00:17:20.809+0000] {manager.py:451} INFO - Exiting gracefully upon receiving signal 15
[2026-09-17T00:20:40.694+0000] {manager.py:469} INFO - Processing files using up to 2 processes at a time 
[2026-09-17T00:20:40.695+0000] {manager.py:470} INFO - Process each file at most once every 30 seconds
[2026-09-17T00:20:40.695+0000] {manager.py:471} INFO - Checking for new files in /opt/airflow/dags every 300 seconds
[2026-09-17T00:20:40.696+0000] {manager.py:738} INFO - Searching for files in /opt/airflow/dags
[2026-09-17T00:20:40.697+0000] {manager.py:741} INFO - There are 2 files in /opt/airflow/dags
[2026-09-17T00:20:40.784+0000] {manager.py:879} INFO - 
================================================================================
DAG File Processing Stats

File Path                                 PID  Runtime      # DAGs    # Errors  Last Runtime    Last Run
--------------------------------------  -----  ---------  --------  ----------  --------------  ----------
/opt/airflow/dags/wifi_pipeline_dag.py    174  0.05s             0           0
/opt/airflow/dags/teste_dag.py            177  0.04s             0           0
================================================================================
[2026-09-17T00:21:13.998+0000] {manager.py:879} INFO - 
================================================================================
DAG File Processing Stats

File Path                               PID    Runtime      # DAGs    # Errors  Last Runtime    Last Run
--------------------------------------  -----  ---------  --------  ----------  --------------  -------------------
/opt/airflow/dags/wifi_pipeline_dag.py                           1           0  0.16s           2026-09-17T00:21:12
/opt/airflow/dags/teste_dag.py                                   1           0  0.13s           2026-09-17T00:21:11
================================================================================
[2026-09-17T00:21:46.947+0000] {manager.py:879} INFO - 
================================================================================
DAG File Processing Stats

File Path                               PID    Runtime      # DAGs    # Errors  Last Runtime    Last Run
--------------------------------------  -----  ---------  --------  ----------  --------------  -------------------
/opt/airflow/dags/wifi_pipeline_dag.py                           1           0  0.11s           2026-09-17T00:21:42
/opt/airflow/dags/teste_dag.py                                   1           0  0.09s           2026-09-17T00:21:42
================================================================================
[2026-09-17T00:22:19.894+0000] {manager.py:879} INFO - 
================================================================================
DAG File Processing Stats

File Path                               PID    Runtime      # DAGs    # Errors  Last Runtime    Last Run
--------------------------------------  -----  ---------  --------  ----------  --------------  -------------------
/opt/airflow/dags/wifi_pipeline_dag.py                           1           0  0.11s           2026-09-17T00:22:13
/opt/airflow/dags/teste_dag.py                                   1           0  0.09s           2026-09-17T00:22:13
================================================================================
[2026-09-17T00:22:52.851+0000] {manager.py:879} INFO - 
================================================================================
DAG File Processing Stats

File Path                               PID    Runtime      # DAGs    # Errors  Last Runtime    Last Run
--------------------------------------  -----  ---------  --------  ----------  --------------  -------------------
/opt/airflow/dags/wifi_pipeline_dag.py                           1           0  0.12s           2026-09-17T00:22:44
/opt/airflow/dags/teste_dag.py                                   1           0  0.10s           2026-09-17T00:22:44
================================================================================
[2026-09-17T00:23:25.800+0000] {manager.py:879} INFO - 
================================================================================
DAG File Processing Stats

File Path                               PID    Runtime      # DAGs    # Errors  Last Runtime    Last Run
--------------------------------------  -----  ---------  --------  ----------  --------------  -------------------
/opt/airflow/dags/wifi_pipeline_dag.py                           1           0  0.12s           2026-09-17T00:23:15
/opt/airflow/dags/teste_dag.py                                   1           0  0.10s           2026-09-17T00:23:15
================================================================================
[2026-09-17T00:23:58.753+0000] {manager.py:879} INFO - 
================================================================================
DAG File Processing Stats

File Path                               PID    Runtime      # DAGs    # Errors  Last Runtime    Last Run
--------------------------------------  -----  ---------  --------  ----------  --------------  -------------------
/opt/airflow/dags/wifi_pipeline_dag.py                           1           0  0.11s           2026-09-17T00:23:46
/opt/airflow/dags/teste_dag.py                                   1           0  0.09s           2026-09-17T00:23:46
================================================================================
[2026-09-17T00:24:31.719+0000] {manager.py:879} INFO - 
================================================================================
DAG File Processing Stats

File Path                               PID    Runtime      # DAGs    # Errors  Last Runtime    Last Run
--------------------------------------  -----  ---------  --------  ----------  --------------  -------------------
/opt/airflow/dags/wifi_pipeline_dag.py                           1           0  0.13s           2026-09-17T00:24:17
/opt/airflow/dags/teste_dag.py                                   1           0  0.11s           2026-09-17T00:24:17
================================================================================
[2026-09-17T00:25:04.666+0000] {manager.py:879} INFO - 
================================================================================
DAG File Processing Stats

File Path                               PID    Runtime      # DAGs    # Errors  Last Runtime    Last Run
--------------------------------------  -----  ---------  --------  ----------  --------------  -------------------
/opt/airflow/dags/wifi_pipeline_dag.py                           1           0  0.10s           2026-09-17T00:24:48
/opt/airflow/dags/teste_dag.py                                   1           0  0.09s           2026-09-17T00:24:48
================================================================================
[2026-09-17T00:25:37.623+0000] {manager.py:879} INFO - 
================================================================================
DAG File Processing Stats

File Path                               PID    Runtime      # DAGs    # Errors  Last Runtime    Last Run
--------------------------------------  -----  ---------  --------  ----------  --------------  -------------------
/opt/airflow/dags/wifi_pipeline_dag.py                           1           0  0.12s           2026-09-17T00:25:19
/opt/airflow/dags/teste_dag.py                                   1           0  0.10s           2026-09-17T00:25:19
================================================================================
[2026-09-17T00:25:41.637+0000] {manager.py:738} INFO - Searching for files in /opt/airflow/dags
[2026-09-17T00:25:41.639+0000] {manager.py:741} INFO - There are 2 files in /opt/airflow/dags
[2026-09-17T00:26:10.589+0000] {manager.py:879} INFO - 
================================================================================
DAG File Processing Stats

File Path                               PID    Runtime      # DAGs    # Errors  Last Runtime    Last Run
--------------------------------------  -----  ---------  --------  ----------  --------------  -------------------
/opt/airflow/dags/wifi_pipeline_dag.py                           1           0  0.12s           2026-09-17T00:25:52
/opt/airflow/dags/teste_dag.py                                   1           0  0.10s           2026-09-17T00:25:52
================================================================================
[2026-09-17T00:26:43.557+0000] {manager.py:879} INFO - 
================================================================================
DAG File Processing Stats

File Path                               PID    Runtime      # DAGs    # Errors  Last Runtime    Last Run
--------------------------------------  -----  ---------  --------  ----------  --------------  -------------------
/opt/airflow/dags/wifi_pipeline_dag.py                           1           0  0.13s           2026-09-17T00:26:25
/opt/airflow/dags/teste_dag.py                                   1           0  0.11s           2026-09-17T00:26:25
================================================================================
[2026-09-17T00:27:16.525+0000] {manager.py:879} INFO - 
================================================================================
DAG File Processing Stats

File Path                               PID    Runtime      # DAGs    # Errors  Last Runtime    Last Run
--------------------------------------  -----  ---------  --------  ----------  --------------  -------------------
/opt/airflow/dags/wifi_pipeline_dag.py                           1           0  0.12s           2026-09-17T00:26:57
/opt/airflow/dags/teste_dag.py                                   1           0  0.10s           2026-09-17T00:26:57
================================================================================
[2026-09-17T00:27:49.489+0000] {manager.py:879} INFO - 
================================================================================
DAG File Processing Stats

File Path                               PID    Runtime      # DAGs    # Errors  Last Runtime    Last Run
--------------------------------------  -----  ---------  --------  ----------  --------------  -------------------
/opt/airflow/dags/wifi_pipeline_dag.py                           1           0  0.12s           2026-09-17T00:27:30
/opt/airflow/dags/teste_dag.py                                   1           0  0.10s           2026-09-17T00:27:30
================================================================================
[2026-09-17T00:28:22.426+0000] {manager.py:879} INFO - 
================================================================================
DAG File Processing Stats

File Path                               PID    Runtime      # DAGs    # Errors  Last Runtime    Last Run
--------------------------------------  -----  ---------  --------  ----------  --------------  -------------------
/opt/airflow/dags/wifi_pipeline_dag.py                           1           0  0.10s           2026-09-17T00:28:03
/opt/airflow/dags/teste_dag.py                                   1           0  0.09s           2026-09-17T00:28:03
================================================================================
[2026-09-17T00:28:55.391+0000] {manager.py:879} INFO - 
================================================================================
DAG File Processing Stats

File Path                               PID    Runtime      # DAGs    # Errors  Last Runtime    Last Run
--------------------------------------  -----  ---------  --------  ----------  --------------  -------------------
/opt/airflow/dags/wifi_pipeline_dag.py                           1           0  0.13s           2026-09-17T00:28:36
/opt/airflow/dags/teste_dag.py                                   1           0  0.11s           2026-09-17T00:28:36
================================================================================
[2026-09-17T00:29:28.349+0000] {manager.py:879} INFO - 
================================================================================
DAG File Processing Stats

File Path                               PID    Runtime      # DAGs    # Errors  Last Runtime    Last Run
--------------------------------------  -----  ---------  --------  ----------  --------------  -------------------
/opt/airflow/dags/wifi_pipeline_dag.py                           1           0  0.11s           2026-09-17T00:29:08
/opt/airflow/dags/teste_dag.py                                   1           0  0.09s           2026-09-17T00:29:08
================================================================================
[2026-09-17T00:30:01.302+0000] {manager.py:879} INFO - 
================================================================================
DAG File Processing Stats

File Path                               PID    Runtime      # DAGs    # Errors  Last Runtime    Last Run
--------------------------------------  -----  ---------  --------  ----------  --------------  -------------------
/opt/airflow/dags/wifi_pipeline_dag.py                           1           0  0.11s           2026-09-17T00:29:41
/opt/airflow/dags/teste_dag.py                                   1           0  0.10s           2026-09-17T00:29:41
================================================================================
[2026-09-17T00:30:34.277+0000] {manager.py:879} INFO - 
================================================================================
DAG File Processing Stats

File Path                               PID    Runtime      # DAGs    # Errors  Last Runtime    Last Run
--------------------------------------  -----  ---------  --------  ----------  --------------  -------------------
/opt/airflow/dags/wifi_pipeline_dag.py                           1           0  0.12s           2026-09-17T00:30:14
/opt/airflow/dags/teste_dag.py                                   1           0  0.10s           2026-09-17T00:30:14
================================================================================
[2026-09-17T00:30:42.305+0000] {manager.py:738} INFO - Searching for files in /opt/airflow/dags
[2026-09-17T00:30:42.306+0000] {manager.py:741} INFO - There are 2 files in /opt/airflow/dags
[2026-09-17T00:31:07.238+0000] {manager.py:879} INFO - 
================================================================================
DAG File Processing Stats

File Path                               PID    Runtime      # DAGs    # Errors  Last Runtime    Last Run
--------------------------------------  -----  ---------  --------  ----------  --------------  -------------------
/opt/airflow/dags/wifi_pipeline_dag.py                           1           0  0.11s           2026-09-17T00:30:47
/opt/airflow/dags/teste_dag.py                                   1           0  0.09s           2026-09-17T00:30:47
================================================================================
[2026-09-17T00:31:40.205+0000] {manager.py:879} INFO - 
================================================================================
DAG File Processing Stats

File Path                               PID    Runtime      # DAGs    # Errors  Last Runtime    Last Run
--------------------------------------  -----  ---------  --------  ----------  --------------  -------------------
/opt/airflow/dags/wifi_pipeline_dag.py                           1           0  0.13s           2026-09-17T00:31:20
/opt/airflow/dags/teste_dag.py                                   1           0  0.12s           2026-09-17T00:31:20
================================================================================
[2026-09-17T00:32:13.163+0000] {manager.py:879} INFO - 
================================================================================
DAG File Processing Stats

File Path                               PID    Runtime      # DAGs    # Errors  Last Runtime    Last Run
--------------------------------------  -----  ---------  --------  ----------  --------------  -------------------
/opt/airflow/dags/wifi_pipeline_dag.py                           1           0  0.12s           2026-09-17T00:31:52
/opt/airflow/dags/teste_dag.py                                   1           0  0.10s           2026-09-17T00:31:52
================================================================================
[2026-09-17T00:32:46.158+0000] {manager.py:879} INFO - 
================================================================================
DAG File Processing Stats

File Path                               PID    Runtime      # DAGs    # Errors  Last Runtime    Last Run
--------------------------------------  -----  ---------  --------  ----------  --------------  -------------------
/opt/airflow/dags/wifi_pipeline_dag.py                           1           0  0.15s           2026-09-17T00:32:25
/opt/airflow/dags/teste_dag.py                                   1           0  0.13s           2026-09-17T00:32:25
================================================================================
[2026-09-17T00:33:19.100+0000] {manager.py:879} INFO - 
================================================================================
DAG File Processing Stats

File Path                               PID    Runtime      # DAGs    # Errors  Last Runtime    Last Run
--------------------------------------  -----  ---------  --------  ----------  --------------  -------------------
/opt/airflow/dags/wifi_pipeline_dag.py                           1           0  0.11s           2026-09-17T00:32:58
/opt/airflow/dags/teste_dag.py                                   1           0  0.10s           2026-09-17T00:32:58
================================================================================
[2026-09-17T00:33:52.070+0000] {manager.py:879} INFO - 
================================================================================
DAG File Processing Stats

File Path                               PID    Runtime      # DAGs    # Errors  Last Runtime    Last Run
--------------------------------------  -----  ---------  --------  ----------  --------------  -------------------
/opt/airflow/dags/wifi_pipeline_dag.py                           1           0  0.13s           2026-09-17T00:33:31
/opt/airflow/dags/teste_dag.py                                   1           0  0.11s           2026-09-17T00:33:30
================================================================================
[2026-09-17T00:34:25.034+0000] {manager.py:879} INFO - 
================================================================================
DAG File Processing Stats

File Path                               PID    Runtime      # DAGs    # Errors  Last Runtime    Last Run
--------------------------------------  -----  ---------  --------  ----------  --------------  -------------------
/opt/airflow/dags/wifi_pipeline_dag.py                           1           0  0.12s           2026-09-17T00:34:02
/opt/airflow/dags/teste_dag.py                                   1           0  0.10s           2026-09-17T00:34:02
================================================================================
[2026-09-17T00:34:27.660+0000] {manager.py:451} INFO - Exiting gracefully upon receiving signal 15
[2026-09-17T00:34:54.713+0000] {manager.py:469} INFO - Processing files using up to 2 processes at a time 
[2026-09-17T00:34:54.714+0000] {manager.py:470} INFO - Process each file at most once every 30 seconds
[2026-09-17T00:34:54.714+0000] {manager.py:471} INFO - Checking for new files in /opt/airflow/dags every 300 seconds
[2026-09-17T00:34:54.715+0000] {manager.py:738} INFO - Searching for files in /opt/airflow/dags
[2026-09-17T00:34:54.717+0000] {manager.py:741} INFO - There are 2 files in /opt/airflow/dags
[2026-09-17T00:34:54.799+0000] {manager.py:879} INFO - 
================================================================================
DAG File Processing Stats

File Path                                 PID  Runtime      # DAGs    # Errors  Last Runtime    Last Run
--------------------------------------  -----  ---------  --------  ----------  --------------  ----------
/opt/airflow/dags/wifi_pipeline_dag.py    174  0.05s             0           0
/opt/airflow/dags/teste_dag.py            177  0.04s             0           0
================================================================================
[2026-09-17T00:35:27.976+0000] {manager.py:879} INFO - 
================================================================================
DAG File Processing Stats

File Path                               PID    Runtime      # DAGs    # Errors  Last Runtime    Last Run
--------------------------------------  -----  ---------  --------  ----------  --------------  -------------------
/opt/airflow/dags/wifi_pipeline_dag.py                           1           0  0.27s           2026-09-17T00:35:25
/opt/airflow/dags/teste_dag.py                                   1           0  0.25s           2026-09-17T00:35:25
================================================================================
[2026-09-17T00:36:00.919+0000] {manager.py:879} INFO - 
================================================================================
DAG File Processing Stats

File Path                               PID    Runtime      # DAGs    # Errors  Last Runtime    Last Run
--------------------------------------  -----  ---------  --------  ----------  --------------  -------------------
/opt/airflow/dags/wifi_pipeline_dag.py                           1           0  0.11s           2026-09-17T00:35:56
/opt/airflow/dags/teste_dag.py                                   1           0  0.09s           2026-09-17T00:35:56
================================================================================
[2026-09-17T00:36:33.869+0000] {manager.py:879} INFO - 
================================================================================
DAG File Processing Stats

File Path                               PID    Runtime      # DAGs    # Errors  Last Runtime    Last Run
--------------------------------------  -----  ---------  --------  ----------  --------------  -------------------
/opt/airflow/dags/wifi_pipeline_dag.py                           1           0  0.11s           2026-09-17T00:36:27
/opt/airflow/dags/teste_dag.py                                   1           0  0.09s           2026-09-17T00:36:27
================================================================================
[2026-09-17T00:37:06.826+0000] {manager.py:879} INFO - 
================================================================================
DAG File Processing Stats

File Path                               PID    Runtime      # DAGs    # Errors  Last Runtime    Last Run
--------------------------------------  -----  ---------  --------  ----------  --------------  -------------------
/opt/airflow/dags/wifi_pipeline_dag.py                           1           0  0.11s           2026-09-17T00:36:58
/opt/airflow/dags/teste_dag.py                                   1           0  0.10s           2026-09-17T00:36:58
================================================================================
[2026-09-17T00:37:39.782+0000] {manager.py:879} INFO - 
================================================================================
DAG File Processing Stats

File Path                               PID    Runtime      # DAGs    # Errors  Last Runtime    Last Run
--------------------------------------  -----  ---------  --------  ----------  --------------  -------------------
/opt/airflow/dags/wifi_pipeline_dag.py                           1           0  0.10s           2026-09-17T00:37:29
/opt/airflow/dags/teste_dag.py                                   1           0  0.09s           2026-09-17T00:37:29
================================================================================
[2026-09-17T00:38:02.277+0000] {manager.py:451} INFO - Exiting gracefully upon receiving signal 15
[2026-09-18T01:31:46.323+0000] {manager.py:469} INFO - Processing files using up to 2 processes at a time 
[2026-09-18T01:31:46.325+0000] {manager.py:470} INFO - Process each file at most once every 30 seconds
[2026-09-18T01:31:46.325+0000] {manager.py:471} INFO - Checking for new files in /opt/airflow/dags every 300 seconds
[2026-09-18T01:31:46.326+0000] {manager.py:738} INFO - Searching for files in /opt/airflow/dags
[2026-09-18T01:31:46.330+0000] {manager.py:741} INFO - There are 2 files in /opt/airflow/dags
[2026-09-18T01:31:46.448+0000] {manager.py:879} INFO - 
================================================================================
DAG File Processing Stats

File Path                                 PID  Runtime      # DAGs    # Errors  Last Runtime    Last Run
--------------------------------------  -----  ---------  --------  ----------  --------------  ----------
/opt/airflow/dags/wifi_pipeline_dag.py    174  0.07s             0           0
/opt/airflow/dags/teste_dag.py            177  0.06s             0           0
================================================================================
[2026-09-18T01:32:16.880+0000] {manager.py:879} INFO - 
================================================================================
DAG File Processing Stats

File Path                                 PID  Runtime      # DAGs    # Errors  Last Runtime    Last Run
--------------------------------------  -----  ---------  --------  ----------  --------------  -------------------
/opt/airflow/dags/wifi_pipeline_dag.py    185  0.01s             1           0  0.40s           2026-09-18T01:31:46
/opt/airflow/dags/teste_dag.py            188  0.01s             1           0  0.37s           2026-09-18T01:31:46
================================================================================
[2026-09-18T01:32:47.093+0000] {manager.py:879} INFO - 
================================================================================
DAG File Processing Stats

File Path                                 PID  Runtime      # DAGs    # Errors  Last Runtime    Last Run
--------------------------------------  -----  ---------  --------  ----------  --------------  -------------------
/opt/airflow/dags/wifi_pipeline_dag.py    195  0.01s             1           0  0.13s           2026-09-18T01:32:16
/opt/airflow/dags/teste_dag.py            198  0.01s             1           0  0.11s           2026-09-18T01:32:16
================================================================================
[2026-09-18T01:33:17.301+0000] {manager.py:879} INFO - 
================================================================================
DAG File Processing Stats

File Path                                 PID  Runtime      # DAGs    # Errors  Last Runtime    Last Run
--------------------------------------  -----  ---------  --------  ----------  --------------  -------------------
/opt/airflow/dags/wifi_pipeline_dag.py    205  0.01s             1           0  0.11s           2026-09-18T01:32:47
/opt/airflow/dags/teste_dag.py            208  0.01s             1           0  0.10s           2026-09-18T01:32:47
================================================================================
[2026-09-18T01:33:47.548+0000] {manager.py:879} INFO - 
================================================================================
DAG File Processing Stats

File Path                                 PID  Runtime      # DAGs    # Errors  Last Runtime    Last Run
--------------------------------------  -----  ---------  --------  ----------  --------------  -------------------
/opt/airflow/dags/wifi_pipeline_dag.py    215  0.02s             1           0  0.12s           2026-09-18T01:33:17
/opt/airflow/dags/teste_dag.py            218  0.01s             1           0  0.11s           2026-09-18T01:33:17
================================================================================
[2026-09-18T01:34:17.776+0000] {manager.py:879} INFO - 
================================================================================
DAG File Processing Stats

File Path                                 PID  Runtime      # DAGs    # Errors  Last Runtime    Last Run
--------------------------------------  -----  ---------  --------  ----------  --------------  -------------------
/opt/airflow/dags/wifi_pipeline_dag.py    225  0.02s             1           0  0.13s           2026-09-18T01:33:47
/opt/airflow/dags/teste_dag.py            228  0.01s             1           0  0.11s           2026-09-18T01:33:47
================================================================================
[2026-09-18T01:34:48.016+0000] {manager.py:879} INFO - 
================================================================================
DAG File Processing Stats

File Path                                 PID  Runtime      # DAGs    # Errors  Last Runtime    Last Run
--------------------------------------  -----  ---------  --------  ----------  --------------  -------------------
/opt/airflow/dags/wifi_pipeline_dag.py    235  0.01s             1           0  0.16s           2026-09-18T01:34:17
/opt/airflow/dags/teste_dag.py            238  0.01s             1           0  0.13s           2026-09-18T01:34:17
================================================================================
[2026-09-18T01:35:18.216+0000] {manager.py:879} INFO - 
================================================================================
DAG File Processing Stats

File Path                                 PID  Runtime      # DAGs    # Errors  Last Runtime    Last Run
--------------------------------------  -----  ---------  --------  ----------  --------------  -------------------
/opt/airflow/dags/wifi_pipeline_dag.py    245  0.01s             1           0  0.11s           2026-09-18T01:34:48
/opt/airflow/dags/teste_dag.py            248  0.01s             1           0  0.10s           2026-09-18T01:34:48
================================================================================
[2026-09-18T01:35:48.430+0000] {manager.py:879} INFO - 
================================================================================
DAG File Processing Stats

File Path                                 PID  Runtime      # DAGs    # Errors  Last Runtime    Last Run
--------------------------------------  -----  ---------  --------  ----------  --------------  -------------------
/opt/airflow/dags/wifi_pipeline_dag.py    255  0.01s             1           0  0.12s           2026-09-18T01:35:18
/opt/airflow/dags/teste_dag.py            258  0.01s             1           0  0.10s           2026-09-18T01:35:18
================================================================================
[2026-09-18T01:36:18.651+0000] {manager.py:879} INFO - 
================================================================================
DAG File Processing Stats

File Path                                 PID  Runtime      # DAGs    # Errors  Last Runtime    Last Run
--------------------------------------  -----  ---------  --------  ----------  --------------  -------------------
/opt/airflow/dags/wifi_pipeline_dag.py    265  0.01s             1           0  0.11s           2026-09-18T01:35:48
/opt/airflow/dags/teste_dag.py            268  0.01s             1           0  0.10s           2026-09-18T01:35:48
================================================================================
[2026-09-18T01:36:46.852+0000] {manager.py:738} INFO - Searching for files in /opt/airflow/dags
[2026-09-18T01:36:46.854+0000] {manager.py:741} INFO - There are 2 files in /opt/airflow/dags
[2026-09-18T01:36:48.896+0000] {manager.py:879} INFO - 
================================================================================
DAG File Processing Stats

File Path                                 PID  Runtime      # DAGs    # Errors  Last Runtime    Last Run
--------------------------------------  -----  ---------  --------  ----------  --------------  -------------------
/opt/airflow/dags/wifi_pipeline_dag.py    275  0.01s             1           0  0.11s           2026-09-18T01:36:18
/opt/airflow/dags/teste_dag.py            278  0.01s             1           0  0.10s           2026-09-18T01:36:18
================================================================================
[2026-09-18T01:37:19.119+0000] {manager.py:879} INFO - 
================================================================================
DAG File Processing Stats

File Path                                 PID  Runtime      # DAGs    # Errors  Last Runtime    Last Run
--------------------------------------  -----  ---------  --------  ----------  --------------  -------------------
/opt/airflow/dags/wifi_pipeline_dag.py    285  0.01s             1           0  0.13s           2026-09-18T01:36:49
/opt/airflow/dags/teste_dag.py            288  0.01s             1           0  0.11s           2026-09-18T01:36:48
================================================================================
[2026-09-18T01:37:49.342+0000] {manager.py:879} INFO - 
================================================================================
DAG File Processing Stats

File Path                                 PID  Runtime      # DAGs    # Errors  Last Runtime    Last Run
--------------------------------------  -----  ---------  --------  ----------  --------------  -------------------
/opt/airflow/dags/wifi_pipeline_dag.py    295  0.02s             1           0  0.12s           2026-09-18T01:37:19
/opt/airflow/dags/teste_dag.py            298  0.01s             1           0  0.10s           2026-09-18T01:37:19
================================================================================
[2026-09-18T01:38:19.593+0000] {manager.py:879} INFO - 
================================================================================
DAG File Processing Stats

File Path                                 PID  Runtime      # DAGs    # Errors  Last Runtime    Last Run
--------------------------------------  -----  ---------  --------  ----------  --------------  -------------------
/opt/airflow/dags/wifi_pipeline_dag.py    305  0.01s             1           0  0.15s           2026-09-18T01:37:49
/opt/airflow/dags/teste_dag.py            308  0.01s             1           0  0.13s           2026-09-18T01:37:49
================================================================================
[2026-09-18T01:38:49.792+0000] {manager.py:879} INFO - 
================================================================================
DAG File Processing Stats

File Path                                 PID  Runtime      # DAGs    # Errors  Last Runtime    Last Run
--------------------------------------  -----  ---------  --------  ----------  --------------  -------------------
/opt/airflow/dags/wifi_pipeline_dag.py    315  0.01s             1           0  0.11s           2026-09-18T01:38:19
/opt/airflow/dags/teste_dag.py            318  0.01s             1           0  0.09s           2026-09-18T01:38:19
================================================================================
[2026-09-18T01:38:52.627+0000] {manager.py:451} INFO - Exiting gracefully upon receiving signal 15
[2026-09-18T01:39:31.988+0000] {manager.py:469} INFO - Processing files using up to 2 processes at a time 
[2026-09-18T01:39:31.990+0000] {manager.py:470} INFO - Process each file at most once every 30 seconds
[2026-09-18T01:39:31.990+0000] {manager.py:471} INFO - Checking for new files in /opt/airflow/dags every 300 seconds
[2026-09-18T01:39:31.990+0000] {manager.py:738} INFO - Searching for files in /opt/airflow/dags
[2026-09-18T01:39:31.992+0000] {manager.py:741} INFO - There are 2 files in /opt/airflow/dags
[2026-09-18T01:39:32.092+0000] {manager.py:879} INFO - 
================================================================================
DAG File Processing Stats

File Path                                 PID  Runtime      # DAGs    # Errors  Last Runtime    Last Run
--------------------------------------  -----  ---------  --------  ----------  --------------  ----------
/opt/airflow/dags/wifi_pipeline_dag.py    174  0.05s             0           0
/opt/airflow/dags/teste_dag.py            177  0.04s             0           0
================================================================================
[2026-09-18T01:40:02.308+0000] {manager.py:879} INFO - 
================================================================================
DAG File Processing Stats

File Path                                 PID  Runtime      # DAGs    # Errors  Last Runtime    Last Run
--------------------------------------  -----  ---------  --------  ----------  --------------  -------------------
/opt/airflow/dags/wifi_pipeline_dag.py    185  0.03s             1           0  0.14s           2026-09-18T01:39:32
/opt/airflow/dags/teste_dag.py            188  0.02s             1           0  0.12s           2026-09-18T01:39:32
================================================================================
[2026-09-18T01:41:12.533+0000] {manager.py:469} INFO - Processing files using up to 2 processes at a time 
[2026-09-18T01:41:12.535+0000] {manager.py:470} INFO - Process each file at most once every 30 seconds
[2026-09-18T01:41:12.535+0000] {manager.py:471} INFO - Checking for new files in /opt/airflow/dags every 300 seconds
[2026-09-18T01:41:12.535+0000] {manager.py:738} INFO - Searching for files in /opt/airflow/dags
[2026-09-18T01:41:12.537+0000] {manager.py:741} INFO - There are 2 files in /opt/airflow/dags
[2026-09-18T01:41:12.638+0000] {manager.py:879} INFO - 
================================================================================
DAG File Processing Stats

File Path                                 PID  Runtime      # DAGs    # Errors  Last Runtime    Last Run
--------------------------------------  -----  ---------  --------  ----------  --------------  ----------
/opt/airflow/dags/wifi_pipeline_dag.py    174  0.06s             0           0
/opt/airflow/dags/teste_dag.py            177  0.05s             0           0
================================================================================
[2026-09-18T01:41:42.759+0000] {manager.py:879} INFO - 
================================================================================
DAG File Processing Stats

File Path                                 PID  Runtime      # DAGs    # Errors  Last Runtime    Last Run
--------------------------------------  -----  ---------  --------  ----------  --------------  -------------------
/opt/airflow/dags/wifi_pipeline_dag.py    185  0.01s             1           0  0.14s           2026-09-18T01:41:12
/opt/airflow/dags/teste_dag.py            188  0.01s             1           0  0.13s           2026-09-18T01:41:12
================================================================================
[2026-09-18T01:42:36.263+0000] {manager.py:469} INFO - Processing files using up to 2 processes at a time 
[2026-09-18T01:42:36.265+0000] {manager.py:470} INFO - Process each file at most once every 30 seconds
[2026-09-18T01:42:36.265+0000] {manager.py:471} INFO - Checking for new files in /opt/airflow/dags every 300 seconds
[2026-09-18T01:42:36.265+0000] {manager.py:738} INFO - Searching for files in /opt/airflow/dags
[2026-09-18T01:42:36.267+0000] {manager.py:741} INFO - There are 2 files in /opt/airflow/dags
[2026-09-18T01:42:36.380+0000] {manager.py:879} INFO - 
================================================================================
DAG File Processing Stats

File Path                                 PID  Runtime      # DAGs    # Errors  Last Runtime    Last Run
--------------------------------------  -----  ---------  --------  ----------  --------------  ----------
/opt/airflow/dags/wifi_pipeline_dag.py    174  0.07s             0           0
/opt/airflow/dags/teste_dag.py            177  0.06s             0           0
================================================================================
[2026-09-18T01:43:06.587+0000] {manager.py:879} INFO - 
================================================================================
DAG File Processing Stats

File Path                                 PID  Runtime      # DAGs    # Errors  Last Runtime    Last Run
--------------------------------------  -----  ---------  --------  ----------  --------------  -------------------
/opt/airflow/dags/wifi_pipeline_dag.py    185  0.01s             1           0  0.20s           2026-09-18T01:42:36
/opt/airflow/dags/teste_dag.py            188  0.01s             1           0  0.18s           2026-09-18T01:42:36
================================================================================
[2026-09-18T01:43:36.982+0000] {manager.py:879} INFO - 
================================================================================
DAG File Processing Stats

File Path                                 PID  Runtime      # DAGs    # Errors  Last Runtime    Last Run
--------------------------------------  -----  ---------  --------  ----------  --------------  -------------------
/opt/airflow/dags/wifi_pipeline_dag.py    195  0.02s             1           0  0.28s           2026-09-18T01:43:06
/opt/airflow/dags/teste_dag.py            198  0.01s             1           0  0.26s           2026-09-18T01:43:06
================================================================================
[2026-09-18T01:44:30.554+0000] {manager.py:469} INFO - Processing files using up to 2 processes at a time 
[2026-09-18T01:44:30.555+0000] {manager.py:470} INFO - Process each file at most once every 30 seconds
[2026-09-18T01:44:30.555+0000] {manager.py:471} INFO - Checking for new files in /opt/airflow/dags every 300 seconds
[2026-09-18T01:44:30.555+0000] {manager.py:738} INFO - Searching for files in /opt/airflow/dags
[2026-09-18T01:44:30.557+0000] {manager.py:741} INFO - There are 2 files in /opt/airflow/dags
[2026-09-18T01:44:30.635+0000] {manager.py:879} INFO - 
================================================================================
DAG File Processing Stats

File Path                                 PID  Runtime      # DAGs    # Errors  Last Runtime    Last Run
--------------------------------------  -----  ---------  --------  ----------  --------------  ----------
/opt/airflow/dags/wifi_pipeline_dag.py    174  0.04s             0           0
/opt/airflow/dags/teste_dag.py            178  0.03s             0           0
================================================================================
[2026-09-18T01:45:00.792+0000] {manager.py:879} INFO - 
================================================================================
DAG File Processing Stats

File Path                                 PID  Runtime      # DAGs    # Errors  Last Runtime    Last Run
--------------------------------------  -----  ---------  --------  ----------  --------------  -------------------
/opt/airflow/dags/wifi_pipeline_dag.py    185  0.01s             1           0  0.11s           2026-09-18T01:44:30
/opt/airflow/dags/teste_dag.py            188  0.01s             1           0  0.09s           2026-09-18T01:44:30
================================================================================
[2026-09-18T01:45:31.161+0000] {manager.py:879} INFO - 
================================================================================
DAG File Processing Stats

File Path                                 PID  Runtime      # DAGs    # Errors  Last Runtime    Last Run
--------------------------------------  -----  ---------  --------  ----------  --------------  -------------------
/opt/airflow/dags/wifi_pipeline_dag.py    195  0.02s             1           0  0.29s           2026-09-18T01:45:01
/opt/airflow/dags/teste_dag.py            198  0.01s             1           0  0.27s           2026-09-18T01:45:01
================================================================================
[2026-09-18T01:46:01.251+0000] {manager.py:879} INFO - 
================================================================================
DAG File Processing Stats

File Path                               PID    Runtime      # DAGs    # Errors  Last Runtime    Last Run
--------------------------------------  -----  ---------  --------  ----------  --------------  -------------------
/opt/airflow/dags/wifi_pipeline_dag.py                           1           0  0.16s           2026-09-18T01:45:31
/opt/airflow/dags/teste_dag.py                                   1           0  0.15s           2026-09-18T01:45:31
================================================================================
[2026-09-18T01:46:31.579+0000] {manager.py:879} INFO - 
================================================================================
DAG File Processing Stats

File Path                                 PID  Runtime      # DAGs    # Errors  Last Runtime    Last Run
--------------------------------------  -----  ---------  --------  ----------  --------------  -------------------
/opt/airflow/dags/wifi_pipeline_dag.py    215  0.01s             1           0  0.11s           2026-09-18T01:46:01
/opt/airflow/dags/teste_dag.py            218  0.01s             1           0  0.10s           2026-09-18T01:46:01
================================================================================
[2026-09-18T01:47:01.769+0000] {manager.py:879} INFO - 
================================================================================
DAG File Processing Stats

File Path                                 PID  Runtime      # DAGs    # Errors  Last Runtime    Last Run
--------------------------------------  -----  ---------  --------  ----------  --------------  -------------------
/opt/airflow/dags/wifi_pipeline_dag.py    225  0.01s             1           0  0.10s           2026-09-18T01:46:31
/opt/airflow/dags/teste_dag.py            228  0.01s             1           0  0.09s           2026-09-18T01:46:31
================================================================================
[2026-09-18T01:47:31.974+0000] {manager.py:879} INFO - 
================================================================================
DAG File Processing Stats

File Path                                 PID  Runtime      # DAGs    # Errors  Last Runtime    Last Run
--------------------------------------  -----  ---------  --------  ----------  --------------  -------------------
/opt/airflow/dags/wifi_pipeline_dag.py    235  0.01s             1           0  0.13s           2026-09-18T01:47:01
/opt/airflow/dags/teste_dag.py            238  0.01s             1           0  0.11s           2026-09-18T01:47:01
================================================================================
[2026-09-18T01:48:48.469+0000] {manager.py:469} INFO - Processing files using up to 2 processes at a time 
[2026-09-18T01:48:48.470+0000] {manager.py:470} INFO - Process each file at most once every 30 seconds
[2026-09-18T01:48:48.470+0000] {manager.py:471} INFO - Checking for new files in /opt/airflow/dags every 300 seconds
[2026-09-18T01:48:48.471+0000] {manager.py:738} INFO - Searching for files in /opt/airflow/dags
[2026-09-18T01:48:48.473+0000] {manager.py:741} INFO - There are 2 files in /opt/airflow/dags
[2026-09-18T01:48:48.588+0000] {manager.py:879} INFO - 
================================================================================
DAG File Processing Stats

File Path                                 PID  Runtime      # DAGs    # Errors  Last Runtime    Last Run
--------------------------------------  -----  ---------  --------  ----------  --------------  ----------
/opt/airflow/dags/wifi_pipeline_dag.py    174  0.06s             0           0
/opt/airflow/dags/teste_dag.py            177  0.05s             0           0
================================================================================
[2026-09-18T01:49:18.761+0000] {manager.py:879} INFO - 
================================================================================
DAG File Processing Stats

File Path                                 PID  Runtime      # DAGs    # Errors  Last Runtime    Last Run
--------------------------------------  -----  ---------  --------  ----------  --------------  -------------------
/opt/airflow/dags/wifi_pipeline_dag.py    185  0.01s             1           0  0.14s           2026-09-18T01:48:48
/opt/airflow/dags/teste_dag.py            188  0.01s             1           0  0.12s           2026-09-18T01:48:48
================================================================================
[2026-09-18T01:49:49.139+0000] {manager.py:879} INFO - 
================================================================================
DAG File Processing Stats

File Path                                 PID  Runtime      # DAGs    # Errors  Last Runtime    Last Run
--------------------------------------  -----  ---------  --------  ----------  --------------  -------------------
/opt/airflow/dags/wifi_pipeline_dag.py    195  0.02s             1           0  0.29s           2026-09-18T01:49:19
/opt/airflow/dags/teste_dag.py            198  0.01s             1           0  0.27s           2026-09-18T01:49:19
================================================================================
[2026-09-18T01:51:12.686+0000] {manager.py:469} INFO - Processing files using up to 2 processes at a time 
[2026-09-18T01:51:12.687+0000] {manager.py:470} INFO - Process each file at most once every 30 seconds
[2026-09-18T01:51:12.687+0000] {manager.py:471} INFO - Checking for new files in /opt/airflow/dags every 300 seconds
[2026-09-18T01:51:12.687+0000] {manager.py:738} INFO - Searching for files in /opt/airflow/dags
[2026-09-18T01:51:12.689+0000] {manager.py:741} INFO - There are 2 files in /opt/airflow/dags
[2026-09-18T01:51:12.807+0000] {manager.py:879} INFO - 
================================================================================
DAG File Processing Stats

File Path                                 PID  Runtime      # DAGs    # Errors  Last Runtime    Last Run
--------------------------------------  -----  ---------  --------  ----------  --------------  ----------
/opt/airflow/dags/wifi_pipeline_dag.py    174  0.07s             0           0
/opt/airflow/dags/teste_dag.py            177  0.06s             0           0
================================================================================
[2026-09-18T01:51:43.316+0000] {manager.py:879} INFO - 
================================================================================
DAG File Processing Stats

File Path                                 PID  Runtime      # DAGs    # Errors  Last Runtime    Last Run
--------------------------------------  -----  ---------  --------  ----------  --------------  -------------------
/opt/airflow/dags/wifi_pipeline_dag.py    185  0.02s             1           0  0.47s           2026-09-18T01:51:13
/opt/airflow/dags/teste_dag.py            188  0.01s             1           0  0.45s           2026-09-18T01:51:13
================================================================================
[2026-09-18T01:52:13.532+0000] {manager.py:879} INFO - 
================================================================================
DAG File Processing Stats

File Path                                 PID  Runtime      # DAGs    # Errors  Last Runtime    Last Run
--------------------------------------  -----  ---------  --------  ----------  --------------  -------------------
/opt/airflow/dags/wifi_pipeline_dag.py    195  0.01s             1           0  0.13s           2026-09-18T01:51:43
/opt/airflow/dags/teste_dag.py            198  0.01s             1           0  0.11s           2026-09-18T01:51:43
================================================================================
[2026-09-18T01:52:43.733+0000] {manager.py:879} INFO - 
================================================================================
DAG File Processing Stats

File Path                                 PID  Runtime      # DAGs    # Errors  Last Runtime    Last Run
--------------------------------------  -----  ---------  --------  ----------  --------------  -------------------
/opt/airflow/dags/wifi_pipeline_dag.py    205  0.01s             1           0  0.11s           2026-09-18T01:52:13
/opt/airflow/dags/teste_dag.py            208  0.00s             1           0  0.10s           2026-09-18T01:52:13
================================================================================
[2026-09-18T01:53:13.923+0000] {manager.py:879} INFO - 
================================================================================
DAG File Processing Stats

File Path                                 PID  Runtime      # DAGs    # Errors  Last Runtime    Last Run
--------------------------------------  -----  ---------  --------  ----------  --------------  -------------------
/opt/airflow/dags/wifi_pipeline_dag.py    215  0.01s             1           0  0.09s           2026-09-18T01:52:43
/opt/airflow/dags/teste_dag.py            218  0.01s             1           0  0.07s           2026-09-18T01:52:43
================================================================================
[2026-09-18T01:53:44.127+0000] {manager.py:879} INFO - 
================================================================================
DAG File Processing Stats

File Path                                 PID  Runtime      # DAGs    # Errors  Last Runtime    Last Run
--------------------------------------  -----  ---------  --------  ----------  --------------  -------------------
/opt/airflow/dags/wifi_pipeline_dag.py    225  0.01s             1           0  0.12s           2026-09-18T01:53:14
/opt/airflow/dags/teste_dag.py            228  0.01s             1           0  0.10s           2026-09-18T01:53:14
================================================================================
[2026-09-18T01:54:45.720+0000] {manager.py:469} INFO - Processing files using up to 2 processes at a time 
[2026-09-18T01:54:45.721+0000] {manager.py:470} INFO - Process each file at most once every 30 seconds
[2026-09-18T01:54:45.721+0000] {manager.py:471} INFO - Checking for new files in /opt/airflow/dags every 300 seconds
[2026-09-18T01:54:45.722+0000] {manager.py:738} INFO - Searching for files in /opt/airflow/dags
[2026-09-18T01:54:45.724+0000] {manager.py:741} INFO - There are 2 files in /opt/airflow/dags
[2026-09-18T01:54:45.845+0000] {manager.py:879} INFO - 
================================================================================
DAG File Processing Stats

File Path                                 PID  Runtime      # DAGs    # Errors  Last Runtime    Last Run
--------------------------------------  -----  ---------  --------  ----------  --------------  ----------
/opt/airflow/dags/wifi_pipeline_dag.py    175  0.07s             0           0
/opt/airflow/dags/teste_dag.py            178  0.05s             0           0
================================================================================
[2026-09-18T01:55:16.270+0000] {manager.py:879} INFO - 
================================================================================
DAG File Processing Stats

File Path                                 PID  Runtime      # DAGs    # Errors  Last Runtime    Last Run
--------------------------------------  -----  ---------  --------  ----------  --------------  -------------------
/opt/airflow/dags/wifi_pipeline_dag.py    186  0.01s             1           0  0.40s           2026-09-18T01:54:46
/opt/airflow/dags/teste_dag.py            189  0.01s             1           0  0.37s           2026-09-18T01:54:46
================================================================================
[2026-09-18T01:55:46.459+0000] {manager.py:879} INFO - 
================================================================================
DAG File Processing Stats

File Path                                 PID  Runtime      # DAGs    # Errors  Last Runtime    Last Run
--------------------------------------  -----  ---------  --------  ----------  --------------  -------------------
/opt/airflow/dags/wifi_pipeline_dag.py    196  0.02s             1           0  0.11s           2026-09-18T01:55:16
/opt/airflow/dags/teste_dag.py            199  0.01s             1           0  0.10s           2026-09-18T01:55:16
================================================================================
[2026-09-18T01:56:16.663+0000] {manager.py:879} INFO - 
================================================================================
DAG File Processing Stats

File Path                                 PID  Runtime      # DAGs    # Errors  Last Runtime    Last Run
--------------------------------------  -----  ---------  --------  ----------  --------------  -------------------
/opt/airflow/dags/wifi_pipeline_dag.py    206  0.01s             1           0  0.15s           2026-09-18T01:55:46
/opt/airflow/dags/teste_dag.py            209  0.01s             1           0  0.12s           2026-09-18T01:55:46
================================================================================
[2026-09-18T01:56:59.390+0000] {manager.py:469} INFO - Processing files using up to 2 processes at a time 
[2026-09-18T01:56:59.391+0000] {manager.py:470} INFO - Process each file at most once every 30 seconds
[2026-09-18T01:56:59.391+0000] {manager.py:471} INFO - Checking for new files in /opt/airflow/dags every 300 seconds
[2026-09-18T01:56:59.391+0000] {manager.py:738} INFO - Searching for files in /opt/airflow/dags
[2026-09-18T01:56:59.394+0000] {manager.py:741} INFO - There are 2 files in /opt/airflow/dags
[2026-09-18T01:56:59.503+0000] {manager.py:879} INFO - 
================================================================================
DAG File Processing Stats

File Path                                 PID  Runtime      # DAGs    # Errors  Last Runtime    Last Run
--------------------------------------  -----  ---------  --------  ----------  --------------  ----------
/opt/airflow/dags/wifi_pipeline_dag.py    174  0.07s             0           0
/opt/airflow/dags/teste_dag.py            177  0.05s             0           0
================================================================================
[2026-09-18T01:57:29.919+0000] {manager.py:879} INFO - 
================================================================================
DAG File Processing Stats

File Path                                 PID  Runtime      # DAGs    # Errors  Last Runtime    Last Run
--------------------------------------  -----  ---------  --------  ----------  --------------  -------------------
/opt/airflow/dags/wifi_pipeline_dag.py    185  0.01s             1           0  0.40s           2026-09-18T01:56:59
/opt/airflow/dags/teste_dag.py            188  0.01s             1           0  0.37s           2026-09-18T01:56:59
================================================================================
[2026-09-18T01:58:00.111+0000] {manager.py:879} INFO - 
================================================================================
DAG File Processing Stats

File Path                                 PID  Runtime      # DAGs    # Errors  Last Runtime    Last Run
--------------------------------------  -----  ---------  --------  ----------  --------------  -------------------
/opt/airflow/dags/wifi_pipeline_dag.py    195  0.01s             1           0  0.11s           2026-09-18T01:57:30
/opt/airflow/dags/teste_dag.py            198  0.01s             1           0  0.10s           2026-09-18T01:57:30
================================================================================
[2026-09-18T01:58:30.288+0000] {manager.py:879} INFO - 
================================================================================
DAG File Processing Stats

File Path                                 PID  Runtime      # DAGs    # Errors  Last Runtime    Last Run
--------------------------------------  -----  ---------  --------  ----------  --------------  -------------------
/opt/airflow/dags/wifi_pipeline_dag.py    205  0.01s             1           0  0.11s           2026-09-18T01:58:00
/opt/airflow/dags/teste_dag.py            208  0.01s             1           0  0.10s           2026-09-18T01:58:00
================================================================================
[2026-09-18T01:59:00.484+0000] {manager.py:879} INFO - 
================================================================================
DAG File Processing Stats

File Path                                 PID  Runtime      # DAGs    # Errors  Last Runtime    Last Run
--------------------------------------  -----  ---------  --------  ----------  --------------  -------------------
/opt/airflow/dags/wifi_pipeline_dag.py    215  0.01s             1           0  0.11s           2026-09-18T01:58:30
/opt/airflow/dags/teste_dag.py            218  0.01s             1           0  0.09s           2026-09-18T01:58:30
================================================================================
[2026-09-18T01:59:30.658+0000] {manager.py:879} INFO - 
================================================================================
DAG File Processing Stats

File Path                                 PID  Runtime      # DAGs    # Errors  Last Runtime    Last Run
--------------------------------------  -----  ---------  --------  ----------  --------------  -------------------
/opt/airflow/dags/wifi_pipeline_dag.py    225  0.01s             1           0  0.11s           2026-09-18T01:59:00
/opt/airflow/dags/teste_dag.py            228  0.01s             1           0  0.09s           2026-09-18T01:59:00
================================================================================
[2026-09-18T02:00:00.829+0000] {manager.py:879} INFO - 
================================================================================
DAG File Processing Stats

File Path                                 PID  Runtime      # DAGs    # Errors  Last Runtime    Last Run
--------------------------------------  -----  ---------  --------  ----------  --------------  -------------------
/opt/airflow/dags/wifi_pipeline_dag.py    235  0.01s             1           0  0.10s           2026-09-18T01:59:30
/opt/airflow/dags/teste_dag.py            238  0.01s             1           0  0.08s           2026-09-18T01:59:30
================================================================================
[2026-09-18T02:00:31.019+0000] {manager.py:879} INFO - 
================================================================================
DAG File Processing Stats

File Path                                 PID  Runtime      # DAGs    # Errors  Last Runtime    Last Run
--------------------------------------  -----  ---------  --------  ----------  --------------  -------------------
/opt/airflow/dags/wifi_pipeline_dag.py    245  0.01s             1           0  0.11s           2026-09-18T02:00:00
/opt/airflow/dags/teste_dag.py            248  0.01s             1           0  0.09s           2026-09-18T02:00:00
================================================================================
[2026-09-18T02:01:01.219+0000] {manager.py:879} INFO - 
================================================================================
DAG File Processing Stats

File Path                                 PID  Runtime      # DAGs    # Errors  Last Runtime    Last Run
--------------------------------------  -----  ---------  --------  ----------  --------------  -------------------
/opt/airflow/dags/wifi_pipeline_dag.py    255  0.01s             1           0  0.12s           2026-09-18T02:00:31
/opt/airflow/dags/teste_dag.py            258  0.01s             1           0  0.10s           2026-09-18T02:00:31
================================================================================
[2026-09-18T02:01:31.413+0000] {manager.py:879} INFO - 
================================================================================
DAG File Processing Stats

File Path                                 PID  Runtime      # DAGs    # Errors  Last Runtime    Last Run
--------------------------------------  -----  ---------  --------  ----------  --------------  -------------------
/opt/airflow/dags/wifi_pipeline_dag.py    265  0.01s             1           0  0.11s           2026-09-18T02:01:01
/opt/airflow/dags/teste_dag.py            268  0.01s             1           0  0.09s           2026-09-18T02:01:01
================================================================================
[2026-09-18T02:04:53.791+0000] {manager.py:469} INFO - Processing files using up to 2 processes at a time 
[2026-09-18T02:04:53.792+0000] {manager.py:470} INFO - Process each file at most once every 30 seconds
[2026-09-18T02:04:53.793+0000] {manager.py:471} INFO - Checking for new files in /opt/airflow/dags every 300 seconds
[2026-09-18T02:04:53.793+0000] {manager.py:738} INFO - Searching for files in /opt/airflow/dags
[2026-09-18T02:04:53.795+0000] {manager.py:741} INFO - There are 2 files in /opt/airflow/dags
[2026-09-18T02:04:53.918+0000] {manager.py:879} INFO - 
================================================================================
DAG File Processing Stats

File Path                                 PID  Runtime      # DAGs    # Errors  Last Runtime    Last Run
--------------------------------------  -----  ---------  --------  ----------  --------------  ----------
/opt/airflow/dags/wifi_pipeline_dag.py    174  0.08s             0           0
/opt/airflow/dags/teste_dag.py            177  0.06s             0           0
================================================================================
[2026-09-18T02:05:24.411+0000] {manager.py:879} INFO - 
================================================================================
DAG File Processing Stats

File Path                                 PID  Runtime      # DAGs    # Errors  Last Runtime    Last Run
--------------------------------------  -----  ---------  --------  ----------  --------------  -------------------
/opt/airflow/dags/wifi_pipeline_dag.py    185  0.01s             1           0  0.47s           2026-09-18T02:04:54
/opt/airflow/dags/teste_dag.py            188  0.01s             1           0  0.44s           2026-09-18T02:04:54
================================================================================
[2026-09-18T02:05:54.602+0000] {manager.py:879} INFO - 
================================================================================
DAG File Processing Stats

File Path                                 PID  Runtime      # DAGs    # Errors  Last Runtime    Last Run
--------------------------------------  -----  ---------  --------  ----------  --------------  -------------------
/opt/airflow/dags/wifi_pipeline_dag.py    515  0.01s             1           0  0.12s           2026-09-18T02:05:24
/opt/airflow/dags/teste_dag.py            518  0.01s             1           0  0.11s           2026-09-18T02:05:24
================================================================================
[2026-09-18T02:06:24.803+0000] {manager.py:879} INFO - 
================================================================================
DAG File Processing Stats

File Path                                 PID  Runtime      # DAGs    # Errors  Last Runtime    Last Run
--------------------------------------  -----  ---------  --------  ----------  --------------  -------------------
/opt/airflow/dags/wifi_pipeline_dag.py    525  0.02s             1           0  0.10s           2026-09-18T02:05:54
/opt/airflow/dags/teste_dag.py            528  0.01s             1           0  0.08s           2026-09-18T02:05:54
================================================================================
[2026-09-18T02:06:55.001+0000] {manager.py:879} INFO - 
================================================================================
DAG File Processing Stats

File Path                                 PID  Runtime      # DAGs    # Errors  Last Runtime    Last Run
--------------------------------------  -----  ---------  --------  ----------  --------------  -------------------
/opt/airflow/dags/wifi_pipeline_dag.py    535  0.01s             1           0  0.14s           2026-09-18T02:06:24
/opt/airflow/dags/teste_dag.py            538  0.01s             1           0  0.12s           2026-09-18T02:06:24
================================================================================
[2026-09-18T02:07:25.202+0000] {manager.py:879} INFO - 
================================================================================
DAG File Processing Stats

File Path                                 PID  Runtime      # DAGs    # Errors  Last Runtime    Last Run
--------------------------------------  -----  ---------  --------  ----------  --------------  -------------------
/opt/airflow/dags/wifi_pipeline_dag.py    545  0.02s             1           0  0.11s           2026-09-18T02:06:55
/opt/airflow/dags/teste_dag.py            548  0.01s             1           0  0.10s           2026-09-18T02:06:55
================================================================================
[2026-09-18T02:07:55.403+0000] {manager.py:879} INFO - 
================================================================================
DAG File Processing Stats

File Path                                 PID  Runtime      # DAGs    # Errors  Last Runtime    Last Run
--------------------------------------  -----  ---------  --------  ----------  --------------  -------------------
/opt/airflow/dags/wifi_pipeline_dag.py    555  0.02s             1           0  0.12s           2026-09-18T02:07:25
/opt/airflow/dags/teste_dag.py            558  0.01s             1           0  0.10s           2026-09-18T02:07:25
================================================================================
[2026-09-18T02:08:25.619+0000] {manager.py:879} INFO - 
================================================================================
DAG File Processing Stats

File Path                                 PID  Runtime      # DAGs    # Errors  Last Runtime    Last Run
--------------------------------------  -----  ---------  --------  ----------  --------------  -------------------
/opt/airflow/dags/wifi_pipeline_dag.py    565  0.01s             1           0  0.15s           2026-09-18T02:07:55
/opt/airflow/dags/teste_dag.py            568  0.01s             1           0  0.13s           2026-09-18T02:07:55
================================================================================
[2026-09-18T02:08:55.817+0000] {manager.py:879} INFO - 
================================================================================
DAG File Processing Stats

File Path                                 PID  Runtime      # DAGs    # Errors  Last Runtime    Last Run
--------------------------------------  -----  ---------  --------  ----------  --------------  -------------------
/opt/airflow/dags/wifi_pipeline_dag.py    575  0.01s             1           0  0.12s           2026-09-18T02:08:25
/opt/airflow/dags/teste_dag.py            578  0.00s             1           0  0.10s           2026-09-18T02:08:25
================================================================================
[2026-09-18T02:09:26.033+0000] {manager.py:879} INFO - 
================================================================================
DAG File Processing Stats

File Path                                 PID  Runtime      # DAGs    # Errors  Last Runtime    Last Run
--------------------------------------  -----  ---------  --------  ----------  --------------  -------------------
/opt/airflow/dags/wifi_pipeline_dag.py    585  0.01s             1           0  0.12s           2026-09-18T02:08:55
/opt/airflow/dags/teste_dag.py            588  0.01s             1           0  0.10s           2026-09-18T02:08:55
================================================================================
[2026-09-18T02:09:54.229+0000] {manager.py:738} INFO - Searching for files in /opt/airflow/dags
[2026-09-18T02:09:54.231+0000] {manager.py:741} INFO - There are 2 files in /opt/airflow/dags
[2026-09-18T02:09:56.284+0000] {manager.py:879} INFO - 
================================================================================
DAG File Processing Stats

File Path                                 PID  Runtime      # DAGs    # Errors  Last Runtime    Last Run
--------------------------------------  -----  ---------  --------  ----------  --------------  -------------------
/opt/airflow/dags/wifi_pipeline_dag.py    595  0.02s             1           0  0.13s           2026-09-18T02:09:26
/opt/airflow/dags/teste_dag.py            598  0.01s             1           0  0.10s           2026-09-18T02:09:26
================================================================================
[2026-09-18T02:10:26.537+0000] {manager.py:879} INFO - 
================================================================================
DAG File Processing Stats

File Path                                 PID  Runtime      # DAGs    # Errors  Last Runtime    Last Run
--------------------------------------  -----  ---------  --------  ----------  --------------  -------------------
/opt/airflow/dags/wifi_pipeline_dag.py    605  0.02s             1           0  0.18s           2026-09-18T02:09:56
/opt/airflow/dags/teste_dag.py            608  0.01s             1           0  0.15s           2026-09-18T02:09:56
================================================================================
[2026-09-18T02:10:56.821+0000] {manager.py:879} INFO - 
================================================================================
DAG File Processing Stats

File Path                                 PID  Runtime      # DAGs    # Errors  Last Runtime    Last Run
--------------------------------------  -----  ---------  --------  ----------  --------------  -------------------
/opt/airflow/dags/wifi_pipeline_dag.py    615  0.02s             1           0  0.17s           2026-09-18T02:10:26
/opt/airflow/dags/teste_dag.py            618  0.01s             1           0  0.15s           2026-09-18T02:10:26
================================================================================
[2026-09-18T02:11:27.110+0000] {manager.py:879} INFO - 
================================================================================
DAG File Processing Stats

File Path                                 PID  Runtime      # DAGs    # Errors  Last Runtime    Last Run
--------------------------------------  -----  ---------  --------  ----------  --------------  -------------------
/opt/airflow/dags/wifi_pipeline_dag.py    625  0.02s             1           0  0.18s           2026-09-18T02:10:56
/opt/airflow/dags/teste_dag.py            628  0.01s             1           0  0.15s           2026-09-18T02:10:56
================================================================================
[2026-09-18T02:11:33.915+0000] {manager.py:451} INFO - Exiting gracefully upon receiving signal 15
[2026-09-18T02:12:18.612+0000] {manager.py:469} INFO - Processing files using up to 2 processes at a time 
[2026-09-18T02:12:18.613+0000] {manager.py:470} INFO - Process each file at most once every 30 seconds
[2026-09-18T02:12:18.613+0000] {manager.py:471} INFO - Checking for new files in /opt/airflow/dags every 300 seconds
[2026-09-18T02:12:18.613+0000] {manager.py:738} INFO - Searching for files in /opt/airflow/dags
[2026-09-18T02:12:18.615+0000] {manager.py:741} INFO - There are 2 files in /opt/airflow/dags
[2026-09-18T02:12:18.720+0000] {manager.py:879} INFO - 
================================================================================
DAG File Processing Stats

File Path                                 PID  Runtime      # DAGs    # Errors  Last Runtime    Last Run
--------------------------------------  -----  ---------  --------  ----------  --------------  ----------
/opt/airflow/dags/wifi_pipeline_dag.py    174  0.06s             0           0
/opt/airflow/dags/teste_dag.py            177  0.05s             0           0
================================================================================
[2026-09-18T02:12:49.102+0000] {manager.py:879} INFO - 
================================================================================
DAG File Processing Stats

File Path                                 PID  Runtime      # DAGs    # Errors  Last Runtime    Last Run
--------------------------------------  -----  ---------  --------  ----------  --------------  -------------------
/opt/airflow/dags/wifi_pipeline_dag.py    389  0.02s             1           0  0.37s           2026-09-18T02:12:19
/opt/airflow/dags/teste_dag.py            392  0.01s             1           0  0.34s           2026-09-18T02:12:19
================================================================================
[2026-09-18T02:13:19.337+0000] {manager.py:879} INFO - 
================================================================================
DAG File Processing Stats

File Path                                 PID  Runtime      # DAGs    # Errors  Last Runtime    Last Run
--------------------------------------  -----  ---------  --------  ----------  --------------  -------------------
/opt/airflow/dags/wifi_pipeline_dag.py    505  0.01s             1           0  0.18s           2026-09-18T02:12:49
/opt/airflow/dags/teste_dag.py            508  0.01s             1           0  0.15s           2026-09-18T02:12:49
================================================================================
[2026-09-18T02:13:49.546+0000] {manager.py:879} INFO - 
================================================================================
DAG File Processing Stats

File Path                                 PID  Runtime      # DAGs    # Errors  Last Runtime    Last Run
--------------------------------------  -----  ---------  --------  ----------  --------------  -------------------
/opt/airflow/dags/wifi_pipeline_dag.py    515  0.03s             1           0  0.10s           2026-09-18T02:13:19
/opt/airflow/dags/teste_dag.py            518  0.01s             1           0  0.08s           2026-09-18T02:13:19
================================================================================
[2026-09-18T02:14:19.895+0000] {manager.py:879} INFO - 
================================================================================
DAG File Processing Stats

File Path                                 PID  Runtime      # DAGs    # Errors  Last Runtime    Last Run
--------------------------------------  -----  ---------  --------  ----------  --------------  -------------------
/opt/airflow/dags/wifi_pipeline_dag.py    525  0.01s             1           0  0.28s           2026-09-18T02:13:49
/opt/airflow/dags/teste_dag.py            528  0.01s             1           0  0.24s           2026-09-18T02:13:49
================================================================================
[2026-09-18T02:14:32.539+0000] {manager.py:451} INFO - Exiting gracefully upon receiving signal 15
[2026-09-18T02:14:58.609+0000] {manager.py:469} INFO - Processing files using up to 2 processes at a time 
[2026-09-18T02:14:58.611+0000] {manager.py:470} INFO - Process each file at most once every 30 seconds
[2026-09-18T02:14:58.611+0000] {manager.py:471} INFO - Checking for new files in /opt/airflow/dags every 300 seconds
[2026-09-18T02:14:58.611+0000] {manager.py:738} INFO - Searching for files in /opt/airflow/dags
[2026-09-18T02:14:58.613+0000] {manager.py:741} INFO - There are 2 files in /opt/airflow/dags
[2026-09-18T02:14:58.715+0000] {manager.py:879} INFO - 
================================================================================
DAG File Processing Stats

File Path                                 PID  Runtime      # DAGs    # Errors  Last Runtime    Last Run
--------------------------------------  -----  ---------  --------  ----------  --------------  ----------
/opt/airflow/dags/wifi_pipeline_dag.py    174  0.06s             0           0
/opt/airflow/dags/teste_dag.py            177  0.05s             0           0
================================================================================
[2026-09-18T02:15:28.893+0000] {manager.py:879} INFO - 
================================================================================
DAG File Processing Stats

File Path                                 PID  Runtime      # DAGs    # Errors  Last Runtime    Last Run
--------------------------------------  -----  ---------  --------  ----------  --------------  -------------------
/opt/airflow/dags/wifi_pipeline_dag.py    185  0.02s             1           0  0.15s           2026-09-18T02:14:58
/opt/airflow/dags/teste_dag.py            188  0.01s             1           0  0.12s           2026-09-18T02:14:58
================================================================================
[2026-09-18T02:15:59.295+0000] {manager.py:879} INFO - 
================================================================================
DAG File Processing Stats

File Path                                 PID  Runtime      # DAGs    # Errors  Last Runtime    Last Run
--------------------------------------  -----  ---------  --------  ----------  --------------  -------------------
/opt/airflow/dags/wifi_pipeline_dag.py    195  0.01s             1           0  0.36s           2026-09-18T02:15:29
/opt/airflow/dags/teste_dag.py            198  0.01s             1           0  0.32s           2026-09-18T02:15:29
================================================================================
[2026-09-18T02:16:29.478+0000] {manager.py:879} INFO - 
================================================================================
DAG File Processing Stats

File Path                                 PID  Runtime      # DAGs    # Errors  Last Runtime    Last Run
--------------------------------------  -----  ---------  --------  ----------  --------------  -------------------
/opt/airflow/dags/wifi_pipeline_dag.py    205  0.01s             1           0  0.12s           2026-09-18T02:15:59
/opt/airflow/dags/teste_dag.py            208  0.01s             1           0  0.10s           2026-09-18T02:15:59
================================================================================
[2026-09-18T02:16:59.650+0000] {manager.py:879} INFO - 
================================================================================
DAG File Processing Stats

File Path                                 PID  Runtime      # DAGs    # Errors  Last Runtime    Last Run
--------------------------------------  -----  ---------  --------  ----------  --------------  -------------------
/opt/airflow/dags/wifi_pipeline_dag.py    215  0.01s             1           0  0.13s           2026-09-18T02:16:29
/opt/airflow/dags/teste_dag.py            218  0.01s             1           0  0.11s           2026-09-18T02:16:29
================================================================================
[2026-09-18T02:17:29.835+0000] {manager.py:879} INFO - 
================================================================================
DAG File Processing Stats

File Path                                 PID  Runtime      # DAGs    # Errors  Last Runtime    Last Run
--------------------------------------  -----  ---------  --------  ----------  --------------  -------------------
/opt/airflow/dags/wifi_pipeline_dag.py    225  0.01s             1           0  0.12s           2026-09-18T02:16:59
/opt/airflow/dags/teste_dag.py            228  0.01s             1           0  0.10s           2026-09-18T02:16:59
================================================================================
[2026-09-18T02:18:00.020+0000] {manager.py:879} INFO - 
================================================================================
DAG File Processing Stats

File Path                                 PID  Runtime      # DAGs    # Errors  Last Runtime    Last Run
--------------------------------------  -----  ---------  --------  ----------  --------------  -------------------
/opt/airflow/dags/wifi_pipeline_dag.py    235  0.01s             1           0  0.12s           2026-09-18T02:17:29
/opt/airflow/dags/teste_dag.py            238  0.01s             1           0  0.10s           2026-09-18T02:17:29
================================================================================
[2026-09-18T02:18:30.216+0000] {manager.py:879} INFO - 
================================================================================
DAG File Processing Stats

File Path                                 PID  Runtime      # DAGs    # Errors  Last Runtime    Last Run
--------------------------------------  -----  ---------  --------  ----------  --------------  -------------------
/opt/airflow/dags/wifi_pipeline_dag.py    245  0.01s             1           0  0.12s           2026-09-18T02:18:00
/opt/airflow/dags/teste_dag.py            248  0.01s             1           0  0.10s           2026-09-18T02:18:00
================================================================================
[2026-09-18T02:19:00.393+0000] {manager.py:879} INFO - 
================================================================================
DAG File Processing Stats

File Path                                 PID  Runtime      # DAGs    # Errors  Last Runtime    Last Run
--------------------------------------  -----  ---------  --------  ----------  --------------  -------------------
/opt/airflow/dags/wifi_pipeline_dag.py    255  0.01s             1           0  0.12s           2026-09-18T02:18:30
/opt/airflow/dags/teste_dag.py            258  0.01s             1           0  0.10s           2026-09-18T02:18:30
================================================================================
[2026-09-18T02:20:15.585+0000] {manager.py:469} INFO - Processing files using up to 2 processes at a time 
[2026-09-18T02:20:15.586+0000] {manager.py:470} INFO - Process each file at most once every 30 seconds
[2026-09-18T02:20:15.586+0000] {manager.py:471} INFO - Checking for new files in /opt/airflow/dags every 300 seconds
[2026-09-18T02:20:15.586+0000] {manager.py:738} INFO - Searching for files in /opt/airflow/dags
[2026-09-18T02:20:15.587+0000] {manager.py:741} INFO - There are 2 files in /opt/airflow/dags
[2026-09-18T02:20:15.689+0000] {manager.py:879} INFO - 
================================================================================
DAG File Processing Stats

File Path                                 PID  Runtime      # DAGs    # Errors  Last Runtime    Last Run
--------------------------------------  -----  ---------  --------  ----------  --------------  ----------
/opt/airflow/dags/wifi_pipeline_dag.py    174  0.06s             0           0
/opt/airflow/dags/teste_dag.py            178  0.05s             0           0
================================================================================
[2026-09-18T02:20:46.145+0000] {manager.py:879} INFO - 
================================================================================
DAG File Processing Stats

File Path                                 PID  Runtime      # DAGs    # Errors  Last Runtime    Last Run
--------------------------------------  -----  ---------  --------  ----------  --------------  -------------------
/opt/airflow/dags/wifi_pipeline_dag.py    294  0.02s             1           0  0.45s           2026-09-18T02:20:16
/opt/airflow/dags/teste_dag.py            297  0.01s             1           0  0.42s           2026-09-18T02:20:16
================================================================================
[2026-09-18T02:21:16.351+0000] {manager.py:879} INFO - 
================================================================================
DAG File Processing Stats

File Path                                 PID  Runtime      # DAGs    # Errors  Last Runtime    Last Run
--------------------------------------  -----  ---------  --------  ----------  --------------  -------------------
/opt/airflow/dags/wifi_pipeline_dag.py    513  0.01s             1           0  0.14s           2026-09-18T02:20:46
/opt/airflow/dags/teste_dag.py            516  0.01s             1           0  0.12s           2026-09-18T02:20:46
================================================================================
[2026-09-18T02:21:46.532+0000] {manager.py:879} INFO - 
================================================================================
DAG File Processing Stats

File Path                                 PID  Runtime      # DAGs    # Errors  Last Runtime    Last Run
--------------------------------------  -----  ---------  --------  ----------  --------------  -------------------
/opt/airflow/dags/wifi_pipeline_dag.py    523  0.01s             1           0  0.12s           2026-09-18T02:21:16
/opt/airflow/dags/teste_dag.py            526  0.01s             1           0  0.10s           2026-09-18T02:21:16
================================================================================
[2026-09-18T02:22:16.746+0000] {manager.py:879} INFO - 
================================================================================
DAG File Processing Stats

File Path                                 PID  Runtime      # DAGs    # Errors  Last Runtime    Last Run
--------------------------------------  -----  ---------  --------  ----------  --------------  -------------------
/opt/airflow/dags/wifi_pipeline_dag.py    533  0.02s             1           0  0.13s           2026-09-18T02:21:46
/opt/airflow/dags/teste_dag.py            536  0.01s             1           0  0.11s           2026-09-18T02:21:46
================================================================================
[2026-09-18T02:22:47.045+0000] {manager.py:879} INFO - 
================================================================================
DAG File Processing Stats

File Path                                 PID  Runtime      # DAGs    # Errors  Last Runtime    Last Run
--------------------------------------  -----  ---------  --------  ----------  --------------  -------------------
/opt/airflow/dags/wifi_pipeline_dag.py    543  0.02s             1           0  0.21s           2026-09-18T02:22:16
/opt/airflow/dags/teste_dag.py            546  0.01s             1           0  0.19s           2026-09-18T02:22:16
================================================================================
[2026-09-18T02:23:17.264+0000] {manager.py:879} INFO - 
================================================================================
DAG File Processing Stats

File Path                                 PID  Runtime      # DAGs    # Errors  Last Runtime    Last Run
--------------------------------------  -----  ---------  --------  ----------  --------------  -------------------
/opt/airflow/dags/wifi_pipeline_dag.py    553  0.01s             1           0  0.13s           2026-09-18T02:22:47
/opt/airflow/dags/teste_dag.py            556  0.01s             1           0  0.11s           2026-09-18T02:22:47
================================================================================
[2026-09-18T02:23:47.513+0000] {manager.py:879} INFO - 
================================================================================
DAG File Processing Stats

File Path                                 PID  Runtime      # DAGs    # Errors  Last Runtime    Last Run
--------------------------------------  -----  ---------  --------  ----------  --------------  -------------------
/opt/airflow/dags/wifi_pipeline_dag.py    563  0.02s             1           0  0.13s           2026-09-18T02:23:17
/opt/airflow/dags/teste_dag.py            566  0.01s             1           0  0.11s           2026-09-18T02:23:17
================================================================================
[2026-09-18T02:24:17.622+0000] {manager.py:879} INFO - 
================================================================================
DAG File Processing Stats

File Path                               PID    Runtime      # DAGs    # Errors  Last Runtime    Last Run
--------------------------------------  -----  ---------  --------  ----------  --------------  -------------------
/opt/airflow/dags/wifi_pipeline_dag.py                           1           0  0.18s           2026-09-18T02:23:47
/opt/airflow/dags/teste_dag.py                                   1           0  0.17s           2026-09-18T02:23:47
================================================================================
[2026-09-18T02:24:47.974+0000] {manager.py:879} INFO - 
================================================================================
DAG File Processing Stats

File Path                                 PID  Runtime      # DAGs    # Errors  Last Runtime    Last Run
--------------------------------------  -----  ---------  --------  ----------  --------------  -------------------
/opt/airflow/dags/wifi_pipeline_dag.py    583  0.01s             1           0  0.13s           2026-09-18T02:24:17
/opt/airflow/dags/teste_dag.py            586  0.01s             1           0  0.11s           2026-09-18T02:24:17
================================================================================
[2026-09-18T02:25:16.120+0000] {manager.py:738} INFO - Searching for files in /opt/airflow/dags
[2026-09-18T02:25:16.122+0000] {manager.py:741} INFO - There are 2 files in /opt/airflow/dags
[2026-09-18T02:25:18.155+0000] {manager.py:879} INFO - 
================================================================================
DAG File Processing Stats

File Path                                 PID  Runtime      # DAGs    # Errors  Last Runtime    Last Run
--------------------------------------  -----  ---------  --------  ----------  --------------  -------------------
/opt/airflow/dags/wifi_pipeline_dag.py    593  0.01s             1           0  0.11s           2026-09-18T02:24:48
/opt/airflow/dags/teste_dag.py            596  0.01s             1           0  0.09s           2026-09-18T02:24:48
================================================================================
[2026-09-18T02:25:48.323+0000] {manager.py:879} INFO - 
================================================================================
DAG File Processing Stats

File Path                                 PID  Runtime      # DAGs    # Errors  Last Runtime    Last Run
--------------------------------------  -----  ---------  --------  ----------  --------------  -------------------
/opt/airflow/dags/wifi_pipeline_dag.py    603  0.01s             1           0  0.13s           2026-09-18T02:25:18
/opt/airflow/dags/teste_dag.py            606  0.01s             1           0  0.11s           2026-09-18T02:25:18
================================================================================
[2026-09-18T02:26:18.477+0000] {manager.py:879} INFO - 
================================================================================
DAG File Processing Stats

File Path                                 PID  Runtime      # DAGs    # Errors  Last Runtime    Last Run
--------------------------------------  -----  ---------  --------  ----------  --------------  -------------------
/opt/airflow/dags/wifi_pipeline_dag.py    613  0.01s             1           0  0.12s           2026-09-18T02:25:48
/opt/airflow/dags/teste_dag.py            616  0.01s             1           0  0.10s           2026-09-18T02:25:48
================================================================================
[2026-09-18T02:26:48.650+0000] {manager.py:879} INFO - 
================================================================================
DAG File Processing Stats

File Path                                 PID  Runtime      # DAGs    # Errors  Last Runtime    Last Run
--------------------------------------  -----  ---------  --------  ----------  --------------  -------------------
/opt/airflow/dags/wifi_pipeline_dag.py    623  0.01s             1           0  0.12s           2026-09-18T02:26:18
/opt/airflow/dags/teste_dag.py            626  0.01s             1           0  0.10s           2026-09-18T02:26:18
================================================================================
[2026-09-18T02:27:18.826+0000] {manager.py:879} INFO - 
================================================================================
DAG File Processing Stats

File Path                                 PID  Runtime      # DAGs    # Errors  Last Runtime    Last Run
--------------------------------------  -----  ---------  --------  ----------  --------------  -------------------
/opt/airflow/dags/wifi_pipeline_dag.py    633  0.01s             1           0  0.12s           2026-09-18T02:26:48
/opt/airflow/dags/teste_dag.py            636  0.01s             1           0  0.10s           2026-09-18T02:26:48
================================================================================
[2026-09-18T02:27:48.993+0000] {manager.py:879} INFO - 
================================================================================
DAG File Processing Stats

File Path                                 PID  Runtime      # DAGs    # Errors  Last Runtime    Last Run
--------------------------------------  -----  ---------  --------  ----------  --------------  -------------------
/opt/airflow/dags/wifi_pipeline_dag.py    643  0.01s             1           0  0.12s           2026-09-18T02:27:18
/opt/airflow/dags/teste_dag.py            646  0.01s             1           0  0.10s           2026-09-18T02:27:18
================================================================================
[2026-09-18T02:28:19.164+0000] {manager.py:879} INFO - 
================================================================================
DAG File Processing Stats

File Path                                 PID  Runtime      # DAGs    # Errors  Last Runtime    Last Run
--------------------------------------  -----  ---------  --------  ----------  --------------  -------------------
/opt/airflow/dags/wifi_pipeline_dag.py    653  0.02s             1           0  0.12s           2026-09-18T02:27:49
/opt/airflow/dags/teste_dag.py            656  0.01s             1           0  0.09s           2026-09-18T02:27:49
================================================================================
[2026-09-18T02:28:49.346+0000] {manager.py:879} INFO - 
================================================================================
DAG File Processing Stats

File Path                                 PID  Runtime      # DAGs    # Errors  Last Runtime    Last Run
--------------------------------------  -----  ---------  --------  ----------  --------------  -------------------
/opt/airflow/dags/wifi_pipeline_dag.py    663  0.02s             1           0  0.13s           2026-09-18T02:28:19
/opt/airflow/dags/teste_dag.py            666  0.01s             1           0  0.11s           2026-09-18T02:28:19
================================================================================
[2026-09-18T02:29:19.542+0000] {manager.py:879} INFO - 
================================================================================
DAG File Processing Stats

File Path                                 PID  Runtime      # DAGs    # Errors  Last Runtime    Last Run
--------------------------------------  -----  ---------  --------  ----------  --------------  -------------------
/opt/airflow/dags/wifi_pipeline_dag.py    673  0.02s             1           0  0.13s           2026-09-18T02:28:49
/opt/airflow/dags/teste_dag.py            676  0.01s             1           0  0.12s           2026-09-18T02:28:49
================================================================================
[2026-09-18T02:29:49.710+0000] {manager.py:879} INFO - 
================================================================================
DAG File Processing Stats

File Path                                 PID  Runtime      # DAGs    # Errors  Last Runtime    Last Run
--------------------------------------  -----  ---------  --------  ----------  --------------  -------------------
/opt/airflow/dags/wifi_pipeline_dag.py    683  0.02s             1           0  0.13s           2026-09-18T02:29:19
/opt/airflow/dags/teste_dag.py            686  0.01s             1           0  0.12s           2026-09-18T02:29:19
================================================================================
[2026-09-18T02:30:16.859+0000] {manager.py:738} INFO - Searching for files in /opt/airflow/dags
[2026-09-18T02:30:16.861+0000] {manager.py:741} INFO - There are 2 files in /opt/airflow/dags
[2026-09-18T02:30:19.903+0000] {manager.py:879} INFO - 
================================================================================
DAG File Processing Stats

File Path                                 PID  Runtime      # DAGs    # Errors  Last Runtime    Last Run
--------------------------------------  -----  ---------  --------  ----------  --------------  -------------------
/opt/airflow/dags/wifi_pipeline_dag.py    693  0.02s             1           0  0.13s           2026-09-18T02:29:49
/opt/airflow/dags/teste_dag.py            696  0.01s             1           0  0.12s           2026-09-18T02:29:49
================================================================================
[2026-09-18T02:30:50.074+0000] {manager.py:879} INFO - 
================================================================================
DAG File Processing Stats

File Path                                 PID  Runtime      # DAGs    # Errors  Last Runtime    Last Run
--------------------------------------  -----  ---------  --------  ----------  --------------  -------------------
/opt/airflow/dags/wifi_pipeline_dag.py    703  0.02s             1           0  0.12s           2026-09-18T02:30:20
/opt/airflow/dags/teste_dag.py            706  0.01s             1           0  0.11s           2026-09-18T02:30:19
================================================================================
[2026-09-18T02:31:20.139+0000] {manager.py:879} INFO - 
================================================================================
DAG File Processing Stats

File Path                               PID    Runtime      # DAGs    # Errors  Last Runtime    Last Run
--------------------------------------  -----  ---------  --------  ----------  --------------  -------------------
/opt/airflow/dags/wifi_pipeline_dag.py                           1           0  0.14s           2026-09-18T02:30:50
/opt/airflow/dags/teste_dag.py                                   1           0  0.13s           2026-09-18T02:30:50
================================================================================
[2026-09-18T02:31:50.377+0000] {manager.py:879} INFO - 
================================================================================
DAG File Processing Stats

File Path                                 PID  Runtime      # DAGs    # Errors  Last Runtime    Last Run
--------------------------------------  -----  ---------  --------  ----------  --------------  -------------------
/opt/airflow/dags/wifi_pipeline_dag.py    723  0.01s             1           0  0.11s           2026-09-18T02:31:20
/opt/airflow/dags/teste_dag.py            726  0.01s             1           0  0.10s           2026-09-18T02:31:20
================================================================================
[2026-09-18T02:32:20.549+0000] {manager.py:879} INFO - 
================================================================================
DAG File Processing Stats

File Path                                 PID  Runtime      # DAGs    # Errors  Last Runtime    Last Run
--------------------------------------  -----  ---------  --------  ----------  --------------  -------------------
/opt/airflow/dags/wifi_pipeline_dag.py    733  0.01s             1           0  0.12s           2026-09-18T02:31:50
/opt/airflow/dags/teste_dag.py            736  0.01s             1           0  0.10s           2026-09-18T02:31:50
================================================================================
[2026-09-18T02:32:50.703+0000] {manager.py:879} INFO - 
================================================================================
DAG File Processing Stats

File Path                                 PID  Runtime      # DAGs    # Errors  Last Runtime    Last Run
--------------------------------------  -----  ---------  --------  ----------  --------------  -------------------
/opt/airflow/dags/wifi_pipeline_dag.py    743  0.01s             1           0  0.11s           2026-09-18T02:32:20
/opt/airflow/dags/teste_dag.py            746  0.01s             1           0  0.09s           2026-09-18T02:32:20
================================================================================
[2026-09-18T02:33:20.860+0000] {manager.py:879} INFO - 
================================================================================
DAG File Processing Stats

File Path                                 PID  Runtime      # DAGs    # Errors  Last Runtime    Last Run
--------------------------------------  -----  ---------  --------  ----------  --------------  -------------------
/opt/airflow/dags/wifi_pipeline_dag.py    753  0.01s             1           0  0.10s           2026-09-18T02:32:50
/opt/airflow/dags/teste_dag.py            756  0.01s             1           0  0.09s           2026-09-18T02:32:50
================================================================================
[2026-09-18T02:33:51.025+0000] {manager.py:879} INFO - 
================================================================================
DAG File Processing Stats

File Path                                 PID  Runtime      # DAGs    # Errors  Last Runtime    Last Run
--------------------------------------  -----  ---------  --------  ----------  --------------  -------------------
/opt/airflow/dags/wifi_pipeline_dag.py    763  0.01s             1           0  0.11s           2026-09-18T02:33:20
/opt/airflow/dags/teste_dag.py            766  0.01s             1           0  0.09s           2026-09-18T02:33:20
================================================================================
[2026-09-18T02:34:21.182+0000] {manager.py:879} INFO - 
================================================================================
DAG File Processing Stats

File Path                                 PID  Runtime      # DAGs    # Errors  Last Runtime    Last Run
--------------------------------------  -----  ---------  --------  ----------  --------------  -------------------
/opt/airflow/dags/wifi_pipeline_dag.py    773  0.01s             1           0  0.11s           2026-09-18T02:33:51
/opt/airflow/dags/teste_dag.py            776  0.01s             1           0  0.10s           2026-09-18T02:33:51
================================================================================
[2026-09-18T02:34:51.351+0000] {manager.py:879} INFO - 
================================================================================
DAG File Processing Stats

File Path                                 PID  Runtime      # DAGs    # Errors  Last Runtime    Last Run
--------------------------------------  -----  ---------  --------  ----------  --------------  -------------------
/opt/airflow/dags/wifi_pipeline_dag.py    783  0.01s             1           0  0.11s           2026-09-18T02:34:21
/opt/airflow/dags/teste_dag.py            786  0.01s             1           0  0.09s           2026-09-18T02:34:21
================================================================================
[2026-09-18T02:35:17.483+0000] {manager.py:738} INFO - Searching for files in /opt/airflow/dags
[2026-09-18T02:35:17.485+0000] {manager.py:741} INFO - There are 2 files in /opt/airflow/dags
[2026-09-18T02:35:21.527+0000] {manager.py:879} INFO - 
================================================================================
DAG File Processing Stats

File Path                                 PID  Runtime      # DAGs    # Errors  Last Runtime    Last Run
--------------------------------------  -----  ---------  --------  ----------  --------------  -------------------
/opt/airflow/dags/wifi_pipeline_dag.py    793  0.01s             1           0  0.10s           2026-09-18T02:34:51
/opt/airflow/dags/teste_dag.py            796  0.01s             1           0  0.09s           2026-09-18T02:34:51
================================================================================
[2026-09-18T02:35:51.698+0000] {manager.py:879} INFO - 
================================================================================
DAG File Processing Stats

File Path                                 PID  Runtime      # DAGs    # Errors  Last Runtime    Last Run
--------------------------------------  -----  ---------  --------  ----------  --------------  -------------------
/opt/airflow/dags/wifi_pipeline_dag.py    803  0.01s             1           0  0.13s           2026-09-18T02:35:21
/opt/airflow/dags/teste_dag.py            806  0.01s             1           0  0.11s           2026-09-18T02:35:21
================================================================================
[2026-09-18T02:36:21.859+0000] {manager.py:879} INFO - 
================================================================================
DAG File Processing Stats

File Path                                 PID  Runtime      # DAGs    # Errors  Last Runtime    Last Run
--------------------------------------  -----  ---------  --------  ----------  --------------  -------------------
/opt/airflow/dags/wifi_pipeline_dag.py    813  0.01s             1           0  0.11s           2026-09-18T02:35:51
/opt/airflow/dags/teste_dag.py            816  0.01s             1           0  0.09s           2026-09-18T02:35:51
================================================================================
[2026-09-18T02:36:52.012+0000] {manager.py:879} INFO - 
================================================================================
DAG File Processing Stats

File Path                                 PID  Runtime      # DAGs    # Errors  Last Runtime    Last Run
--------------------------------------  -----  ---------  --------  ----------  --------------  -------------------
/opt/airflow/dags/wifi_pipeline_dag.py    823  0.02s             1           0  0.10s           2026-09-18T02:36:21
/opt/airflow/dags/teste_dag.py            826  0.01s             1           0  0.09s           2026-09-18T02:36:21
================================================================================
[2026-09-18T02:37:22.193+0000] {manager.py:879} INFO - 
================================================================================
DAG File Processing Stats

File Path                                 PID  Runtime      # DAGs    # Errors  Last Runtime    Last Run
--------------------------------------  -----  ---------  --------  ----------  --------------  -------------------
/opt/airflow/dags/wifi_pipeline_dag.py    833  0.02s             1           0  0.15s           2026-09-18T02:36:52
/opt/airflow/dags/teste_dag.py            836  0.01s             1           0  0.14s           2026-09-18T02:36:52
================================================================================
[2026-09-18T02:37:52.352+0000] {manager.py:879} INFO - 
================================================================================
DAG File Processing Stats

File Path                                 PID  Runtime      # DAGs    # Errors  Last Runtime    Last Run
--------------------------------------  -----  ---------  --------  ----------  --------------  -------------------
/opt/airflow/dags/wifi_pipeline_dag.py    843  0.01s             1           0  0.11s           2026-09-18T02:37:22
/opt/airflow/dags/teste_dag.py            846  0.01s             1           0  0.09s           2026-09-18T02:37:22
================================================================================
[2026-09-18T02:38:22.495+0000] {manager.py:879} INFO - 
================================================================================
DAG File Processing Stats

File Path                                 PID  Runtime      # DAGs    # Errors  Last Runtime    Last Run
--------------------------------------  -----  ---------  --------  ----------  --------------  -------------------
/opt/airflow/dags/wifi_pipeline_dag.py    853  0.01s             1           0  0.11s           2026-09-18T02:37:52
/opt/airflow/dags/teste_dag.py            856  0.01s             1           0  0.09s           2026-09-18T02:37:52
================================================================================
[2026-09-18T02:38:52.637+0000] {manager.py:879} INFO - 
================================================================================
DAG File Processing Stats

File Path                                 PID  Runtime      # DAGs    # Errors  Last Runtime    Last Run
--------------------------------------  -----  ---------  --------  ----------  --------------  -------------------
/opt/airflow/dags/wifi_pipeline_dag.py    863  0.01s             1           0  0.11s           2026-09-18T02:38:22
/opt/airflow/dags/teste_dag.py            866  0.01s             1           0  0.09s           2026-09-18T02:38:22
================================================================================
[2026-09-18T02:39:22.793+0000] {manager.py:879} INFO - 
================================================================================
DAG File Processing Stats

File Path                                 PID  Runtime      # DAGs    # Errors  Last Runtime    Last Run
--------------------------------------  -----  ---------  --------  ----------  --------------  -------------------
/opt/airflow/dags/wifi_pipeline_dag.py    873  0.02s             1           0  0.11s           2026-09-18T02:38:52
/opt/airflow/dags/teste_dag.py            876  0.01s             1           0  0.09s           2026-09-18T02:38:52
================================================================================
[2026-09-18T02:39:52.979+0000] {manager.py:879} INFO - 
================================================================================
DAG File Processing Stats

File Path                                 PID  Runtime      # DAGs    # Errors  Last Runtime    Last Run
--------------------------------------  -----  ---------  --------  ----------  --------------  -------------------
/opt/airflow/dags/wifi_pipeline_dag.py    883  0.01s             1           0  0.14s           2026-09-18T02:39:22
/opt/airflow/dags/teste_dag.py            886  0.01s             1           0  0.12s           2026-09-18T02:39:22
================================================================================
[2026-09-18T02:40:18.112+0000] {manager.py:738} INFO - Searching for files in /opt/airflow/dags
[2026-09-18T02:40:18.114+0000] {manager.py:741} INFO - There are 2 files in /opt/airflow/dags
[2026-09-18T02:40:23.157+0000] {manager.py:879} INFO - 
================================================================================
DAG File Processing Stats

File Path                                 PID  Runtime      # DAGs    # Errors  Last Runtime    Last Run
--------------------------------------  -----  ---------  --------  ----------  --------------  -------------------
/opt/airflow/dags/wifi_pipeline_dag.py    893  0.01s             1           0  0.11s           2026-09-18T02:39:53
/opt/airflow/dags/teste_dag.py            896  0.01s             1           0  0.09s           2026-09-18T02:39:53
================================================================================
[2026-09-18T02:40:53.298+0000] {manager.py:879} INFO - 
================================================================================
DAG File Processing Stats

File Path                                 PID  Runtime      # DAGs    # Errors  Last Runtime    Last Run
--------------------------------------  -----  ---------  --------  ----------  --------------  -------------------
/opt/airflow/dags/wifi_pipeline_dag.py    903  0.01s             1           0  0.11s           2026-09-18T02:40:23
/opt/airflow/dags/teste_dag.py            906  0.01s             1           0  0.09s           2026-09-18T02:40:23
================================================================================
[2026-09-18T02:41:23.461+0000] {manager.py:879} INFO - 
================================================================================
DAG File Processing Stats

File Path                                 PID  Runtime      # DAGs    # Errors  Last Runtime    Last Run
--------------------------------------  -----  ---------  --------  ----------  --------------  -------------------
/opt/airflow/dags/wifi_pipeline_dag.py    913  0.01s             1           0  0.11s           2026-09-18T02:40:53
/opt/airflow/dags/teste_dag.py            916  0.01s             1           0  0.09s           2026-09-18T02:40:53
================================================================================
[2026-09-18T02:41:53.622+0000] {manager.py:879} INFO - 
================================================================================
DAG File Processing Stats

File Path                                 PID  Runtime      # DAGs    # Errors  Last Runtime    Last Run
--------------------------------------  -----  ---------  --------  ----------  --------------  -------------------
/opt/airflow/dags/wifi_pipeline_dag.py    923  0.01s             1           0  0.12s           2026-09-18T02:41:23
/opt/airflow/dags/teste_dag.py            926  0.01s             1           0  0.10s           2026-09-18T02:41:23
================================================================================
[2026-09-18T02:42:23.792+0000] {manager.py:879} INFO - 
================================================================================
DAG File Processing Stats

File Path                                 PID  Runtime      # DAGs    # Errors  Last Runtime    Last Run
--------------------------------------  -----  ---------  --------  ----------  --------------  -------------------
/opt/airflow/dags/wifi_pipeline_dag.py    933  0.01s             1           0  0.11s           2026-09-18T02:41:53
/opt/airflow/dags/teste_dag.py            936  0.01s             1           0  0.10s           2026-09-18T02:41:53
================================================================================
[2026-09-18T02:42:53.940+0000] {manager.py:879} INFO - 
================================================================================
DAG File Processing Stats

File Path                                 PID  Runtime      # DAGs    # Errors  Last Runtime    Last Run
--------------------------------------  -----  ---------  --------  ----------  --------------  -------------------
/opt/airflow/dags/wifi_pipeline_dag.py    943  0.01s             1           0  0.11s           2026-09-18T02:42:23
/opt/airflow/dags/teste_dag.py            946  0.01s             1           0  0.10s           2026-09-18T02:42:23
================================================================================
[2026-09-18T02:43:24.118+0000] {manager.py:879} INFO - 
================================================================================
DAG File Processing Stats

File Path                                 PID  Runtime      # DAGs    # Errors  Last Runtime    Last Run
--------------------------------------  -----  ---------  --------  ----------  --------------  -------------------
/opt/airflow/dags/wifi_pipeline_dag.py    953  0.01s             1           0  0.11s           2026-09-18T02:42:54
/opt/airflow/dags/teste_dag.py            956  0.01s             1           0  0.09s           2026-09-18T02:42:54
================================================================================
[2026-09-18T02:43:54.294+0000] {manager.py:879} INFO - 
================================================================================
DAG File Processing Stats

File Path                                 PID  Runtime      # DAGs    # Errors  Last Runtime    Last Run
--------------------------------------  -----  ---------  --------  ----------  --------------  -------------------
/opt/airflow/dags/wifi_pipeline_dag.py    963  0.01s             1           0  0.11s           2026-09-18T02:43:24
/opt/airflow/dags/teste_dag.py            966  0.01s             1           0  0.09s           2026-09-18T02:43:24
================================================================================
[2026-09-18T02:44:24.456+0000] {manager.py:879} INFO - 
================================================================================
DAG File Processing Stats

File Path                                 PID  Runtime      # DAGs    # Errors  Last Runtime    Last Run
--------------------------------------  -----  ---------  --------  ----------  --------------  -------------------
/opt/airflow/dags/wifi_pipeline_dag.py    973  0.01s             1           0  0.12s           2026-09-18T02:43:54
/opt/airflow/dags/teste_dag.py            976  0.01s             1           0  0.11s           2026-09-18T02:43:54
================================================================================
[2026-09-18T02:44:54.630+0000] {manager.py:879} INFO - 
================================================================================
DAG File Processing Stats

File Path                                 PID  Runtime      # DAGs    # Errors  Last Runtime    Last Run
--------------------------------------  -----  ---------  --------  ----------  --------------  -------------------
/opt/airflow/dags/wifi_pipeline_dag.py    983  0.01s             1           0  0.11s           2026-09-18T02:44:24
/opt/airflow/dags/teste_dag.py            986  0.01s             1           0  0.10s           2026-09-18T02:44:24
================================================================================
[2026-09-18T02:45:18.818+0000] {manager.py:738} INFO - Searching for files in /opt/airflow/dags
[2026-09-18T02:45:18.819+0000] {manager.py:741} INFO - There are 2 files in /opt/airflow/dags
[2026-09-18T02:45:24.453+0000] {manager.py:879} INFO - 
================================================================================
DAG File Processing Stats

File Path                               PID    Runtime      # DAGs    # Errors  Last Runtime    Last Run
--------------------------------------  -----  ---------  --------  ----------  --------------  -------------------
/opt/airflow/dags/wifi_pipeline_dag.py                           1           0  0.11s           2026-09-18T02:44:54
/opt/airflow/dags/teste_dag.py                                   1           0  0.09s           2026-09-18T02:44:54
================================================================================
[2026-09-18T02:45:54.804+0000] {manager.py:879} INFO - 
================================================================================
DAG File Processing Stats

File Path                               PID    Runtime      # DAGs    # Errors  Last Runtime    Last Run
--------------------------------------  -----  ---------  --------  ----------  --------------  -------------------
/opt/airflow/dags/wifi_pipeline_dag.py                           1           0  0.11s           2026-09-18T02:45:25
/opt/airflow/dags/teste_dag.py                                   1           0  0.09s           2026-09-18T02:45:25
================================================================================
[2026-09-18T02:46:25.197+0000] {manager.py:879} INFO - 
================================================================================
DAG File Processing Stats

File Path                               PID    Runtime      # DAGs    # Errors  Last Runtime    Last Run
--------------------------------------  -----  ---------  --------  ----------  --------------  -------------------
/opt/airflow/dags/wifi_pipeline_dag.py                           1           0  0.38s           2026-09-18T02:45:56
/opt/airflow/dags/teste_dag.py                                   1           0  0.31s           2026-09-18T02:45:56
================================================================================
[2026-09-18T02:46:55.423+0000] {manager.py:879} INFO - 
================================================================================
DAG File Processing Stats

File Path                               PID    Runtime      # DAGs    # Errors  Last Runtime    Last Run
--------------------------------------  -----  ---------  --------  ----------  --------------  -------------------
/opt/airflow/dags/wifi_pipeline_dag.py                           1           0  0.14s           2026-09-18T02:46:26
/opt/airflow/dags/teste_dag.py                                   1           0  0.12s           2026-09-18T02:46:26
================================================================================
[2026-09-18T02:47:25.590+0000] {manager.py:879} INFO - 
================================================================================
DAG File Processing Stats

File Path                               PID    Runtime      # DAGs    # Errors  Last Runtime    Last Run
--------------------------------------  -----  ---------  --------  ----------  --------------  -------------------
/opt/airflow/dags/wifi_pipeline_dag.py                           1           0  0.11s           2026-09-18T02:46:56
/opt/airflow/dags/teste_dag.py                                   1           0  0.10s           2026-09-18T02:46:56
================================================================================
[2026-09-18T02:47:55.752+0000] {manager.py:879} INFO - 
================================================================================
DAG File Processing Stats

File Path                               PID    Runtime      # DAGs    # Errors  Last Runtime    Last Run
--------------------------------------  -----  ---------  --------  ----------  --------------  -------------------
/opt/airflow/dags/wifi_pipeline_dag.py                           1           0  0.11s           2026-09-18T02:47:26
/opt/airflow/dags/teste_dag.py                                   1           0  0.09s           2026-09-18T02:47:26
================================================================================
[2026-09-18T02:48:25.926+0000] {manager.py:879} INFO - 
================================================================================
DAG File Processing Stats

File Path                               PID    Runtime      # DAGs    # Errors  Last Runtime    Last Run
--------------------------------------  -----  ---------  --------  ----------  --------------  -------------------
/opt/airflow/dags/wifi_pipeline_dag.py                           1           0  0.13s           2026-09-18T02:47:56
/opt/airflow/dags/teste_dag.py                                   1           0  0.11s           2026-09-18T02:47:56
================================================================================
[2026-09-18T02:48:56.070+0000] {manager.py:879} INFO - 
================================================================================
DAG File Processing Stats

File Path                               PID    Runtime      # DAGs    # Errors  Last Runtime    Last Run
--------------------------------------  -----  ---------  --------  ----------  --------------  -------------------
/opt/airflow/dags/wifi_pipeline_dag.py                           1           0  0.11s           2026-09-18T02:48:27
/opt/airflow/dags/teste_dag.py                                   1           0  0.10s           2026-09-18T02:48:27
================================================================================
[2026-09-18T02:49:26.234+0000] {manager.py:879} INFO - 
================================================================================
DAG File Processing Stats

File Path                               PID    Runtime      # DAGs    # Errors  Last Runtime    Last Run
--------------------------------------  -----  ---------  --------  ----------  --------------  -------------------
/opt/airflow/dags/wifi_pipeline_dag.py                           1           0  0.12s           2026-09-18T02:48:57
/opt/airflow/dags/teste_dag.py                                   1           0  0.10s           2026-09-18T02:48:57
================================================================================
[2026-09-18T02:49:56.390+0000] {manager.py:879} INFO - 
================================================================================
DAG File Processing Stats

File Path                               PID    Runtime      # DAGs    # Errors  Last Runtime    Last Run
--------------------------------------  -----  ---------  --------  ----------  --------------  -------------------
/opt/airflow/dags/wifi_pipeline_dag.py                           1           0  0.15s           2026-09-18T02:49:27
/opt/airflow/dags/teste_dag.py                                   1           0  0.13s           2026-09-18T02:49:27
================================================================================
[2026-09-18T02:50:19.524+0000] {manager.py:738} INFO - Searching for files in /opt/airflow/dags
[2026-09-18T02:50:19.526+0000] {manager.py:741} INFO - There are 2 files in /opt/airflow/dags
[2026-09-18T02:50:26.573+0000] {manager.py:879} INFO - 
================================================================================
DAG File Processing Stats

File Path                               PID    Runtime      # DAGs    # Errors  Last Runtime    Last Run
--------------------------------------  -----  ---------  --------  ----------  --------------  -------------------
/opt/airflow/dags/wifi_pipeline_dag.py                           1           0  0.13s           2026-09-18T02:49:57
/opt/airflow/dags/teste_dag.py                                   1           0  0.10s           2026-09-18T02:49:57
================================================================================
[2026-09-18T02:50:56.742+0000] {manager.py:879} INFO - 
================================================================================
DAG File Processing Stats

File Path                               PID    Runtime      # DAGs    # Errors  Last Runtime    Last Run
--------------------------------------  -----  ---------  --------  ----------  --------------  -------------------
/opt/airflow/dags/wifi_pipeline_dag.py                           1           0  0.13s           2026-09-18T02:50:27
/opt/airflow/dags/teste_dag.py                                   1           0  0.11s           2026-09-18T02:50:27
================================================================================
[2026-09-18T02:51:26.891+0000] {manager.py:879} INFO - 
================================================================================
DAG File Processing Stats

File Path                               PID    Runtime      # DAGs    # Errors  Last Runtime    Last Run
--------------------------------------  -----  ---------  --------  ----------  --------------  -------------------
/opt/airflow/dags/wifi_pipeline_dag.py                           1           0  0.11s           2026-09-18T02:50:57
/opt/airflow/dags/teste_dag.py                                   1           0  0.10s           2026-09-18T02:50:57
================================================================================
[2026-09-18T02:51:57.085+0000] {manager.py:879} INFO - 
================================================================================
DAG File Processing Stats

File Path                               PID    Runtime      # DAGs    # Errors  Last Runtime    Last Run
--------------------------------------  -----  ---------  --------  ----------  --------------  -------------------
/opt/airflow/dags/wifi_pipeline_dag.py                           1           0  0.15s           2026-09-18T02:51:28
/opt/airflow/dags/teste_dag.py                                   1           0  0.12s           2026-09-18T02:51:28
================================================================================
[2026-09-18T02:52:27.281+0000] {manager.py:879} INFO - 
================================================================================
DAG File Processing Stats

File Path                               PID    Runtime      # DAGs    # Errors  Last Runtime    Last Run
--------------------------------------  -----  ---------  --------  ----------  --------------  -------------------
/opt/airflow/dags/wifi_pipeline_dag.py                           1           0  0.14s           2026-09-18T02:51:58
/opt/airflow/dags/teste_dag.py                                   1           0  0.12s           2026-09-18T02:51:58
================================================================================
[2026-09-18T02:52:57.435+0000] {manager.py:879} INFO - 
================================================================================
DAG File Processing Stats

File Path                               PID    Runtime      # DAGs    # Errors  Last Runtime    Last Run
--------------------------------------  -----  ---------  --------  ----------  --------------  -------------------
/opt/airflow/dags/wifi_pipeline_dag.py                           1           0  0.13s           2026-09-18T02:52:28
/opt/airflow/dags/teste_dag.py                                   1           0  0.11s           2026-09-18T02:52:28
================================================================================
[2026-09-18T02:53:27.605+0000] {manager.py:879} INFO - 
================================================================================
DAG File Processing Stats

File Path                               PID    Runtime      # DAGs    # Errors  Last Runtime    Last Run
--------------------------------------  -----  ---------  --------  ----------  --------------  -------------------
/opt/airflow/dags/wifi_pipeline_dag.py                           1           0  0.15s           2026-09-18T02:52:58
/opt/airflow/dags/teste_dag.py                                   1           0  0.13s           2026-09-18T02:52:58
================================================================================
[2026-09-18T02:53:57.793+0000] {manager.py:879} INFO - 
================================================================================
DAG File Processing Stats

File Path                               PID    Runtime      # DAGs    # Errors  Last Runtime    Last Run
--------------------------------------  -----  ---------  --------  ----------  --------------  -------------------
/opt/airflow/dags/wifi_pipeline_dag.py                           1           0  0.11s           2026-09-18T02:53:28
/opt/airflow/dags/teste_dag.py                                   1           0  0.10s           2026-09-18T02:53:28
================================================================================
[2026-09-18T02:54:27.963+0000] {manager.py:879} INFO - 
================================================================================
DAG File Processing Stats

File Path                               PID    Runtime      # DAGs    # Errors  Last Runtime    Last Run
--------------------------------------  -----  ---------  --------  ----------  --------------  -------------------
/opt/airflow/dags/wifi_pipeline_dag.py                           1           0  0.13s           2026-09-18T02:53:58
/opt/airflow/dags/teste_dag.py                                   1           0  0.12s           2026-09-18T02:53:58
================================================================================
[2026-09-18T02:54:58.139+0000] {manager.py:879} INFO - 
================================================================================
DAG File Processing Stats

File Path                               PID    Runtime      # DAGs    # Errors  Last Runtime    Last Run
--------------------------------------  -----  ---------  --------  ----------  --------------  -------------------
/opt/airflow/dags/wifi_pipeline_dag.py                           1           0  0.12s           2026-09-18T02:54:29
/opt/airflow/dags/teste_dag.py                                   1           0  0.10s           2026-09-18T02:54:29
================================================================================
[2026-09-18T02:55:20.273+0000] {manager.py:738} INFO - Searching for files in /opt/airflow/dags
[2026-09-18T02:55:20.274+0000] {manager.py:741} INFO - There are 2 files in /opt/airflow/dags
[2026-09-18T02:55:28.328+0000] {manager.py:879} INFO - 
================================================================================
DAG File Processing Stats

File Path                               PID    Runtime      # DAGs    # Errors  Last Runtime    Last Run
--------------------------------------  -----  ---------  --------  ----------  --------------  -------------------
/opt/airflow/dags/wifi_pipeline_dag.py                           1           0  0.13s           2026-09-18T02:54:59
/opt/airflow/dags/teste_dag.py                                   1           0  0.11s           2026-09-18T02:54:59
================================================================================
[2026-09-18T02:55:58.492+0000] {manager.py:879} INFO - 
================================================================================
DAG File Processing Stats

File Path                               PID    Runtime      # DAGs    # Errors  Last Runtime    Last Run
--------------------------------------  -----  ---------  --------  ----------  --------------  -------------------
/opt/airflow/dags/wifi_pipeline_dag.py                           1           0  0.11s           2026-09-18T02:55:29
/opt/airflow/dags/teste_dag.py                                   1           0  0.09s           2026-09-18T02:55:29
================================================================================
[2026-09-18T02:56:11.599+0000] {manager.py:451} INFO - Exiting gracefully upon receiving signal 15
[2026-09-18T02:56:54.673+0000] {manager.py:469} INFO - Processing files using up to 2 processes at a time 
[2026-09-18T02:56:54.674+0000] {manager.py:470} INFO - Process each file at most once every 30 seconds
[2026-09-18T02:56:54.674+0000] {manager.py:471} INFO - Checking for new files in /opt/airflow/dags every 300 seconds
[2026-09-18T02:56:54.674+0000] {manager.py:738} INFO - Searching for files in /opt/airflow/dags
[2026-09-18T02:56:54.676+0000] {manager.py:741} INFO - There are 2 files in /opt/airflow/dags
[2026-09-18T02:56:54.858+0000] {manager.py:879} INFO - 
================================================================================
DAG File Processing Stats

File Path                                 PID  Runtime      # DAGs    # Errors  Last Runtime    Last Run
--------------------------------------  -----  ---------  --------  ----------  --------------  ----------
/opt/airflow/dags/wifi_pipeline_dag.py    174  0.11s             0           0
/opt/airflow/dags/teste_dag.py            178  0.08s             0           0
================================================================================
[2026-09-18T02:57:25.261+0000] {manager.py:879} INFO - 
================================================================================
DAG File Processing Stats

File Path                                 PID  Runtime      # DAGs    # Errors  Last Runtime    Last Run
--------------------------------------  -----  ---------  --------  ----------  --------------  -------------------
/opt/airflow/dags/wifi_pipeline_dag.py    185  0.01s             1           0  0.42s           2026-09-18T02:56:55
/opt/airflow/dags/teste_dag.py            188  0.01s             1           0  0.39s           2026-09-18T02:56:55
================================================================================
[2026-09-18T02:57:55.467+0000] {manager.py:879} INFO - 
================================================================================
DAG File Processing Stats

File Path                                 PID  Runtime      # DAGs    # Errors  Last Runtime    Last Run
--------------------------------------  -----  ---------  --------  ----------  --------------  -------------------
/opt/airflow/dags/wifi_pipeline_dag.py    195  0.02s             1           0  0.14s           2026-09-18T02:57:25
/opt/airflow/dags/teste_dag.py            198  0.01s             1           0  0.11s           2026-09-18T02:57:25
================================================================================
[2026-09-18T02:58:25.650+0000] {manager.py:879} INFO - 
================================================================================
DAG File Processing Stats

File Path                                 PID  Runtime      # DAGs    # Errors  Last Runtime    Last Run
--------------------------------------  -----  ---------  --------  ----------  --------------  -------------------
/opt/airflow/dags/wifi_pipeline_dag.py    588  0.02s             1           0  0.14s           2026-09-18T02:57:55
/opt/airflow/dags/teste_dag.py            591  0.01s             1           0  0.12s           2026-09-18T02:57:55
================================================================================
[2026-09-18T02:58:55.844+0000] {manager.py:879} INFO - 
================================================================================
DAG File Processing Stats

File Path                                 PID  Runtime      # DAGs    # Errors  Last Runtime    Last Run
--------------------------------------  -----  ---------  --------  ----------  --------------  -------------------
/opt/airflow/dags/wifi_pipeline_dag.py    781  0.01s             1           0  0.17s           2026-09-18T02:58:25
/opt/airflow/dags/teste_dag.py            784  0.01s             1           0  0.14s           2026-09-18T02:58:25
================================================================================
[2026-09-18T02:59:26.004+0000] {manager.py:879} INFO - 
================================================================================
DAG File Processing Stats

File Path                                 PID  Runtime      # DAGs    # Errors  Last Runtime    Last Run
--------------------------------------  -----  ---------  --------  ----------  --------------  -------------------
/opt/airflow/dags/wifi_pipeline_dag.py    791  0.01s             1           0  0.12s           2026-09-18T02:58:55
/opt/airflow/dags/teste_dag.py            794  0.01s             1           0  0.10s           2026-09-18T02:58:55
================================================================================
[2026-09-18T02:59:56.162+0000] {manager.py:879} INFO - 
================================================================================
DAG File Processing Stats

File Path                                 PID  Runtime      # DAGs    # Errors  Last Runtime    Last Run
--------------------------------------  -----  ---------  --------  ----------  --------------  -------------------
/opt/airflow/dags/wifi_pipeline_dag.py    801  0.01s             1           0  0.12s           2026-09-18T02:59:26
/opt/airflow/dags/teste_dag.py            804  0.01s             1           0  0.10s           2026-09-18T02:59:26
================================================================================
[2026-09-18T03:00:26.264+0000] {manager.py:879} INFO - 
================================================================================
DAG File Processing Stats

File Path                                 PID  Runtime      # DAGs    # Errors  Last Runtime    Last Run
--------------------------------------  -----  ---------  --------  ----------  --------------  -------------------
/opt/airflow/dags/wifi_pipeline_dag.py                           1           0  0.11s           2026-09-18T02:59:56
/opt/airflow/dags/teste_dag.py            811  0.01s             1           0  0.09s           2026-09-18T02:59:56
================================================================================
[2026-09-18T03:00:56.404+0000] {manager.py:879} INFO - 
================================================================================
DAG File Processing Stats

File Path                                 PID  Runtime      # DAGs    # Errors  Last Runtime    Last Run
--------------------------------------  -----  ---------  --------  ----------  --------------  -------------------
/opt/airflow/dags/wifi_pipeline_dag.py                           1           0  0.15s           2026-09-18T03:00:26
/opt/airflow/dags/teste_dag.py            821  0.01s             1           0  0.12s           2026-09-18T03:00:26
================================================================================
[2026-09-18T03:01:26.563+0000] {manager.py:879} INFO - 
================================================================================
DAG File Processing Stats

File Path                                 PID  Runtime      # DAGs    # Errors  Last Runtime    Last Run
--------------------------------------  -----  ---------  --------  ----------  --------------  -------------------
/opt/airflow/dags/wifi_pipeline_dag.py                           1           0  0.11s           2026-09-18T03:00:56
/opt/airflow/dags/teste_dag.py            831  0.01s             1           0  0.10s           2026-09-18T03:00:56
================================================================================
[2026-09-18T03:01:54.680+0000] {manager.py:738} INFO - Searching for files in /opt/airflow/dags
[2026-09-18T03:01:54.682+0000] {manager.py:741} INFO - There are 2 files in /opt/airflow/dags
[2026-09-18T03:01:56.706+0000] {manager.py:879} INFO - 
================================================================================
DAG File Processing Stats

File Path                                 PID  Runtime      # DAGs    # Errors  Last Runtime    Last Run
--------------------------------------  -----  ---------  --------  ----------  --------------  -------------------
/opt/airflow/dags/wifi_pipeline_dag.py                           1           0  0.10s           2026-09-18T03:01:26
/opt/airflow/dags/teste_dag.py            841  0.01s             1           0  0.10s           2026-09-18T03:01:26
================================================================================
[2026-09-18T03:02:26.817+0000] {manager.py:879} INFO - 
================================================================================
DAG File Processing Stats

File Path                                 PID  Runtime      # DAGs    # Errors  Last Runtime    Last Run
--------------------------------------  -----  ---------  --------  ----------  --------------  -------------------
/opt/airflow/dags/wifi_pipeline_dag.py                           1           0  0.10s           2026-09-18T03:01:56
/opt/airflow/dags/teste_dag.py            851  0.01s             1           0  0.08s           2026-09-18T03:01:56
================================================================================
[2026-09-18T03:02:56.994+0000] {manager.py:879} INFO - 
================================================================================
DAG File Processing Stats

File Path                                 PID  Runtime      # DAGs    # Errors  Last Runtime    Last Run
--------------------------------------  -----  ---------  --------  ----------  --------------  -------------------
/opt/airflow/dags/wifi_pipeline_dag.py                           1           0  0.11s           2026-09-18T03:02:27
/opt/airflow/dags/teste_dag.py            861  0.01s             1           0  0.10s           2026-09-18T03:02:26
================================================================================
[2026-09-18T03:03:27.163+0000] {manager.py:879} INFO - 
================================================================================
DAG File Processing Stats

File Path                                 PID  Runtime      # DAGs    # Errors  Last Runtime    Last Run
--------------------------------------  -----  ---------  --------  ----------  --------------  -------------------
/opt/airflow/dags/wifi_pipeline_dag.py    871  0.01s             1           0  0.11s           2026-09-18T03:02:57
/opt/airflow/dags/teste_dag.py            874  0.01s             1           0  0.10s           2026-09-18T03:02:57
================================================================================
[2026-09-18T03:03:57.330+0000] {manager.py:879} INFO - 
================================================================================
DAG File Processing Stats

File Path                                 PID  Runtime      # DAGs    # Errors  Last Runtime    Last Run
--------------------------------------  -----  ---------  --------  ----------  --------------  -------------------
/opt/airflow/dags/wifi_pipeline_dag.py    881  0.01s             1           0  0.11s           2026-09-18T03:03:27
/opt/airflow/dags/teste_dag.py            884  0.01s             1           0  0.09s           2026-09-18T03:03:27
================================================================================
[2026-09-18T03:04:27.449+0000] {manager.py:879} INFO - 
================================================================================
DAG File Processing Stats

File Path                                 PID  Runtime      # DAGs    # Errors  Last Runtime    Last Run
--------------------------------------  -----  ---------  --------  ----------  --------------  -------------------
/opt/airflow/dags/wifi_pipeline_dag.py    891  0.02s             1           0  0.11s           2026-09-18T03:03:57
/opt/airflow/dags/teste_dag.py            894  0.01s             1           0  0.09s           2026-09-18T03:03:57
================================================================================
[2026-09-18T03:04:57.655+0000] {manager.py:879} INFO - 
================================================================================
DAG File Processing Stats

File Path                                 PID  Runtime      # DAGs    # Errors  Last Runtime    Last Run
--------------------------------------  -----  ---------  --------  ----------  --------------  -------------------
/opt/airflow/dags/wifi_pipeline_dag.py    901  0.01s             1           0  0.15s           2026-09-18T03:04:27
/opt/airflow/dags/teste_dag.py            904  0.01s             1           0  0.13s           2026-09-18T03:04:27
================================================================================
[2026-09-18T03:05:27.798+0000] {manager.py:879} INFO - 
================================================================================
DAG File Processing Stats

File Path                                 PID  Runtime      # DAGs    # Errors  Last Runtime    Last Run
--------------------------------------  -----  ---------  --------  ----------  --------------  -------------------
/opt/airflow/dags/wifi_pipeline_dag.py    911  0.01s             1           0  0.11s           2026-09-18T03:04:57
/opt/airflow/dags/teste_dag.py            914  0.01s             1           0  0.09s           2026-09-18T03:04:57
================================================================================
[2026-09-18T03:05:57.912+0000] {manager.py:879} INFO - 
================================================================================
DAG File Processing Stats

File Path                                 PID  Runtime      # DAGs    # Errors  Last Runtime    Last Run
--------------------------------------  -----  ---------  --------  ----------  --------------  -------------------
/opt/airflow/dags/wifi_pipeline_dag.py                           1           0  0.12s           2026-09-18T03:05:27
/opt/airflow/dags/teste_dag.py            921  0.01s             1           0  0.11s           2026-09-18T03:05:27
================================================================================
[2026-09-18T03:06:28.018+0000] {manager.py:879} INFO - 
================================================================================
DAG File Processing Stats

File Path                                 PID  Runtime      # DAGs    # Errors  Last Runtime    Last Run
--------------------------------------  -----  ---------  --------  ----------  --------------  -------------------
/opt/airflow/dags/wifi_pipeline_dag.py                           1           0  0.11s           2026-09-18T03:05:58
/opt/airflow/dags/teste_dag.py            931  0.01s             1           0  0.10s           2026-09-18T03:05:58
================================================================================
[2026-09-18T03:06:55.133+0000] {manager.py:738} INFO - Searching for files in /opt/airflow/dags
[2026-09-18T03:06:55.135+0000] {manager.py:741} INFO - There are 2 files in /opt/airflow/dags
[2026-09-18T03:06:58.169+0000] {manager.py:879} INFO - 
================================================================================
DAG File Processing Stats

File Path                                 PID  Runtime      # DAGs    # Errors  Last Runtime    Last Run
--------------------------------------  -----  ---------  --------  ----------  --------------  -------------------
/opt/airflow/dags/wifi_pipeline_dag.py                           1           0  0.12s           2026-09-18T03:06:28
/opt/airflow/dags/teste_dag.py            941  0.01s             1           0  0.11s           2026-09-18T03:06:28
================================================================================
[2026-09-18T03:07:28.305+0000] {manager.py:879} INFO - 
================================================================================
DAG File Processing Stats

File Path                                 PID  Runtime      # DAGs    # Errors  Last Runtime    Last Run
--------------------------------------  -----  ---------  --------  ----------  --------------  -------------------
/opt/airflow/dags/wifi_pipeline_dag.py                           1           0  0.09s           2026-09-18T03:06:58
/opt/airflow/dags/teste_dag.py            951  0.01s             1           0  0.08s           2026-09-18T03:06:58
================================================================================
[2026-09-18T03:07:58.421+0000] {manager.py:879} INFO - 
================================================================================
DAG File Processing Stats

File Path                                 PID  Runtime      # DAGs    # Errors  Last Runtime    Last Run
--------------------------------------  -----  ---------  --------  ----------  --------------  -------------------
/opt/airflow/dags/wifi_pipeline_dag.py                           1           0  0.11s           2026-09-18T03:07:28
/opt/airflow/dags/teste_dag.py            961  0.01s             1           0  0.09s           2026-09-18T03:07:28
================================================================================
[2026-09-18T03:08:28.559+0000] {manager.py:879} INFO - 
================================================================================
DAG File Processing Stats

File Path                                 PID  Runtime      # DAGs    # Errors  Last Runtime    Last Run
--------------------------------------  -----  ---------  --------  ----------  --------------  -------------------
/opt/airflow/dags/wifi_pipeline_dag.py                           1           0  0.11s           2026-09-18T03:07:58
/opt/airflow/dags/teste_dag.py            971  0.01s             1           0  0.09s           2026-09-18T03:07:58
================================================================================
[2026-09-18T03:08:58.707+0000] {manager.py:879} INFO - 
================================================================================
DAG File Processing Stats

File Path                                 PID  Runtime      # DAGs    # Errors  Last Runtime    Last Run
--------------------------------------  -----  ---------  --------  ----------  --------------  -------------------
/opt/airflow/dags/wifi_pipeline_dag.py                           1           0  0.10s           2026-09-18T03:08:28
/opt/airflow/dags/teste_dag.py            981  0.01s             1           0  0.08s           2026-09-18T03:08:28
================================================================================
[2026-09-18T03:09:28.816+0000] {manager.py:879} INFO - 
================================================================================
DAG File Processing Stats

File Path                                 PID  Runtime      # DAGs    # Errors  Last Runtime    Last Run
--------------------------------------  -----  ---------  --------  ----------  --------------  -------------------
/opt/airflow/dags/wifi_pipeline_dag.py                           1           0  0.10s           2026-09-18T03:08:58
/opt/airflow/dags/teste_dag.py            991  0.01s             1           0  0.09s           2026-09-18T03:08:58
================================================================================
[2026-09-18T03:09:58.950+0000] {manager.py:879} INFO - 
================================================================================
DAG File Processing Stats

File Path                                 PID  Runtime      # DAGs    # Errors  Last Runtime    Last Run
--------------------------------------  -----  ---------  --------  ----------  --------------  -------------------
/opt/airflow/dags/wifi_pipeline_dag.py                           1           0  0.09s           2026-09-18T03:09:28
/opt/airflow/dags/teste_dag.py           1001  0.01s             1           0  0.09s           2026-09-18T03:09:28
================================================================================
[2026-09-18T03:10:29.084+0000] {manager.py:879} INFO - 
================================================================================
DAG File Processing Stats

File Path                                 PID  Runtime      # DAGs    # Errors  Last Runtime    Last Run
--------------------------------------  -----  ---------  --------  ----------  --------------  -------------------
/opt/airflow/dags/wifi_pipeline_dag.py                           1           0  0.10s           2026-09-18T03:09:59
/opt/airflow/dags/teste_dag.py           1011  0.01s             1           0  0.09s           2026-09-18T03:09:59
================================================================================
[2026-09-18T03:10:59.248+0000] {manager.py:879} INFO - 
================================================================================
DAG File Processing Stats

File Path                                 PID  Runtime      # DAGs    # Errors  Last Runtime    Last Run
--------------------------------------  -----  ---------  --------  ----------  --------------  -------------------
/opt/airflow/dags/wifi_pipeline_dag.py                           1           0  0.10s           2026-09-18T03:10:29
/opt/airflow/dags/teste_dag.py           1021  0.01s             1           0  0.09s           2026-09-18T03:10:29
================================================================================
[2026-09-18T03:11:29.413+0000] {manager.py:879} INFO - 
================================================================================
DAG File Processing Stats

File Path                                 PID  Runtime      # DAGs    # Errors  Last Runtime    Last Run
--------------------------------------  -----  ---------  --------  ----------  --------------  -------------------
/opt/airflow/dags/wifi_pipeline_dag.py                           1           0  0.10s           2026-09-18T03:10:59
/opt/airflow/dags/teste_dag.py           1031  0.01s             1           0  0.08s           2026-09-18T03:10:59
================================================================================
[2026-09-18T03:11:55.527+0000] {manager.py:738} INFO - Searching for files in /opt/airflow/dags
[2026-09-18T03:11:55.529+0000] {manager.py:741} INFO - There are 2 files in /opt/airflow/dags
[2026-09-18T03:11:59.569+0000] {manager.py:879} INFO - 
================================================================================
DAG File Processing Stats

File Path                                 PID  Runtime      # DAGs    # Errors  Last Runtime    Last Run
--------------------------------------  -----  ---------  --------  ----------  --------------  -------------------
/opt/airflow/dags/wifi_pipeline_dag.py                           1           0  0.12s           2026-09-18T03:11:29
/opt/airflow/dags/teste_dag.py           1041  0.01s             1           0  0.10s           2026-09-18T03:11:29
================================================================================
[2026-09-18T03:12:29.715+0000] {manager.py:879} INFO - 
================================================================================
DAG File Processing Stats

File Path                                 PID  Runtime      # DAGs    # Errors  Last Runtime    Last Run
--------------------------------------  -----  ---------  --------  ----------  --------------  -------------------
/opt/airflow/dags/wifi_pipeline_dag.py                           1           0  0.09s           2026-09-18T03:11:59
/opt/airflow/dags/teste_dag.py           1051  0.01s             1           0  0.10s           2026-09-18T03:11:59
================================================================================
[2026-09-18T03:12:53.013+0000] {manager.py:451} INFO - Exiting gracefully upon receiving signal 15
[2026-09-18T14:15:21.134+0000] {manager.py:469} INFO - Processing files using up to 2 processes at a time 
[2026-09-18T14:15:21.135+0000] {manager.py:470} INFO - Process each file at most once every 30 seconds
[2026-09-18T14:15:21.136+0000] {manager.py:471} INFO - Checking for new files in /opt/airflow/dags every 300 seconds
[2026-09-18T14:15:21.136+0000] {manager.py:738} INFO - Searching for files in /opt/airflow/dags
[2026-09-18T14:15:21.139+0000] {manager.py:741} INFO - There are 1 files in /opt/airflow/dags
[2026-09-18T14:15:21.258+0000] {manager.py:879} INFO - 
================================================================================
DAG File Processing Stats

File Path                                 PID  Runtime      # DAGs    # Errors  Last Runtime    Last Run
--------------------------------------  -----  ---------  --------  ----------  --------------  ----------
/opt/airflow/dags/wifi_pipeline_dag.py    174  0.06s             0           0
================================================================================
[2026-09-18T14:15:51.314+0000] {manager.py:879} INFO - 
================================================================================
DAG File Processing Stats

File Path                               PID    Runtime      # DAGs    # Errors  Last Runtime    Last Run
--------------------------------------  -----  ---------  --------  ----------  --------------  -------------------
/opt/airflow/dags/wifi_pipeline_dag.py                           1           0  0.44s           2026-09-18T14:15:21
================================================================================
[2026-09-18T14:16:21.857+0000] {manager.py:879} INFO - 
================================================================================
DAG File Processing Stats

File Path                                 PID  Runtime      # DAGs    # Errors  Last Runtime    Last Run
--------------------------------------  -----  ---------  --------  ----------  --------------  -------------------
/opt/airflow/dags/wifi_pipeline_dag.py    623  0.02s             1           0  0.11s           2026-09-18T14:15:51
================================================================================
[2026-09-18T14:16:52.005+0000] {manager.py:879} INFO - 
================================================================================
DAG File Processing Stats

File Path                               PID    Runtime      # DAGs    # Errors  Last Runtime    Last Run
--------------------------------------  -----  ---------  --------  ----------  --------------  -------------------
/opt/airflow/dags/wifi_pipeline_dag.py                           1           0  0.26s           2026-09-18T14:16:22
================================================================================
[2026-09-18T14:17:22.321+0000] {manager.py:879} INFO - 
================================================================================
DAG File Processing Stats

File Path                               PID    Runtime      # DAGs    # Errors  Last Runtime    Last Run
--------------------------------------  -----  ---------  --------  ----------  --------------  -------------------
/opt/airflow/dags/wifi_pipeline_dag.py                           1           0  0.14s           2026-09-18T14:16:52
================================================================================
[2026-09-18T14:17:52.509+0000] {manager.py:879} INFO - 
================================================================================
DAG File Processing Stats

File Path                               PID    Runtime      # DAGs    # Errors  Last Runtime    Last Run
--------------------------------------  -----  ---------  --------  ----------  --------------  -------------------
/opt/airflow/dags/wifi_pipeline_dag.py                           1           0  0.10s           2026-09-18T14:17:22
================================================================================
[2026-09-18T14:18:22.663+0000] {manager.py:879} INFO - 
================================================================================
DAG File Processing Stats

File Path                               PID    Runtime      # DAGs    # Errors  Last Runtime    Last Run
--------------------------------------  -----  ---------  --------  ----------  --------------  -------------------
/opt/airflow/dags/wifi_pipeline_dag.py                           1           0  0.11s           2026-09-18T14:17:52
================================================================================
[2026-09-18T14:18:52.836+0000] {manager.py:879} INFO - 
================================================================================
DAG File Processing Stats

File Path                               PID    Runtime      # DAGs    # Errors  Last Runtime    Last Run
--------------------------------------  -----  ---------  --------  ----------  --------------  -------------------
/opt/airflow/dags/wifi_pipeline_dag.py                           1           0  0.10s           2026-09-18T14:18:22
================================================================================
[2026-09-18T14:19:23.020+0000] {manager.py:879} INFO - 
================================================================================
DAG File Processing Stats

File Path                                 PID  Runtime      # DAGs    # Errors  Last Runtime    Last Run
--------------------------------------  -----  ---------  --------  ----------  --------------  -------------------
/opt/airflow/dags/wifi_pipeline_dag.py    762  0.01s             1           0  0.10s           2026-09-18T14:18:53
================================================================================
[2026-09-18T14:19:53.180+0000] {manager.py:879} INFO - 
================================================================================
DAG File Processing Stats

File Path                                 PID  Runtime      # DAGs    # Errors  Last Runtime    Last Run
--------------------------------------  -----  ---------  --------  ----------  --------------  -------------------
/opt/airflow/dags/wifi_pipeline_dag.py    767  0.01s             1           0  0.12s           2026-09-18T14:19:23
================================================================================
[2026-09-18T14:20:21.251+0000] {manager.py:738} INFO - Searching for files in /opt/airflow/dags
[2026-09-18T14:20:21.252+0000] {manager.py:741} INFO - There are 1 files in /opt/airflow/dags
[2026-09-18T14:20:23.270+0000] {manager.py:879} INFO - 
================================================================================
DAG File Processing Stats

File Path                               PID    Runtime      # DAGs    # Errors  Last Runtime    Last Run
--------------------------------------  -----  ---------  --------  ----------  --------------  -------------------
/opt/airflow/dags/wifi_pipeline_dag.py                           1           0  0.14s           2026-09-18T14:19:53
================================================================================
[2026-09-18T14:20:53.440+0000] {manager.py:879} INFO - 
================================================================================
DAG File Processing Stats

File Path                               PID    Runtime      # DAGs    # Errors  Last Runtime    Last Run
--------------------------------------  -----  ---------  --------  ----------  --------------  -------------------
/opt/airflow/dags/wifi_pipeline_dag.py                           1           0  0.10s           2026-09-18T14:20:23
================================================================================
[2026-09-18T14:21:23.610+0000] {manager.py:879} INFO - 
================================================================================
DAG File Processing Stats

File Path                               PID    Runtime      # DAGs    # Errors  Last Runtime    Last Run
--------------------------------------  -----  ---------  --------  ----------  --------------  -------------------
/opt/airflow/dags/wifi_pipeline_dag.py                           1           0  0.11s           2026-09-18T14:20:53
================================================================================
[2026-09-18T14:21:53.775+0000] {manager.py:879} INFO - 
================================================================================
DAG File Processing Stats

File Path                               PID    Runtime      # DAGs    # Errors  Last Runtime    Last Run
--------------------------------------  -----  ---------  --------  ----------  --------------  -------------------
/opt/airflow/dags/wifi_pipeline_dag.py                           1           0  0.11s           2026-09-18T14:21:23
================================================================================
[2026-09-18T14:22:23.940+0000] {manager.py:879} INFO - 
================================================================================
DAG File Processing Stats

File Path                               PID    Runtime      # DAGs    # Errors  Last Runtime    Last Run
--------------------------------------  -----  ---------  --------  ----------  --------------  -------------------
/opt/airflow/dags/wifi_pipeline_dag.py                           1           0  0.11s           2026-09-18T14:21:53
================================================================================
[2026-09-18T14:22:54.093+0000] {manager.py:879} INFO - 
================================================================================
DAG File Processing Stats

File Path                               PID    Runtime      # DAGs    # Errors  Last Runtime    Last Run
--------------------------------------  -----  ---------  --------  ----------  --------------  -------------------
/opt/airflow/dags/wifi_pipeline_dag.py                           1           0  0.10s           2026-09-18T14:22:24
================================================================================
[2026-09-18T14:23:24.261+0000] {manager.py:879} INFO - 
================================================================================
DAG File Processing Stats

File Path                               PID    Runtime      # DAGs    # Errors  Last Runtime    Last Run
--------------------------------------  -----  ---------  --------  ----------  --------------  -------------------
/opt/airflow/dags/wifi_pipeline_dag.py                           1           0  0.12s           2026-09-18T14:22:54
================================================================================
[2026-09-18T14:23:54.445+0000] {manager.py:879} INFO - 
================================================================================
DAG File Processing Stats

File Path                               PID    Runtime      # DAGs    # Errors  Last Runtime    Last Run
--------------------------------------  -----  ---------  --------  ----------  --------------  -------------------
/opt/airflow/dags/wifi_pipeline_dag.py                           1           0  0.10s           2026-09-18T14:23:24
================================================================================
[2026-09-18T14:24:24.598+0000] {manager.py:879} INFO - 
================================================================================
DAG File Processing Stats

File Path                               PID    Runtime      # DAGs    # Errors  Last Runtime    Last Run
--------------------------------------  -----  ---------  --------  ----------  --------------  -------------------
/opt/airflow/dags/wifi_pipeline_dag.py                           1           0  0.12s           2026-09-18T14:23:54
================================================================================
[2026-09-18T14:24:54.780+0000] {manager.py:879} INFO - 
================================================================================
DAG File Processing Stats

File Path                               PID    Runtime      # DAGs    # Errors  Last Runtime    Last Run
--------------------------------------  -----  ---------  --------  ----------  --------------  -------------------
/opt/airflow/dags/wifi_pipeline_dag.py                           1           0  0.12s           2026-09-18T14:24:24
================================================================================
[2026-09-18T14:25:21.932+0000] {manager.py:738} INFO - Searching for files in /opt/airflow/dags
[2026-09-18T14:25:21.933+0000] {manager.py:741} INFO - There are 1 files in /opt/airflow/dags
[2026-09-18T14:25:24.956+0000] {manager.py:879} INFO - 
================================================================================
DAG File Processing Stats

File Path                               PID    Runtime      # DAGs    # Errors  Last Runtime    Last Run
--------------------------------------  -----  ---------  --------  ----------  --------------  -------------------
/opt/airflow/dags/wifi_pipeline_dag.py                           1           0  0.11s           2026-09-18T14:24:54
================================================================================
[2026-09-18T14:25:55.133+0000] {manager.py:879} INFO - 
================================================================================
DAG File Processing Stats

File Path                               PID    Runtime      # DAGs    # Errors  Last Runtime    Last Run
--------------------------------------  -----  ---------  --------  ----------  --------------  -------------------
/opt/airflow/dags/wifi_pipeline_dag.py                           1           0  0.11s           2026-09-18T14:25:25
================================================================================
[2026-09-18T14:26:25.289+0000] {manager.py:879} INFO - 
================================================================================
DAG File Processing Stats

File Path                               PID    Runtime      # DAGs    # Errors  Last Runtime    Last Run
--------------------------------------  -----  ---------  --------  ----------  --------------  -------------------
/opt/airflow/dags/wifi_pipeline_dag.py                           1           0  0.12s           2026-09-18T14:25:55
================================================================================
[2026-09-18T14:26:55.450+0000] {manager.py:879} INFO - 
================================================================================
DAG File Processing Stats

File Path                               PID    Runtime      # DAGs    # Errors  Last Runtime    Last Run
--------------------------------------  -----  ---------  --------  ----------  --------------  -------------------
/opt/airflow/dags/wifi_pipeline_dag.py                           1           0  0.10s           2026-09-18T14:26:25
================================================================================
[2026-09-18T14:27:25.604+0000] {manager.py:879} INFO - 
================================================================================
DAG File Processing Stats

File Path                               PID    Runtime      # DAGs    # Errors  Last Runtime    Last Run
--------------------------------------  -----  ---------  --------  ----------  --------------  -------------------
/opt/airflow/dags/wifi_pipeline_dag.py                           1           0  0.11s           2026-09-18T14:26:55
================================================================================
[2026-09-18T14:27:55.782+0000] {manager.py:879} INFO - 
================================================================================
DAG File Processing Stats

File Path                               PID    Runtime      # DAGs    # Errors  Last Runtime    Last Run
--------------------------------------  -----  ---------  --------  ----------  --------------  -------------------
/opt/airflow/dags/wifi_pipeline_dag.py                           1           0  0.16s           2026-09-18T14:27:25
================================================================================
[2026-09-18T14:28:26.004+0000] {manager.py:879} INFO - 
================================================================================
DAG File Processing Stats

File Path                               PID    Runtime      # DAGs    # Errors  Last Runtime    Last Run
--------------------------------------  -----  ---------  --------  ----------  --------------  -------------------
/opt/airflow/dags/wifi_pipeline_dag.py                           1           0  0.12s           2026-09-18T14:27:56
================================================================================
[2026-09-18T14:28:56.174+0000] {manager.py:879} INFO - 
================================================================================
DAG File Processing Stats

File Path                               PID    Runtime      # DAGs    # Errors  Last Runtime    Last Run
--------------------------------------  -----  ---------  --------  ----------  --------------  -------------------
/opt/airflow/dags/wifi_pipeline_dag.py                           1           0  0.12s           2026-09-18T14:28:26
================================================================================
[2026-09-18T14:29:26.361+0000] {manager.py:879} INFO - 
================================================================================
DAG File Processing Stats

File Path                               PID    Runtime      # DAGs    # Errors  Last Runtime    Last Run
--------------------------------------  -----  ---------  --------  ----------  --------------  -------------------
/opt/airflow/dags/wifi_pipeline_dag.py                           1           0  0.13s           2026-09-18T14:28:56
================================================================================
[2026-09-18T14:29:56.539+0000] {manager.py:879} INFO - 
================================================================================
DAG File Processing Stats

File Path                               PID    Runtime      # DAGs    # Errors  Last Runtime    Last Run
--------------------------------------  -----  ---------  --------  ----------  --------------  -------------------
/opt/airflow/dags/wifi_pipeline_dag.py                           1           0  0.11s           2026-09-18T14:29:26
================================================================================
[2026-09-18T14:30:22.675+0000] {manager.py:738} INFO - Searching for files in /opt/airflow/dags
[2026-09-18T14:30:22.676+0000] {manager.py:741} INFO - There are 1 files in /opt/airflow/dags
[2026-09-18T14:30:26.702+0000] {manager.py:879} INFO - 
================================================================================
DAG File Processing Stats

File Path                               PID    Runtime      # DAGs    # Errors  Last Runtime    Last Run
--------------------------------------  -----  ---------  --------  ----------  --------------  -------------------
/opt/airflow/dags/wifi_pipeline_dag.py                           1           0  0.13s           2026-09-18T14:29:56
================================================================================
[2026-09-18T14:30:56.882+0000] {manager.py:879} INFO - 
================================================================================
DAG File Processing Stats

File Path                               PID    Runtime      # DAGs    # Errors  Last Runtime    Last Run
--------------------------------------  -----  ---------  --------  ----------  --------------  -------------------
/opt/airflow/dags/wifi_pipeline_dag.py                           1           0  0.11s           2026-09-18T14:30:26
================================================================================
[2026-09-18T14:31:27.059+0000] {manager.py:879} INFO - 
================================================================================
DAG File Processing Stats

File Path                               PID    Runtime      # DAGs    # Errors  Last Runtime    Last Run
--------------------------------------  -----  ---------  --------  ----------  --------------  -------------------
/opt/airflow/dags/wifi_pipeline_dag.py                           1           0  0.15s           2026-09-18T14:30:57
================================================================================
[2026-09-18T14:31:57.244+0000] {manager.py:879} INFO - 
================================================================================
DAG File Processing Stats

File Path                               PID    Runtime      # DAGs    # Errors  Last Runtime    Last Run
--------------------------------------  -----  ---------  --------  ----------  --------------  -------------------
/opt/airflow/dags/wifi_pipeline_dag.py                           1           0  0.13s           2026-09-18T14:31:27
================================================================================
[2026-09-18T14:32:06.521+0000] {manager.py:451} INFO - Exiting gracefully upon receiving signal 15
[2026-09-18T14:32:32.288+0000] {manager.py:469} INFO - Processing files using up to 2 processes at a time 
[2026-09-18T14:32:32.289+0000] {manager.py:470} INFO - Process each file at most once every 30 seconds
[2026-09-18T14:32:32.290+0000] {manager.py:471} INFO - Checking for new files in /opt/airflow/dags every 300 seconds
[2026-09-18T14:32:32.290+0000] {manager.py:738} INFO - Searching for files in /opt/airflow/dags
[2026-09-18T14:32:32.291+0000] {manager.py:741} INFO - There are 1 files in /opt/airflow/dags
[2026-09-18T14:32:32.380+0000] {manager.py:879} INFO - 
================================================================================
DAG File Processing Stats

File Path                                 PID  Runtime      # DAGs    # Errors  Last Runtime    Last Run
--------------------------------------  -----  ---------  --------  ----------  --------------  ----------
/opt/airflow/dags/wifi_pipeline_dag.py    174  0.04s             0           0
================================================================================
[2026-09-18T14:33:02.464+0000] {manager.py:879} INFO - 
================================================================================
DAG File Processing Stats

File Path                               PID    Runtime      # DAGs    # Errors  Last Runtime    Last Run
--------------------------------------  -----  ---------  --------  ----------  --------------  -------------------
/opt/airflow/dags/wifi_pipeline_dag.py                           1           0  0.16s           2026-09-18T14:32:32
================================================================================
[2026-09-18T14:33:32.633+0000] {manager.py:879} INFO - 
================================================================================
DAG File Processing Stats

File Path                               PID    Runtime      # DAGs    # Errors  Last Runtime    Last Run
--------------------------------------  -----  ---------  --------  ----------  --------------  -------------------
/opt/airflow/dags/wifi_pipeline_dag.py                           1           0  0.27s           2026-09-18T14:33:02
================================================================================
[2026-09-18T14:34:02.969+0000] {manager.py:879} INFO - 
================================================================================
DAG File Processing Stats

File Path                               PID    Runtime      # DAGs    # Errors  Last Runtime    Last Run
--------------------------------------  -----  ---------  --------  ----------  --------------  -------------------
/opt/airflow/dags/wifi_pipeline_dag.py                           1           0  0.11s           2026-09-18T14:33:32
================================================================================
[2026-09-18T14:34:51.423+0000] {manager.py:469} INFO - Processing files using up to 2 processes at a time 
[2026-09-18T14:34:51.424+0000] {manager.py:470} INFO - Process each file at most once every 30 seconds
[2026-09-18T14:34:51.424+0000] {manager.py:471} INFO - Checking for new files in /opt/airflow/dags every 300 seconds
[2026-09-18T14:34:51.424+0000] {manager.py:738} INFO - Searching for files in /opt/airflow/dags
[2026-09-18T14:34:51.426+0000] {manager.py:741} INFO - There are 1 files in /opt/airflow/dags
[2026-09-18T14:34:51.520+0000] {manager.py:879} INFO - 
================================================================================
DAG File Processing Stats

File Path                                 PID  Runtime      # DAGs    # Errors  Last Runtime    Last Run
--------------------------------------  -----  ---------  --------  ----------  --------------  ----------
/opt/airflow/dags/wifi_pipeline_dag.py    174  0.05s             0           0
================================================================================
[2026-09-18T14:35:21.594+0000] {manager.py:879} INFO - 
================================================================================
DAG File Processing Stats

File Path                               PID    Runtime      # DAGs    # Errors  Last Runtime    Last Run
--------------------------------------  -----  ---------  --------  ----------  --------------  -------------------
/opt/airflow/dags/wifi_pipeline_dag.py                           1           0  0.14s           2026-09-18T14:34:51
================================================================================
[2026-09-18T14:35:51.744+0000] {manager.py:879} INFO - 
================================================================================
DAG File Processing Stats

File Path                               PID    Runtime      # DAGs    # Errors  Last Runtime    Last Run
--------------------------------------  -----  ---------  --------  ----------  --------------  -------------------
/opt/airflow/dags/wifi_pipeline_dag.py                           1           0  0.30s           2026-09-18T14:35:21
================================================================================
[2026-09-18T14:36:22.110+0000] {manager.py:879} INFO - 
================================================================================
DAG File Processing Stats

File Path                               PID    Runtime      # DAGs    # Errors  Last Runtime    Last Run
--------------------------------------  -----  ---------  --------  ----------  --------------  -------------------
/opt/airflow/dags/wifi_pipeline_dag.py                           1           0  0.12s           2026-09-18T14:35:52
================================================================================
[2026-09-18T14:36:52.272+0000] {manager.py:879} INFO - 
================================================================================
DAG File Processing Stats

File Path                               PID    Runtime      # DAGs    # Errors  Last Runtime    Last Run
--------------------------------------  -----  ---------  --------  ----------  --------------  -------------------
/opt/airflow/dags/wifi_pipeline_dag.py                           1           0  0.14s           2026-09-18T14:36:22
================================================================================
[2026-09-18T14:37:22.459+0000] {manager.py:879} INFO - 
================================================================================
DAG File Processing Stats

File Path                               PID    Runtime      # DAGs    # Errors  Last Runtime    Last Run
--------------------------------------  -----  ---------  --------  ----------  --------------  -------------------
/opt/airflow/dags/wifi_pipeline_dag.py                           1           0  0.13s           2026-09-18T14:36:52
================================================================================
[2026-09-18T14:37:52.634+0000] {manager.py:879} INFO - 
================================================================================
DAG File Processing Stats

File Path                               PID    Runtime      # DAGs    # Errors  Last Runtime    Last Run
--------------------------------------  -----  ---------  --------  ----------  --------------  -------------------
/opt/airflow/dags/wifi_pipeline_dag.py                           1           0  0.15s           2026-09-18T14:37:22
================================================================================
[2026-09-18T14:38:22.831+0000] {manager.py:879} INFO - 
================================================================================
DAG File Processing Stats

File Path                               PID    Runtime      # DAGs    # Errors  Last Runtime    Last Run
--------------------------------------  -----  ---------  --------  ----------  --------------  -------------------
/opt/airflow/dags/wifi_pipeline_dag.py                           1           0  0.11s           2026-09-18T14:37:52
================================================================================
[2026-09-18T14:38:53.017+0000] {manager.py:879} INFO - 
================================================================================
DAG File Processing Stats

File Path                               PID    Runtime      # DAGs    # Errors  Last Runtime    Last Run
--------------------------------------  -----  ---------  --------  ----------  --------------  -------------------
/opt/airflow/dags/wifi_pipeline_dag.py                           1           0  0.11s           2026-09-18T14:38:23
================================================================================
[2026-09-18T14:39:23.185+0000] {manager.py:879} INFO - 
================================================================================
DAG File Processing Stats

File Path                               PID    Runtime      # DAGs    # Errors  Last Runtime    Last Run
--------------------------------------  -----  ---------  --------  ----------  --------------  -------------------
/opt/airflow/dags/wifi_pipeline_dag.py                           1           0  0.12s           2026-09-18T14:38:53
================================================================================
[2026-09-18T14:39:52.325+0000] {manager.py:738} INFO - Searching for files in /opt/airflow/dags
[2026-09-18T14:39:52.326+0000] {manager.py:741} INFO - There are 1 files in /opt/airflow/dags
[2026-09-18T14:39:53.341+0000] {manager.py:879} INFO - 
================================================================================
DAG File Processing Stats

File Path                               PID    Runtime      # DAGs    # Errors  Last Runtime    Last Run
--------------------------------------  -----  ---------  --------  ----------  --------------  -------------------
/opt/airflow/dags/wifi_pipeline_dag.py                           1           0  0.14s           2026-09-18T14:39:23
================================================================================
[2026-09-18T14:40:20.564+0000] {manager.py:451} INFO - Exiting gracefully upon receiving signal 15
[2026-09-18T14:40:47.799+0000] {manager.py:469} INFO - Processing files using up to 2 processes at a time 
[2026-09-18T14:40:47.800+0000] {manager.py:470} INFO - Process each file at most once every 30 seconds
[2026-09-18T14:40:47.800+0000] {manager.py:471} INFO - Checking for new files in /opt/airflow/dags every 300 seconds
[2026-09-18T14:40:47.800+0000] {manager.py:738} INFO - Searching for files in /opt/airflow/dags
[2026-09-18T14:40:47.802+0000] {manager.py:741} INFO - There are 1 files in /opt/airflow/dags
[2026-09-18T14:40:47.871+0000] {manager.py:879} INFO - 
================================================================================
DAG File Processing Stats

File Path                                 PID  Runtime      # DAGs    # Errors  Last Runtime    Last Run
--------------------------------------  -----  ---------  --------  ----------  --------------  ----------
/opt/airflow/dags/wifi_pipeline_dag.py    175  0.03s             0           0
================================================================================
[2026-09-18T14:41:17.939+0000] {manager.py:879} INFO - 
================================================================================
DAG File Processing Stats

File Path                               PID    Runtime      # DAGs    # Errors  Last Runtime    Last Run
--------------------------------------  -----  ---------  --------  ----------  --------------  -------------------
/opt/airflow/dags/wifi_pipeline_dag.py                           1           0  0.11s           2026-09-18T14:40:47
================================================================================
[2026-09-18T14:41:48.046+0000] {manager.py:879} INFO - 
================================================================================
DAG File Processing Stats

File Path                               PID    Runtime      # DAGs    # Errors  Last Runtime    Last Run
--------------------------------------  -----  ---------  --------  ----------  --------------  -------------------
/opt/airflow/dags/wifi_pipeline_dag.py                           1           0  0.29s           2026-09-18T14:41:18
================================================================================
[2026-09-18T14:42:18.379+0000] {manager.py:879} INFO - 
================================================================================
DAG File Processing Stats

File Path                               PID    Runtime      # DAGs    # Errors  Last Runtime    Last Run
--------------------------------------  -----  ---------  --------  ----------  --------------  -------------------
/opt/airflow/dags/wifi_pipeline_dag.py                           1           0  0.11s           2026-09-18T14:41:48
================================================================================
[2026-09-18T14:42:48.555+0000] {manager.py:879} INFO - 
================================================================================
DAG File Processing Stats

File Path                               PID    Runtime      # DAGs    # Errors  Last Runtime    Last Run
--------------------------------------  -----  ---------  --------  ----------  --------------  -------------------
/opt/airflow/dags/wifi_pipeline_dag.py                           1           0  0.13s           2026-09-18T14:42:18
================================================================================
[2026-09-18T14:43:18.716+0000] {manager.py:879} INFO - 
================================================================================
DAG File Processing Stats

File Path                               PID    Runtime      # DAGs    # Errors  Last Runtime    Last Run
--------------------------------------  -----  ---------  --------  ----------  --------------  -------------------
/opt/airflow/dags/wifi_pipeline_dag.py                           1           0  0.11s           2026-09-18T14:42:48
================================================================================
[2026-09-18T14:43:48.866+0000] {manager.py:879} INFO - 
================================================================================
DAG File Processing Stats

File Path                               PID    Runtime      # DAGs    # Errors  Last Runtime    Last Run
--------------------------------------  -----  ---------  --------  ----------  --------------  -------------------
/opt/airflow/dags/wifi_pipeline_dag.py                           1           0  0.11s           2026-09-18T14:43:18
================================================================================
[2026-09-18T14:44:19.014+0000] {manager.py:879} INFO - 
================================================================================
DAG File Processing Stats

File Path                               PID    Runtime      # DAGs    # Errors  Last Runtime    Last Run
--------------------------------------  -----  ---------  --------  ----------  --------------  -------------------
/opt/airflow/dags/wifi_pipeline_dag.py                           1           0  0.11s           2026-09-18T14:43:49
================================================================================
[2026-09-18T14:44:49.174+0000] {manager.py:879} INFO - 
================================================================================
DAG File Processing Stats

File Path                               PID    Runtime      # DAGs    # Errors  Last Runtime    Last Run
--------------------------------------  -----  ---------  --------  ----------  --------------  -------------------
/opt/airflow/dags/wifi_pipeline_dag.py                           1           0  0.12s           2026-09-18T14:44:19
================================================================================
[2026-09-18T14:45:09.090+0000] {manager.py:451} INFO - Exiting gracefully upon receiving signal 15
[2026-09-18T14:45:35.225+0000] {manager.py:469} INFO - Processing files using up to 2 processes at a time 
[2026-09-18T14:45:35.226+0000] {manager.py:470} INFO - Process each file at most once every 30 seconds
[2026-09-18T14:45:35.226+0000] {manager.py:471} INFO - Checking for new files in /opt/airflow/dags every 300 seconds
[2026-09-18T14:45:35.227+0000] {manager.py:738} INFO - Searching for files in /opt/airflow/dags
[2026-09-18T14:45:35.228+0000] {manager.py:741} INFO - There are 1 files in /opt/airflow/dags
[2026-09-18T14:45:35.298+0000] {manager.py:879} INFO - 
================================================================================
DAG File Processing Stats

File Path                                 PID  Runtime      # DAGs    # Errors  Last Runtime    Last Run
--------------------------------------  -----  ---------  --------  ----------  --------------  ----------
/opt/airflow/dags/wifi_pipeline_dag.py    174  0.03s             0           0
================================================================================
[2026-09-18T14:46:05.365+0000] {manager.py:879} INFO - 
================================================================================
DAG File Processing Stats

File Path                               PID    Runtime      # DAGs    # Errors  Last Runtime    Last Run
--------------------------------------  -----  ---------  --------  ----------  --------------  -------------------
/opt/airflow/dags/wifi_pipeline_dag.py                           1           0  0.11s           2026-09-18T14:45:35
================================================================================
[2026-09-18T14:46:35.466+0000] {manager.py:879} INFO - 
================================================================================
DAG File Processing Stats

File Path                               PID    Runtime      # DAGs    # Errors  Last Runtime    Last Run
--------------------------------------  -----  ---------  --------  ----------  --------------  -------------------
/opt/airflow/dags/wifi_pipeline_dag.py                           1           0  0.45s           2026-09-18T14:46:05
================================================================================
[2026-09-18T14:47:05.975+0000] {manager.py:879} INFO - 
================================================================================
DAG File Processing Stats

File Path                               PID    Runtime      # DAGs    # Errors  Last Runtime    Last Run
--------------------------------------  -----  ---------  --------  ----------  --------------  -------------------
/opt/airflow/dags/wifi_pipeline_dag.py                           1           0  0.11s           2026-09-18T14:46:36
================================================================================
[2026-09-18T14:47:36.161+0000] {manager.py:879} INFO - 
================================================================================
DAG File Processing Stats

File Path                               PID    Runtime      # DAGs    # Errors  Last Runtime    Last Run
--------------------------------------  -----  ---------  --------  ----------  --------------  -------------------
/opt/airflow/dags/wifi_pipeline_dag.py                           1           0  0.11s           2026-09-18T14:47:06
================================================================================
[2026-09-18T14:48:06.280+0000] {manager.py:879} INFO - 
================================================================================
DAG File Processing Stats

File Path                               PID    Runtime      # DAGs    # Errors  Last Runtime    Last Run
--------------------------------------  -----  ---------  --------  ----------  --------------  -------------------
/opt/airflow/dags/wifi_pipeline_dag.py                           1           0  0.14s           2026-09-18T14:47:36
================================================================================
[2026-09-18T14:48:36.463+0000] {manager.py:879} INFO - 
================================================================================
DAG File Processing Stats

File Path                               PID    Runtime      # DAGs    # Errors  Last Runtime    Last Run
--------------------------------------  -----  ---------  --------  ----------  --------------  -------------------
/opt/airflow/dags/wifi_pipeline_dag.py                           1           0  0.12s           2026-09-18T14:48:06
================================================================================
[2026-09-18T14:48:49.083+0000] {manager.py:451} INFO - Exiting gracefully upon receiving signal 15
[2026-09-18T14:49:19.020+0000] {manager.py:469} INFO - Processing files using up to 2 processes at a time 
[2026-09-18T14:49:19.021+0000] {manager.py:470} INFO - Process each file at most once every 30 seconds
[2026-09-18T14:49:19.021+0000] {manager.py:471} INFO - Checking for new files in /opt/airflow/dags every 300 seconds
[2026-09-18T14:49:19.022+0000] {manager.py:738} INFO - Searching for files in /opt/airflow/dags
[2026-09-18T14:49:19.023+0000] {manager.py:741} INFO - There are 1 files in /opt/airflow/dags
[2026-09-18T14:49:19.095+0000] {manager.py:879} INFO - 
================================================================================
DAG File Processing Stats

File Path                                 PID  Runtime      # DAGs    # Errors  Last Runtime    Last Run
--------------------------------------  -----  ---------  --------  ----------  --------------  ----------
/opt/airflow/dags/wifi_pipeline_dag.py    174  0.04s             0           0
================================================================================
[2026-09-18T14:49:49.181+0000] {manager.py:879} INFO - 
================================================================================
DAG File Processing Stats

File Path                               PID    Runtime      # DAGs    # Errors  Last Runtime    Last Run
--------------------------------------  -----  ---------  --------  ----------  --------------  -------------------
/opt/airflow/dags/wifi_pipeline_dag.py                           1           0  0.13s           2026-09-18T14:49:19
================================================================================
[2026-09-18T14:50:19.330+0000] {manager.py:879} INFO - 
================================================================================
DAG File Processing Stats

File Path                               PID    Runtime      # DAGs    # Errors  Last Runtime    Last Run
--------------------------------------  -----  ---------  --------  ----------  --------------  -------------------
/opt/airflow/dags/wifi_pipeline_dag.py                           1           0  0.28s           2026-09-18T14:49:49
================================================================================
[2026-09-18T14:50:49.662+0000] {manager.py:879} INFO - 
================================================================================
DAG File Processing Stats

File Path                               PID    Runtime      # DAGs    # Errors  Last Runtime    Last Run
--------------------------------------  -----  ---------  --------  ----------  --------------  -------------------
/opt/airflow/dags/wifi_pipeline_dag.py                           1           0  0.17s           2026-09-18T14:50:19
================================================================================
[2026-09-18T14:50:55.816+0000] {manager.py:451} INFO - Exiting gracefully upon receiving signal 15
[2026-09-18T14:51:37.144+0000] {manager.py:469} INFO - Processing files using up to 2 processes at a time 
[2026-09-18T14:51:37.146+0000] {manager.py:470} INFO - Process each file at most once every 30 seconds
[2026-09-18T14:51:37.146+0000] {manager.py:471} INFO - Checking for new files in /opt/airflow/dags every 300 seconds
[2026-09-18T14:51:37.146+0000] {manager.py:738} INFO - Searching for files in /opt/airflow/dags
[2026-09-18T14:51:37.148+0000] {manager.py:741} INFO - There are 1 files in /opt/airflow/dags
[2026-09-18T14:51:37.242+0000] {manager.py:879} INFO - 
================================================================================
DAG File Processing Stats

File Path                                 PID  Runtime      # DAGs    # Errors  Last Runtime    Last Run
--------------------------------------  -----  ---------  --------  ----------  --------------  ----------
/opt/airflow/dags/wifi_pipeline_dag.py    174  0.05s             0           0
================================================================================
[2026-09-18T14:52:07.299+0000] {manager.py:879} INFO - 
================================================================================
DAG File Processing Stats

File Path                               PID    Runtime      # DAGs    # Errors  Last Runtime    Last Run
--------------------------------------  -----  ---------  --------  ----------  --------------  -------------------
/opt/airflow/dags/wifi_pipeline_dag.py                           1           0  0.43s           2026-09-18T14:51:37
================================================================================
[2026-09-18T14:52:37.749+0000] {manager.py:879} INFO - 
================================================================================
DAG File Processing Stats

File Path                               PID    Runtime      # DAGs    # Errors  Last Runtime    Last Run
--------------------------------------  -----  ---------  --------  ----------  --------------  -------------------
/opt/airflow/dags/wifi_pipeline_dag.py                           1           0  0.14s           2026-09-18T14:52:07
================================================================================
[2026-09-18T14:53:07.944+0000] {manager.py:879} INFO - 
================================================================================
DAG File Processing Stats

File Path                               PID    Runtime      # DAGs    # Errors  Last Runtime    Last Run
--------------------------------------  -----  ---------  --------  ----------  --------------  -------------------
/opt/airflow/dags/wifi_pipeline_dag.py                           1           0  0.10s           2026-09-18T14:52:37
================================================================================
[2026-09-18T14:53:38.068+0000] {manager.py:879} INFO - 
================================================================================
DAG File Processing Stats

File Path                               PID    Runtime      # DAGs    # Errors  Last Runtime    Last Run
--------------------------------------  -----  ---------  --------  ----------  --------------  -------------------
/opt/airflow/dags/wifi_pipeline_dag.py                           1           0  0.10s           2026-09-18T14:53:08
================================================================================
[2026-09-18T14:54:08.235+0000] {manager.py:879} INFO - 
================================================================================
DAG File Processing Stats

File Path                               PID    Runtime      # DAGs    # Errors  Last Runtime    Last Run
--------------------------------------  -----  ---------  --------  ----------  --------------  -------------------
/opt/airflow/dags/wifi_pipeline_dag.py                           1           0  0.16s           2026-09-18T14:53:38
================================================================================
[2026-09-18T14:54:38.425+0000] {manager.py:879} INFO - 
================================================================================
DAG File Processing Stats

File Path                               PID    Runtime      # DAGs    # Errors  Last Runtime    Last Run
--------------------------------------  -----  ---------  --------  ----------  --------------  -------------------
/opt/airflow/dags/wifi_pipeline_dag.py                           1           0  0.14s           2026-09-18T14:54:08
================================================================================
[2026-09-18T14:55:08.609+0000] {manager.py:879} INFO - 
================================================================================
DAG File Processing Stats

File Path                               PID    Runtime      # DAGs    # Errors  Last Runtime    Last Run
--------------------------------------  -----  ---------  --------  ----------  --------------  -------------------
/opt/airflow/dags/wifi_pipeline_dag.py                           1           0  0.12s           2026-09-18T14:54:38
================================================================================
[2026-09-18T14:55:38.736+0000] {manager.py:879} INFO - 
================================================================================
DAG File Processing Stats

File Path                               PID    Runtime      # DAGs    # Errors  Last Runtime    Last Run
--------------------------------------  -----  ---------  --------  ----------  --------------  -------------------
/opt/airflow/dags/wifi_pipeline_dag.py                           1           0  0.10s           2026-09-18T14:55:08
================================================================================
[2026-09-18T14:57:25.213+0000] {manager.py:469} INFO - Processing files using up to 2 processes at a time 
[2026-09-18T14:57:25.214+0000] {manager.py:470} INFO - Process each file at most once every 30 seconds
[2026-09-18T14:57:25.215+0000] {manager.py:471} INFO - Checking for new files in /opt/airflow/dags every 300 seconds
[2026-09-18T14:57:25.215+0000] {manager.py:738} INFO - Searching for files in /opt/airflow/dags
[2026-09-18T14:57:25.216+0000] {manager.py:741} INFO - There are 1 files in /opt/airflow/dags
[2026-09-18T14:57:25.314+0000] {manager.py:879} INFO - 
================================================================================
DAG File Processing Stats

File Path                                 PID  Runtime      # DAGs    # Errors  Last Runtime    Last Run
--------------------------------------  -----  ---------  --------  ----------  --------------  ----------
/opt/airflow/dags/wifi_pipeline_dag.py    174  0.05s             0           0
================================================================================
[2026-09-18T14:57:55.353+0000] {manager.py:879} INFO - 
================================================================================
DAG File Processing Stats

File Path                               PID    Runtime      # DAGs    # Errors  Last Runtime    Last Run
--------------------------------------  -----  ---------  --------  ----------  --------------  -------------------
/opt/airflow/dags/wifi_pipeline_dag.py                           1           0  0.37s           2026-09-18T14:57:25
================================================================================
[2026-09-18T14:58:25.724+0000] {manager.py:879} INFO - 
================================================================================
DAG File Processing Stats

File Path                               PID    Runtime      # DAGs    # Errors  Last Runtime    Last Run
--------------------------------------  -----  ---------  --------  ----------  --------------  -------------------
/opt/airflow/dags/wifi_pipeline_dag.py                           1           0  0.11s           2026-09-18T14:57:55
================================================================================
[2026-09-18T14:58:55.847+0000] {manager.py:879} INFO - 
================================================================================
DAG File Processing Stats

File Path                               PID    Runtime      # DAGs    # Errors  Last Runtime    Last Run
--------------------------------------  -----  ---------  --------  ----------  --------------  -------------------
/opt/airflow/dags/wifi_pipeline_dag.py                           1           0  0.12s           2026-09-18T14:58:25
================================================================================
[2026-09-18T14:59:25.981+0000] {manager.py:879} INFO - 
================================================================================
DAG File Processing Stats

File Path                               PID    Runtime      # DAGs    # Errors  Last Runtime    Last Run
--------------------------------------  -----  ---------  --------  ----------  --------------  -------------------
/opt/airflow/dags/wifi_pipeline_dag.py                           1           0  0.11s           2026-09-18T14:58:56
================================================================================
[2026-09-18T14:59:56.095+0000] {manager.py:879} INFO - 
================================================================================
DAG File Processing Stats

File Path                               PID    Runtime      # DAGs    # Errors  Last Runtime    Last Run
--------------------------------------  -----  ---------  --------  ----------  --------------  -------------------
/opt/airflow/dags/wifi_pipeline_dag.py                           1           0  0.11s           2026-09-18T14:59:26
================================================================================
[2026-09-18T15:00:26.269+0000] {manager.py:879} INFO - 
================================================================================
DAG File Processing Stats

File Path                               PID    Runtime      # DAGs    # Errors  Last Runtime    Last Run
--------------------------------------  -----  ---------  --------  ----------  --------------  -------------------
/opt/airflow/dags/wifi_pipeline_dag.py                           1           0  0.11s           2026-09-18T14:59:56
================================================================================
[2026-09-18T15:00:56.375+0000] {manager.py:879} INFO - 
================================================================================
DAG File Processing Stats

File Path                               PID    Runtime      # DAGs    # Errors  Last Runtime    Last Run
--------------------------------------  -----  ---------  --------  ----------  --------------  -------------------
/opt/airflow/dags/wifi_pipeline_dag.py                           1           0  0.11s           2026-09-18T15:00:26
================================================================================
[2026-09-18T15:01:26.554+0000] {manager.py:879} INFO - 
================================================================================
DAG File Processing Stats

File Path                               PID    Runtime      # DAGs    # Errors  Last Runtime    Last Run
--------------------------------------  -----  ---------  --------  ----------  --------------  -------------------
/opt/airflow/dags/wifi_pipeline_dag.py                           1           0  0.12s           2026-09-18T15:00:56
================================================================================
[2026-09-18T15:01:56.299+0000] {manager.py:879} INFO - 
================================================================================
DAG File Processing Stats

File Path                               PID    Runtime      # DAGs    # Errors  Last Runtime    Last Run
--------------------------------------  -----  ---------  --------  ----------  --------------  -------------------
/opt/airflow/dags/wifi_pipeline_dag.py                           1           0  0.13s           2026-09-18T15:01:26
================================================================================
[2026-09-18T15:02:25.644+0000] {manager.py:738} INFO - Searching for files in /opt/airflow/dags
[2026-09-18T15:02:25.645+0000] {manager.py:741} INFO - There are 1 files in /opt/airflow/dags
[2026-09-18T15:02:26.660+0000] {manager.py:879} INFO - 
================================================================================
DAG File Processing Stats

File Path                               PID    Runtime      # DAGs    # Errors  Last Runtime    Last Run
--------------------------------------  -----  ---------  --------  ----------  --------------  -------------------
/opt/airflow/dags/wifi_pipeline_dag.py                           1           0  0.13s           2026-09-18T15:01:57
================================================================================
[2026-09-18T15:02:56.791+0000] {manager.py:879} INFO - 
================================================================================
DAG File Processing Stats

File Path                               PID    Runtime      # DAGs    # Errors  Last Runtime    Last Run
--------------------------------------  -----  ---------  --------  ----------  --------------  -------------------
/opt/airflow/dags/wifi_pipeline_dag.py                           1           0  0.10s           2026-09-18T15:02:27
================================================================================
[2026-09-18T15:05:00.762+0000] {manager.py:469} INFO - Processing files using up to 2 processes at a time 
[2026-09-18T15:05:00.763+0000] {manager.py:470} INFO - Process each file at most once every 30 seconds
[2026-09-18T15:05:00.763+0000] {manager.py:471} INFO - Checking for new files in /opt/airflow/dags every 300 seconds
[2026-09-18T15:05:00.764+0000] {manager.py:738} INFO - Searching for files in /opt/airflow/dags
[2026-09-18T15:05:00.766+0000] {manager.py:741} INFO - There are 1 files in /opt/airflow/dags
[2026-09-18T15:05:00.869+0000] {manager.py:879} INFO - 
================================================================================
DAG File Processing Stats

File Path                                 PID  Runtime      # DAGs    # Errors  Last Runtime    Last Run
--------------------------------------  -----  ---------  --------  ----------  --------------  ----------
/opt/airflow/dags/wifi_pipeline_dag.py    174  0.05s             0           0
================================================================================
[2026-09-18T15:05:30.871+0000] {manager.py:879} INFO - 
================================================================================
DAG File Processing Stats

File Path                               PID    Runtime      # DAGs    # Errors  Last Runtime    Last Run
--------------------------------------  -----  ---------  --------  ----------  --------------  -------------------
/opt/airflow/dags/wifi_pipeline_dag.py                           1           0  0.39s           2026-09-18T15:05:01
================================================================================
[2026-09-18T15:06:00.927+0000] {manager.py:879} INFO - 
================================================================================
DAG File Processing Stats

File Path                               PID    Runtime      # DAGs    # Errors  Last Runtime    Last Run
--------------------------------------  -----  ---------  --------  ----------  --------------  -------------------
/opt/airflow/dags/wifi_pipeline_dag.py                           1           0  0.13s           2026-09-18T15:05:32
================================================================================
[2026-09-18T15:06:31.084+0000] {manager.py:879} INFO - 
================================================================================
DAG File Processing Stats

File Path                               PID    Runtime      # DAGs    # Errors  Last Runtime    Last Run
--------------------------------------  -----  ---------  --------  ----------  --------------  -------------------
/opt/airflow/dags/wifi_pipeline_dag.py                           1           0  0.12s           2026-09-18T15:06:02
================================================================================
[2026-09-18T15:07:01.136+0000] {manager.py:879} INFO - 
================================================================================
DAG File Processing Stats

File Path                               PID    Runtime      # DAGs    # Errors  Last Runtime    Last Run
--------------------------------------  -----  ---------  --------  ----------  --------------  -------------------
/opt/airflow/dags/wifi_pipeline_dag.py                           1           0  0.11s           2026-09-18T15:06:33
================================================================================
[2026-09-18T15:07:30.944+0000] {manager.py:879} INFO - 
================================================================================
DAG File Processing Stats

File Path                               PID    Runtime      # DAGs    # Errors  Last Runtime    Last Run
--------------------------------------  -----  ---------  --------  ----------  --------------  -------------------
/opt/airflow/dags/wifi_pipeline_dag.py                           1           0  0.11s           2026-09-18T15:07:04
================================================================================
[2026-09-18T15:08:00.978+0000] {manager.py:879} INFO - 
================================================================================
DAG File Processing Stats

File Path                               PID    Runtime      # DAGs    # Errors  Last Runtime    Last Run
--------------------------------------  -----  ---------  --------  ----------  --------------  -------------------
/opt/airflow/dags/wifi_pipeline_dag.py                           1           0  0.10s           2026-09-18T15:07:35
================================================================================
[2026-09-18T15:08:31.072+0000] {manager.py:879} INFO - 
================================================================================
DAG File Processing Stats

File Path                               PID    Runtime      # DAGs    # Errors  Last Runtime    Last Run
--------------------------------------  -----  ---------  --------  ----------  --------------  -------------------
/opt/airflow/dags/wifi_pipeline_dag.py                           1           0  0.11s           2026-09-18T15:08:06
================================================================================
[2026-09-18T15:09:01.191+0000] {manager.py:879} INFO - 
================================================================================
DAG File Processing Stats

File Path                               PID    Runtime      # DAGs    # Errors  Last Runtime    Last Run
--------------------------------------  -----  ---------  --------  ----------  --------------  -------------------
/opt/airflow/dags/wifi_pipeline_dag.py                           1           0  0.16s           2026-09-18T15:08:36
================================================================================
[2026-09-18T15:09:31.355+0000] {manager.py:879} INFO - 
================================================================================
DAG File Processing Stats

File Path                               PID    Runtime      # DAGs    # Errors  Last Runtime    Last Run
--------------------------------------  -----  ---------  --------  ----------  --------------  -------------------
/opt/airflow/dags/wifi_pipeline_dag.py                           1           0  0.10s           2026-09-18T15:09:06
================================================================================
[2026-09-18T15:10:01.167+0000] {manager.py:738} INFO - Searching for files in /opt/airflow/dags
[2026-09-18T15:10:01.169+0000] {manager.py:741} INFO - There are 1 files in /opt/airflow/dags
[2026-09-18T15:10:01.177+0000] {manager.py:879} INFO - 
================================================================================
DAG File Processing Stats

File Path                               PID    Runtime      # DAGs    # Errors  Last Runtime    Last Run
--------------------------------------  -----  ---------  --------  ----------  --------------  -------------------
/opt/airflow/dags/wifi_pipeline_dag.py                           1           0  0.10s           2026-09-18T15:09:36
================================================================================
[2026-09-18T15:10:31.035+0000] {manager.py:879} INFO - 
================================================================================
DAG File Processing Stats

File Path                               PID    Runtime      # DAGs    # Errors  Last Runtime    Last Run
--------------------------------------  -----  ---------  --------  ----------  --------------  -------------------
/opt/airflow/dags/wifi_pipeline_dag.py                           1           0  0.12s           2026-09-18T15:10:07
================================================================================
[2026-09-18T15:11:01.110+0000] {manager.py:879} INFO - 
================================================================================
DAG File Processing Stats

File Path                               PID    Runtime      # DAGs    # Errors  Last Runtime    Last Run
--------------------------------------  -----  ---------  --------  ----------  --------------  -------------------
/opt/airflow/dags/wifi_pipeline_dag.py                           1           0  0.11s           2026-09-18T15:10:38
================================================================================
[2026-09-18T15:11:31.261+0000] {manager.py:879} INFO - 
================================================================================
DAG File Processing Stats

File Path                               PID    Runtime      # DAGs    # Errors  Last Runtime    Last Run
--------------------------------------  -----  ---------  --------  ----------  --------------  -------------------
/opt/airflow/dags/wifi_pipeline_dag.py                           1           0  0.11s           2026-09-18T15:11:08
================================================================================
[2026-09-18T15:14:07.499+0000] {manager.py:469} INFO - Processing files using up to 2 processes at a time 
[2026-09-18T15:14:07.500+0000] {manager.py:470} INFO - Process each file at most once every 30 seconds
[2026-09-18T15:14:07.500+0000] {manager.py:471} INFO - Checking for new files in /opt/airflow/dags every 300 seconds
[2026-09-18T15:14:07.500+0000] {manager.py:738} INFO - Searching for files in /opt/airflow/dags
[2026-09-18T15:14:07.501+0000] {manager.py:741} INFO - There are 1 files in /opt/airflow/dags
[2026-09-18T15:14:07.594+0000] {manager.py:879} INFO - 
================================================================================
DAG File Processing Stats

File Path                                 PID  Runtime      # DAGs    # Errors  Last Runtime    Last Run
--------------------------------------  -----  ---------  --------  ----------  --------------  ----------
/opt/airflow/dags/wifi_pipeline_dag.py    174  0.05s             0           0
================================================================================
[2026-09-18T15:14:37.622+0000] {manager.py:879} INFO - 
================================================================================
DAG File Processing Stats

File Path                               PID    Runtime      # DAGs    # Errors  Last Runtime    Last Run
--------------------------------------  -----  ---------  --------  ----------  --------------  -------------------
/opt/airflow/dags/wifi_pipeline_dag.py                           1           0  0.38s           2026-09-18T15:14:07
================================================================================
[2026-09-18T15:15:07.930+0000] {manager.py:879} INFO - 
================================================================================
DAG File Processing Stats

File Path                               PID    Runtime      # DAGs    # Errors  Last Runtime    Last Run
--------------------------------------  -----  ---------  --------  ----------  --------------  -------------------
/opt/airflow/dags/wifi_pipeline_dag.py                           1           0  0.12s           2026-09-18T15:14:38
================================================================================
[2026-09-18T15:15:38.046+0000] {manager.py:879} INFO - 
================================================================================
DAG File Processing Stats

File Path                               PID    Runtime      # DAGs    # Errors  Last Runtime    Last Run
--------------------------------------  -----  ---------  --------  ----------  --------------  -------------------
/opt/airflow/dags/wifi_pipeline_dag.py                           1           0  0.15s           2026-09-18T15:15:09
================================================================================
[2026-09-18T15:16:08.116+0000] {manager.py:879} INFO - 
================================================================================
DAG File Processing Stats

File Path                               PID    Runtime      # DAGs    # Errors  Last Runtime    Last Run
--------------------------------------  -----  ---------  --------  ----------  --------------  -------------------
/opt/airflow/dags/wifi_pipeline_dag.py                           1           0  0.13s           2026-09-18T15:15:39
================================================================================
[2026-09-18T15:16:38.238+0000] {manager.py:879} INFO - 
================================================================================
DAG File Processing Stats

File Path                               PID    Runtime      # DAGs    # Errors  Last Runtime    Last Run
--------------------------------------  -----  ---------  --------  ----------  --------------  -------------------
/opt/airflow/dags/wifi_pipeline_dag.py                           1           0  0.11s           2026-09-18T15:16:10
================================================================================
[2026-09-18T15:17:08.234+0000] {manager.py:879} INFO - 
================================================================================
DAG File Processing Stats

File Path                               PID    Runtime      # DAGs    # Errors  Last Runtime    Last Run
--------------------------------------  -----  ---------  --------  ----------  --------------  -------------------
/opt/airflow/dags/wifi_pipeline_dag.py                           1           0  0.12s           2026-09-18T15:16:40
================================================================================
[2026-09-18T15:17:38.366+0000] {manager.py:879} INFO - 
================================================================================
DAG File Processing Stats

File Path                               PID    Runtime      # DAGs    # Errors  Last Runtime    Last Run
--------------------------------------  -----  ---------  --------  ----------  --------------  -------------------
/opt/airflow/dags/wifi_pipeline_dag.py                           1           0  0.19s           2026-09-18T15:17:11
================================================================================
[2026-09-18T15:18:08.495+0000] {manager.py:879} INFO - 
================================================================================
DAG File Processing Stats

File Path                               PID    Runtime      # DAGs    # Errors  Last Runtime    Last Run
--------------------------------------  -----  ---------  --------  ----------  --------------  -------------------
/opt/airflow/dags/wifi_pipeline_dag.py                           1           0  0.14s           2026-09-18T15:17:41
================================================================================
[2026-09-18T15:18:38.307+0000] {manager.py:879} INFO - 
================================================================================
DAG File Processing Stats

File Path                               PID    Runtime      # DAGs    # Errors  Last Runtime    Last Run
--------------------------------------  -----  ---------  --------  ----------  --------------  -------------------
/opt/airflow/dags/wifi_pipeline_dag.py                           1           0  0.10s           2026-09-18T15:18:12
================================================================================
[2026-09-18T15:19:08.371+0000] {manager.py:738} INFO - Searching for files in /opt/airflow/dags
[2026-09-18T15:19:08.373+0000] {manager.py:741} INFO - There are 1 files in /opt/airflow/dags
[2026-09-18T15:19:08.382+0000] {manager.py:879} INFO - 
================================================================================
DAG File Processing Stats

File Path                               PID    Runtime      # DAGs    # Errors  Last Runtime    Last Run
--------------------------------------  -----  ---------  --------  ----------  --------------  -------------------
/opt/airflow/dags/wifi_pipeline_dag.py                           1           0  0.10s           2026-09-18T15:18:42
================================================================================
[2026-09-18T15:20:35.985+0000] {manager.py:469} INFO - Processing files using up to 2 processes at a time 
[2026-09-18T15:20:35.987+0000] {manager.py:470} INFO - Process each file at most once every 30 seconds
[2026-09-18T15:20:35.987+0000] {manager.py:471} INFO - Checking for new files in /opt/airflow/dags every 300 seconds
[2026-09-18T15:20:35.988+0000] {manager.py:738} INFO - Searching for files in /opt/airflow/dags
[2026-09-18T15:20:35.990+0000] {manager.py:741} INFO - There are 1 files in /opt/airflow/dags
[2026-09-18T15:20:36.098+0000] {manager.py:879} INFO - 
================================================================================
DAG File Processing Stats

File Path                                 PID  Runtime      # DAGs    # Errors  Last Runtime    Last Run
--------------------------------------  -----  ---------  --------  ----------  --------------  ----------
/opt/airflow/dags/wifi_pipeline_dag.py    174  0.05s             0           0
================================================================================
[2026-09-18T15:21:05.871+0000] {manager.py:879} INFO - 
================================================================================
DAG File Processing Stats

File Path                               PID    Runtime      # DAGs    # Errors  Last Runtime    Last Run
--------------------------------------  -----  ---------  --------  ----------  --------------  -------------------
/opt/airflow/dags/wifi_pipeline_dag.py                           1           0  0.38s           2026-09-18T15:20:36
================================================================================
[2026-09-18T15:21:35.913+0000] {manager.py:879} INFO - 
================================================================================
DAG File Processing Stats

File Path                               PID    Runtime      # DAGs    # Errors  Last Runtime    Last Run
--------------------------------------  -----  ---------  --------  ----------  --------------  -------------------
/opt/airflow/dags/wifi_pipeline_dag.py                           1           0  0.14s           2026-09-18T15:21:07
================================================================================
[2026-09-18T15:22:06.077+0000] {manager.py:879} INFO - 
================================================================================
DAG File Processing Stats

File Path                               PID    Runtime      # DAGs    # Errors  Last Runtime    Last Run
--------------------------------------  -----  ---------  --------  ----------  --------------  -------------------
/opt/airflow/dags/wifi_pipeline_dag.py                           1           0  0.10s           2026-09-18T15:21:37
================================================================================
[2026-09-18T15:22:36.189+0000] {manager.py:879} INFO - 
================================================================================
DAG File Processing Stats

File Path                               PID    Runtime      # DAGs    # Errors  Last Runtime    Last Run
--------------------------------------  -----  ---------  --------  ----------  --------------  -------------------
/opt/airflow/dags/wifi_pipeline_dag.py                           1           0  0.12s           2026-09-18T15:22:07
================================================================================
[2026-09-18T15:23:06.303+0000] {manager.py:879} INFO - 
================================================================================
DAG File Processing Stats

File Path                               PID    Runtime      # DAGs    # Errors  Last Runtime    Last Run
--------------------------------------  -----  ---------  --------  ----------  --------------  -------------------
/opt/airflow/dags/wifi_pipeline_dag.py                           1           0  0.14s           2026-09-18T15:22:37
================================================================================
[2026-09-18T15:23:36.130+0000] {manager.py:879} INFO - 
================================================================================
DAG File Processing Stats

File Path                               PID    Runtime      # DAGs    # Errors  Last Runtime    Last Run
--------------------------------------  -----  ---------  --------  ----------  --------------  -------------------
/opt/airflow/dags/wifi_pipeline_dag.py                           1           0  0.11s           2026-09-18T15:23:07
================================================================================
[2026-09-18T15:24:06.293+0000] {manager.py:879} INFO - 
================================================================================
DAG File Processing Stats

File Path                               PID    Runtime      # DAGs    # Errors  Last Runtime    Last Run
--------------------------------------  -----  ---------  --------  ----------  --------------  -------------------
/opt/airflow/dags/wifi_pipeline_dag.py                           1           0  0.12s           2026-09-18T15:23:38
================================================================================
[2026-09-18T15:24:36.069+0000] {manager.py:879} INFO - 
================================================================================
DAG File Processing Stats

File Path                               PID    Runtime      # DAGs    # Errors  Last Runtime    Last Run
--------------------------------------  -----  ---------  --------  ----------  --------------  -------------------
/opt/airflow/dags/wifi_pipeline_dag.py                           1           0  0.16s           2026-09-18T15:24:08
================================================================================
[2026-09-18T15:25:05.801+0000] {manager.py:879} INFO - 
================================================================================
DAG File Processing Stats

File Path                               PID    Runtime      # DAGs    # Errors  Last Runtime    Last Run
--------------------------------------  -----  ---------  --------  ----------  --------------  -------------------
/opt/airflow/dags/wifi_pipeline_dag.py                           1           0  0.11s           2026-09-18T15:24:39
================================================================================
[2026-09-18T15:25:35.964+0000] {manager.py:879} INFO - 
================================================================================
DAG File Processing Stats

File Path                               PID    Runtime      # DAGs    # Errors  Last Runtime    Last Run
--------------------------------------  -----  ---------  --------  ----------  --------------  -------------------
/opt/airflow/dags/wifi_pipeline_dag.py                           1           0  0.10s           2026-09-18T15:25:09
================================================================================
[2026-09-18T15:25:36.968+0000] {manager.py:738} INFO - Searching for files in /opt/airflow/dags
[2026-09-18T15:25:36.970+0000] {manager.py:741} INFO - There are 1 files in /opt/airflow/dags
[2026-09-18T15:26:05.714+0000] {manager.py:879} INFO - 
================================================================================
DAG File Processing Stats

File Path                               PID    Runtime      # DAGs    # Errors  Last Runtime    Last Run
--------------------------------------  -----  ---------  --------  ----------  --------------  -------------------
/opt/airflow/dags/wifi_pipeline_dag.py                           1           0  0.10s           2026-09-18T15:25:40
================================================================================
[2026-09-18T15:26:35.711+0000] {manager.py:879} INFO - 
================================================================================
DAG File Processing Stats

File Path                               PID    Runtime      # DAGs    # Errors  Last Runtime    Last Run
--------------------------------------  -----  ---------  --------  ----------  --------------  -------------------
/opt/airflow/dags/wifi_pipeline_dag.py                           1           0  0.10s           2026-09-18T15:26:10
================================================================================
[2026-09-18T15:27:05.850+0000] {manager.py:879} INFO - 
================================================================================
DAG File Processing Stats

File Path                               PID    Runtime      # DAGs    # Errors  Last Runtime    Last Run
--------------------------------------  -----  ---------  --------  ----------  --------------  -------------------
/opt/airflow/dags/wifi_pipeline_dag.py                           1           0  0.11s           2026-09-18T15:26:41
================================================================================
[2026-09-18T15:27:35.850+0000] {manager.py:879} INFO - 
================================================================================
DAG File Processing Stats

File Path                               PID    Runtime      # DAGs    # Errors  Last Runtime    Last Run
--------------------------------------  -----  ---------  --------  ----------  --------------  -------------------
/opt/airflow/dags/wifi_pipeline_dag.py                           1           0  0.10s           2026-09-18T15:27:11
================================================================================
[2026-09-18T15:28:06.010+0000] {manager.py:879} INFO - 
================================================================================
DAG File Processing Stats

File Path                               PID    Runtime      # DAGs    # Errors  Last Runtime    Last Run
--------------------------------------  -----  ---------  --------  ----------  --------------  -------------------
/opt/airflow/dags/wifi_pipeline_dag.py                           1           0  0.17s           2026-09-18T15:27:43
================================================================================
[2026-09-18T15:28:36.105+0000] {manager.py:879} INFO - 
================================================================================
DAG File Processing Stats

File Path                               PID    Runtime      # DAGs    # Errors  Last Runtime    Last Run
--------------------------------------  -----  ---------  --------  ----------  --------------  -------------------
/opt/airflow/dags/wifi_pipeline_dag.py                           1           0  0.14s           2026-09-18T15:28:13
================================================================================
[2026-09-18T15:29:06.226+0000] {manager.py:879} INFO - 
================================================================================
DAG File Processing Stats

File Path                               PID    Runtime      # DAGs    # Errors  Last Runtime    Last Run
--------------------------------------  -----  ---------  --------  ----------  --------------  -------------------
/opt/airflow/dags/wifi_pipeline_dag.py                           1           0  0.14s           2026-09-18T15:28:43
================================================================================
[2026-09-18T15:29:36.366+0000] {manager.py:879} INFO - 
================================================================================
DAG File Processing Stats

File Path                               PID    Runtime      # DAGs    # Errors  Last Runtime    Last Run
--------------------------------------  -----  ---------  --------  ----------  --------------  -------------------
/opt/airflow/dags/wifi_pipeline_dag.py                           1           0  0.15s           2026-09-18T15:29:14
================================================================================
[2026-09-18T15:30:06.453+0000] {manager.py:879} INFO - 
================================================================================
DAG File Processing Stats

File Path                               PID    Runtime      # DAGs    # Errors  Last Runtime    Last Run
--------------------------------------  -----  ---------  --------  ----------  --------------  -------------------
/opt/airflow/dags/wifi_pipeline_dag.py                           1           0  0.15s           2026-09-18T15:29:45
================================================================================
[2026-09-18T15:30:36.548+0000] {manager.py:879} INFO - 
================================================================================
DAG File Processing Stats

File Path                               PID    Runtime      # DAGs    # Errors  Last Runtime    Last Run
--------------------------------------  -----  ---------  --------  ----------  --------------  -------------------
/opt/airflow/dags/wifi_pipeline_dag.py                           1           0  0.12s           2026-09-18T15:30:16
================================================================================
[2026-09-18T15:30:37.553+0000] {manager.py:738} INFO - Searching for files in /opt/airflow/dags
[2026-09-18T15:30:37.555+0000] {manager.py:741} INFO - There are 1 files in /opt/airflow/dags
[2026-09-18T15:31:06.574+0000] {manager.py:879} INFO - 
================================================================================
DAG File Processing Stats

File Path                               PID    Runtime      # DAGs    # Errors  Last Runtime    Last Run
--------------------------------------  -----  ---------  --------  ----------  --------------  -------------------
/opt/airflow/dags/wifi_pipeline_dag.py                           1           0  0.14s           2026-09-18T15:30:47
================================================================================
[2026-09-18T15:31:36.693+0000] {manager.py:879} INFO - 
================================================================================
DAG File Processing Stats

File Path                               PID    Runtime      # DAGs    # Errors  Last Runtime    Last Run
--------------------------------------  -----  ---------  --------  ----------  --------------  -------------------
/opt/airflow/dags/wifi_pipeline_dag.py                           1           0  0.11s           2026-09-18T15:31:18
================================================================================
[2026-09-18T15:34:41.655+0000] {manager.py:469} INFO - Processing files using up to 2 processes at a time 
[2026-09-18T15:34:41.656+0000] {manager.py:470} INFO - Process each file at most once every 30 seconds
[2026-09-18T15:34:41.656+0000] {manager.py:471} INFO - Checking for new files in /opt/airflow/dags every 300 seconds
[2026-09-18T15:34:41.657+0000] {manager.py:738} INFO - Searching for files in /opt/airflow/dags
[2026-09-18T15:34:41.658+0000] {manager.py:741} INFO - There are 1 files in /opt/airflow/dags
[2026-09-18T15:34:41.761+0000] {manager.py:879} INFO - 
================================================================================
DAG File Processing Stats

File Path                                 PID  Runtime      # DAGs    # Errors  Last Runtime    Last Run
--------------------------------------  -----  ---------  --------  ----------  --------------  ----------
/opt/airflow/dags/wifi_pipeline_dag.py    174  0.05s             0           0
================================================================================
[2026-09-18T15:35:11.755+0000] {manager.py:879} INFO - 
================================================================================
DAG File Processing Stats

File Path                               PID    Runtime      # DAGs    # Errors  Last Runtime    Last Run
--------------------------------------  -----  ---------  --------  ----------  --------------  -------------------
/opt/airflow/dags/wifi_pipeline_dag.py                           1           0  0.44s           2026-09-18T15:34:42
================================================================================
[2026-09-18T15:35:41.814+0000] {manager.py:879} INFO - 
================================================================================
DAG File Processing Stats

File Path                               PID    Runtime      # DAGs    # Errors  Last Runtime    Last Run
--------------------------------------  -----  ---------  --------  ----------  --------------  -------------------
/opt/airflow/dags/wifi_pipeline_dag.py                           1           0  0.13s           2026-09-18T15:35:12
================================================================================
[2026-09-18T15:36:11.942+0000] {manager.py:879} INFO - 
================================================================================
DAG File Processing Stats

File Path                               PID    Runtime      # DAGs    # Errors  Last Runtime    Last Run
--------------------------------------  -----  ---------  --------  ----------  --------------  -------------------
/opt/airflow/dags/wifi_pipeline_dag.py                           1           0  0.12s           2026-09-18T15:35:43
================================================================================
[2026-09-18T15:36:41.981+0000] {manager.py:879} INFO - 
================================================================================
DAG File Processing Stats

File Path                               PID    Runtime      # DAGs    # Errors  Last Runtime    Last Run
--------------------------------------  -----  ---------  --------  ----------  --------------  -------------------
/opt/airflow/dags/wifi_pipeline_dag.py                           1           0  0.16s           2026-09-18T15:36:14
================================================================================
[2026-09-18T15:37:12.117+0000] {manager.py:879} INFO - 
================================================================================
DAG File Processing Stats

File Path                               PID    Runtime      # DAGs    # Errors  Last Runtime    Last Run
--------------------------------------  -----  ---------  --------  ----------  --------------  -------------------
/opt/airflow/dags/wifi_pipeline_dag.py                           1           0  0.12s           2026-09-18T15:36:45
================================================================================
[2026-09-18T15:37:42.170+0000] {manager.py:879} INFO - 
================================================================================
DAG File Processing Stats

File Path                               PID    Runtime      # DAGs    # Errors  Last Runtime    Last Run
--------------------------------------  -----  ---------  --------  ----------  --------------  -------------------
/opt/airflow/dags/wifi_pipeline_dag.py                           1           0  0.11s           2026-09-18T15:37:15
================================================================================
[2026-09-18T15:38:12.246+0000] {manager.py:879} INFO - 
================================================================================
DAG File Processing Stats

File Path                               PID    Runtime      # DAGs    # Errors  Last Runtime    Last Run
--------------------------------------  -----  ---------  --------  ----------  --------------  -------------------
/opt/airflow/dags/wifi_pipeline_dag.py                           1           0  0.11s           2026-09-18T15:37:46
================================================================================
[2026-09-18T15:38:42.316+0000] {manager.py:879} INFO - 
================================================================================
DAG File Processing Stats

File Path                               PID    Runtime      # DAGs    # Errors  Last Runtime    Last Run
--------------------------------------  -----  ---------  --------  ----------  --------------  -------------------
/opt/airflow/dags/wifi_pipeline_dag.py                           1           0  0.14s           2026-09-18T15:38:17
================================================================================
[2026-09-18T15:39:12.409+0000] {manager.py:879} INFO - 
================================================================================
DAG File Processing Stats

File Path                               PID    Runtime      # DAGs    # Errors  Last Runtime    Last Run
--------------------------------------  -----  ---------  --------  ----------  --------------  -------------------
/opt/airflow/dags/wifi_pipeline_dag.py                           1           0  0.10s           2026-09-18T15:38:48
================================================================================
[2026-09-18T15:39:42.446+0000] {manager.py:738} INFO - Searching for files in /opt/airflow/dags
[2026-09-18T15:39:42.447+0000] {manager.py:741} INFO - There are 1 files in /opt/airflow/dags
[2026-09-18T15:39:42.463+0000] {manager.py:879} INFO - 
================================================================================
DAG File Processing Stats

File Path                               PID    Runtime      # DAGs    # Errors  Last Runtime    Last Run
--------------------------------------  -----  ---------  --------  ----------  --------------  -------------------
/opt/airflow/dags/wifi_pipeline_dag.py                           1           0  0.13s           2026-09-18T15:39:19
================================================================================
[2026-09-18T15:40:12.520+0000] {manager.py:879} INFO - 
================================================================================
DAG File Processing Stats

File Path                               PID    Runtime      # DAGs    # Errors  Last Runtime    Last Run
--------------------------------------  -----  ---------  --------  ----------  --------------  -------------------
/opt/airflow/dags/wifi_pipeline_dag.py                           1           0  0.12s           2026-09-18T15:39:50
================================================================================
[2026-09-18T15:40:42.567+0000] {manager.py:879} INFO - 
================================================================================
DAG File Processing Stats

File Path                               PID    Runtime      # DAGs    # Errors  Last Runtime    Last Run
--------------------------------------  -----  ---------  --------  ----------  --------------  -------------------
/opt/airflow/dags/wifi_pipeline_dag.py                           1           0  0.14s           2026-09-18T15:40:21
================================================================================
[2026-09-18T15:41:12.644+0000] {manager.py:879} INFO - 
================================================================================
DAG File Processing Stats

File Path                               PID    Runtime      # DAGs    # Errors  Last Runtime    Last Run
--------------------------------------  -----  ---------  --------  ----------  --------------  -------------------
/opt/airflow/dags/wifi_pipeline_dag.py                           1           0  0.13s           2026-09-18T15:40:52
================================================================================
[2026-09-18T15:42:11.747+0000] {manager.py:469} INFO - Processing files using up to 2 processes at a time 
[2026-09-18T15:42:11.748+0000] {manager.py:470} INFO - Process each file at most once every 30 seconds
[2026-09-18T15:42:11.749+0000] {manager.py:471} INFO - Checking for new files in /opt/airflow/dags every 300 seconds
[2026-09-18T15:42:11.749+0000] {manager.py:738} INFO - Searching for files in /opt/airflow/dags
[2026-09-18T15:42:11.751+0000] {manager.py:741} INFO - There are 1 files in /opt/airflow/dags
[2026-09-18T15:42:11.849+0000] {manager.py:879} INFO - 
================================================================================
DAG File Processing Stats

File Path                                 PID  Runtime      # DAGs    # Errors  Last Runtime    Last Run
--------------------------------------  -----  ---------  --------  ----------  --------------  ----------
/opt/airflow/dags/wifi_pipeline_dag.py    174  0.05s             0           0
================================================================================
[2026-09-18T15:42:41.848+0000] {manager.py:879} INFO - 
================================================================================
DAG File Processing Stats

File Path                               PID    Runtime      # DAGs    # Errors  Last Runtime    Last Run
--------------------------------------  -----  ---------  --------  ----------  --------------  -------------------
/opt/airflow/dags/wifi_pipeline_dag.py                           1           0  0.15s           2026-09-18T15:42:11
================================================================================
[2026-09-18T15:43:11.930+0000] {manager.py:879} INFO - 
================================================================================
DAG File Processing Stats

File Path                               PID    Runtime      # DAGs    # Errors  Last Runtime    Last Run
--------------------------------------  -----  ---------  --------  ----------  --------------  -------------------
/opt/airflow/dags/wifi_pipeline_dag.py                           1           0  0.29s           2026-09-18T15:42:43
================================================================================
[2026-09-18T15:43:41.957+0000] {manager.py:879} INFO - 
================================================================================
DAG File Processing Stats

File Path                               PID    Runtime      # DAGs    # Errors  Last Runtime    Last Run
--------------------------------------  -----  ---------  --------  ----------  --------------  -------------------
/opt/airflow/dags/wifi_pipeline_dag.py                           1           0  0.12s           2026-09-18T15:43:14
================================================================================
[2026-09-18T15:44:12.019+0000] {manager.py:879} INFO - 
================================================================================
DAG File Processing Stats

File Path                               PID    Runtime      # DAGs    # Errors  Last Runtime    Last Run
--------------------------------------  -----  ---------  --------  ----------  --------------  -------------------
/opt/airflow/dags/wifi_pipeline_dag.py                           1           0  0.14s           2026-09-18T15:43:45
================================================================================
[2026-09-18T15:44:42.083+0000] {manager.py:879} INFO - 
================================================================================
DAG File Processing Stats

File Path                               PID    Runtime      # DAGs    # Errors  Last Runtime    Last Run
--------------------------------------  -----  ---------  --------  ----------  --------------  -------------------
/opt/airflow/dags/wifi_pipeline_dag.py                           1           0  0.11s           2026-09-18T15:44:16
================================================================================
[2026-09-18T15:45:12.119+0000] {manager.py:879} INFO - 
================================================================================
DAG File Processing Stats

File Path                               PID    Runtime      # DAGs    # Errors  Last Runtime    Last Run
--------------------------------------  -----  ---------  --------  ----------  --------------  -------------------
/opt/airflow/dags/wifi_pipeline_dag.py                           1           0  0.13s           2026-09-18T15:44:47
================================================================================
[2026-09-18T15:45:42.220+0000] {manager.py:879} INFO - 
================================================================================
DAG File Processing Stats

File Path                               PID    Runtime      # DAGs    # Errors  Last Runtime    Last Run
--------------------------------------  -----  ---------  --------  ----------  --------------  -------------------
/opt/airflow/dags/wifi_pipeline_dag.py                           1           0  0.12s           2026-09-18T15:45:18
================================================================================
[2026-09-18T15:46:12.273+0000] {manager.py:879} INFO - 
================================================================================
DAG File Processing Stats

File Path                               PID    Runtime      # DAGs    # Errors  Last Runtime    Last Run
--------------------------------------  -----  ---------  --------  ----------  --------------  -------------------
/opt/airflow/dags/wifi_pipeline_dag.py                           1           0  0.11s           2026-09-18T15:45:49
================================================================================
[2026-09-18T15:46:42.353+0000] {manager.py:879} INFO - 
================================================================================
DAG File Processing Stats

File Path                               PID    Runtime      # DAGs    # Errors  Last Runtime    Last Run
--------------------------------------  -----  ---------  --------  ----------  --------------  -------------------
/opt/airflow/dags/wifi_pipeline_dag.py                           1           0  0.10s           2026-09-18T15:46:20
================================================================================
[2026-09-18T15:47:41.395+0000] {manager.py:469} INFO - Processing files using up to 2 processes at a time 
[2026-09-18T15:47:41.397+0000] {manager.py:470} INFO - Process each file at most once every 30 seconds
[2026-09-18T15:47:41.397+0000] {manager.py:471} INFO - Checking for new files in /opt/airflow/dags every 300 seconds
[2026-09-18T15:47:41.398+0000] {manager.py:738} INFO - Searching for files in /opt/airflow/dags
[2026-09-18T15:47:41.400+0000] {manager.py:741} INFO - There are 1 files in /opt/airflow/dags
[2026-09-18T15:47:41.528+0000] {manager.py:879} INFO - 
================================================================================
DAG File Processing Stats

File Path                                 PID  Runtime      # DAGs    # Errors  Last Runtime    Last Run
--------------------------------------  -----  ---------  --------  ----------  --------------  ----------
/opt/airflow/dags/wifi_pipeline_dag.py    174  0.06s             0           0
================================================================================
[2026-09-18T15:48:11.518+0000] {manager.py:879} INFO - 
================================================================================
DAG File Processing Stats

File Path                               PID    Runtime      # DAGs    # Errors  Last Runtime    Last Run
--------------------------------------  -----  ---------  --------  ----------  --------------  -------------------
/opt/airflow/dags/wifi_pipeline_dag.py                           1           0  0.39s           2026-09-18T15:47:41
================================================================================
[2026-09-18T15:48:41.564+0000] {manager.py:879} INFO - 
================================================================================
DAG File Processing Stats

File Path                               PID    Runtime      # DAGs    # Errors  Last Runtime    Last Run
--------------------------------------  -----  ---------  --------  ----------  --------------  -------------------
/opt/airflow/dags/wifi_pipeline_dag.py                           1           0  0.11s           2026-09-18T15:48:12
================================================================================
[2026-09-18T15:49:11.637+0000] {manager.py:879} INFO - 
================================================================================
DAG File Processing Stats

File Path                               PID    Runtime      # DAGs    # Errors  Last Runtime    Last Run
--------------------------------------  -----  ---------  --------  ----------  --------------  -------------------
/opt/airflow/dags/wifi_pipeline_dag.py                           1           0  0.12s           2026-09-18T15:48:43
================================================================================
[2026-09-18T15:49:41.721+0000] {manager.py:879} INFO - 
================================================================================
DAG File Processing Stats

File Path                               PID    Runtime      # DAGs    # Errors  Last Runtime    Last Run
--------------------------------------  -----  ---------  --------  ----------  --------------  -------------------
/opt/airflow/dags/wifi_pipeline_dag.py                           1           0  0.16s           2026-09-18T15:49:14
================================================================================
[2026-09-18T15:50:11.830+0000] {manager.py:879} INFO - 
================================================================================
DAG File Processing Stats

File Path                               PID    Runtime      # DAGs    # Errors  Last Runtime    Last Run
--------------------------------------  -----  ---------  --------  ----------  --------------  -------------------
/opt/airflow/dags/wifi_pipeline_dag.py                           1           0  0.10s           2026-09-18T15:49:45
================================================================================
[2026-09-18T15:50:41.835+0000] {manager.py:879} INFO - 
================================================================================
DAG File Processing Stats

File Path                               PID    Runtime      # DAGs    # Errors  Last Runtime    Last Run
--------------------------------------  -----  ---------  --------  ----------  --------------  -------------------
/opt/airflow/dags/wifi_pipeline_dag.py                           1           0  0.17s           2026-09-18T15:50:17
================================================================================
[2026-09-18T15:51:11.830+0000] {manager.py:879} INFO - 
================================================================================
DAG File Processing Stats

File Path                               PID    Runtime      # DAGs    # Errors  Last Runtime    Last Run
--------------------------------------  -----  ---------  --------  ----------  --------------  -------------------
/opt/airflow/dags/wifi_pipeline_dag.py                           1           0  0.12s           2026-09-18T15:50:47
================================================================================
[2026-09-18T15:51:41.945+0000] {manager.py:879} INFO - 
================================================================================
DAG File Processing Stats

File Path                               PID    Runtime      # DAGs    # Errors  Last Runtime    Last Run
--------------------------------------  -----  ---------  --------  ----------  --------------  -------------------
/opt/airflow/dags/wifi_pipeline_dag.py                           1           0  0.09s           2026-09-18T15:51:18
================================================================================
[2026-09-18T15:52:11.976+0000] {manager.py:879} INFO - 
================================================================================
DAG File Processing Stats

File Path                               PID    Runtime      # DAGs    # Errors  Last Runtime    Last Run
--------------------------------------  -----  ---------  --------  ----------  --------------  -------------------
/opt/airflow/dags/wifi_pipeline_dag.py                           1           0  0.10s           2026-09-18T15:51:48
================================================================================
[2026-09-18T15:52:42.034+0000] {manager.py:738} INFO - Searching for files in /opt/airflow/dags
[2026-09-18T15:52:42.035+0000] {manager.py:741} INFO - There are 1 files in /opt/airflow/dags
[2026-09-18T15:52:42.042+0000] {manager.py:879} INFO - 
================================================================================
DAG File Processing Stats

File Path                               PID    Runtime      # DAGs    # Errors  Last Runtime    Last Run
--------------------------------------  -----  ---------  --------  ----------  --------------  -------------------
/opt/airflow/dags/wifi_pipeline_dag.py                           1           0  0.10s           2026-09-18T15:52:19
================================================================================
[2026-09-18T15:53:12.075+0000] {manager.py:879} INFO - 
================================================================================
DAG File Processing Stats

File Path                               PID    Runtime      # DAGs    # Errors  Last Runtime    Last Run
--------------------------------------  -----  ---------  --------  ----------  --------------  -------------------
/opt/airflow/dags/wifi_pipeline_dag.py                           1           0  0.11s           2026-09-18T15:52:51
================================================================================
[2026-09-18T15:53:42.158+0000] {manager.py:879} INFO - 
================================================================================
DAG File Processing Stats

File Path                               PID    Runtime      # DAGs    # Errors  Last Runtime    Last Run
--------------------------------------  -----  ---------  --------  ----------  --------------  -------------------
/opt/airflow/dags/wifi_pipeline_dag.py                           1           0  0.11s           2026-09-18T15:53:22
================================================================================
[2026-09-18T15:54:12.153+0000] {manager.py:879} INFO - 
================================================================================
DAG File Processing Stats

File Path                               PID    Runtime      # DAGs    # Errors  Last Runtime    Last Run
--------------------------------------  -----  ---------  --------  ----------  --------------  -------------------
/opt/airflow/dags/wifi_pipeline_dag.py                           1           0  0.12s           2026-09-18T15:53:53
================================================================================
[2026-09-18T15:54:42.210+0000] {manager.py:879} INFO - 
================================================================================
DAG File Processing Stats

File Path                               PID    Runtime      # DAGs    # Errors  Last Runtime    Last Run
--------------------------------------  -----  ---------  --------  ----------  --------------  -------------------
/opt/airflow/dags/wifi_pipeline_dag.py                           1           0  0.11s           2026-09-18T15:54:24
================================================================================
[2026-09-18T15:55:12.267+0000] {manager.py:879} INFO - 
================================================================================
DAG File Processing Stats

File Path                               PID    Runtime      # DAGs    # Errors  Last Runtime    Last Run
--------------------------------------  -----  ---------  --------  ----------  --------------  -------------------
/opt/airflow/dags/wifi_pipeline_dag.py                           1           0  0.11s           2026-09-18T15:54:55
================================================================================
[2026-09-18T15:55:42.329+0000] {manager.py:879} INFO - 
================================================================================
DAG File Processing Stats

File Path                               PID    Runtime      # DAGs    # Errors  Last Runtime    Last Run
--------------------------------------  -----  ---------  --------  ----------  --------------  -------------------
/opt/airflow/dags/wifi_pipeline_dag.py                           1           0  0.12s           2026-09-18T15:55:26
================================================================================
[2026-09-18T15:56:12.395+0000] {manager.py:879} INFO - 
================================================================================
DAG File Processing Stats

File Path                               PID    Runtime      # DAGs    # Errors  Last Runtime    Last Run
--------------------------------------  -----  ---------  --------  ----------  --------------  -------------------
/opt/airflow/dags/wifi_pipeline_dag.py                           1           0  0.12s           2026-09-18T15:55:57
================================================================================
[2026-09-18T15:56:42.435+0000] {manager.py:879} INFO - 
================================================================================
DAG File Processing Stats

File Path                               PID    Runtime      # DAGs    # Errors  Last Runtime    Last Run
--------------------------------------  -----  ---------  --------  ----------  --------------  -------------------
/opt/airflow/dags/wifi_pipeline_dag.py                           1           0  0.14s           2026-09-18T15:56:28
================================================================================
[2026-09-18T15:57:12.527+0000] {manager.py:879} INFO - 
================================================================================
DAG File Processing Stats

File Path                               PID    Runtime      # DAGs    # Errors  Last Runtime    Last Run
--------------------------------------  -----  ---------  --------  ----------  --------------  -------------------
/opt/airflow/dags/wifi_pipeline_dag.py                           1           0  0.17s           2026-09-18T15:56:59
================================================================================
[2026-09-18T15:57:42.598+0000] {manager.py:738} INFO - Searching for files in /opt/airflow/dags
[2026-09-18T15:57:42.600+0000] {manager.py:741} INFO - There are 1 files in /opt/airflow/dags
[2026-09-18T15:57:42.609+0000] {manager.py:879} INFO - 
================================================================================
DAG File Processing Stats

File Path                               PID    Runtime      # DAGs    # Errors  Last Runtime    Last Run
--------------------------------------  -----  ---------  --------  ----------  --------------  -------------------
/opt/airflow/dags/wifi_pipeline_dag.py                           1           0  0.13s           2026-09-18T15:57:30
================================================================================
[2026-09-18T15:58:12.645+0000] {manager.py:879} INFO - 
================================================================================
DAG File Processing Stats

File Path                               PID    Runtime      # DAGs    # Errors  Last Runtime    Last Run
--------------------------------------  -----  ---------  --------  ----------  --------------  -------------------
/opt/airflow/dags/wifi_pipeline_dag.py                           1           0  0.13s           2026-09-18T15:58:01
================================================================================
[2026-09-18T15:58:42.721+0000] {manager.py:879} INFO - 
================================================================================
DAG File Processing Stats

File Path                               PID    Runtime      # DAGs    # Errors  Last Runtime    Last Run
--------------------------------------  -----  ---------  --------  ----------  --------------  -------------------
/opt/airflow/dags/wifi_pipeline_dag.py                           1           0  0.12s           2026-09-18T15:58:32
================================================================================
[2026-09-18T15:59:22.065+0000] {manager.py:469} INFO - Processing files using up to 2 processes at a time 
[2026-09-18T15:59:22.067+0000] {manager.py:470} INFO - Process each file at most once every 30 seconds
[2026-09-18T15:59:22.067+0000] {manager.py:471} INFO - Checking for new files in /opt/airflow/dags every 300 seconds
[2026-09-18T15:59:22.067+0000] {manager.py:738} INFO - Searching for files in /opt/airflow/dags
[2026-09-18T15:59:22.069+0000] {manager.py:741} INFO - There are 1 files in /opt/airflow/dags
[2026-09-18T15:59:22.186+0000] {manager.py:879} INFO - 
================================================================================
DAG File Processing Stats

File Path                                 PID  Runtime      # DAGs    # Errors  Last Runtime    Last Run
--------------------------------------  -----  ---------  --------  ----------  --------------  ----------
/opt/airflow/dags/wifi_pipeline_dag.py    174  0.05s             0           0
================================================================================
[2026-09-18T15:59:52.212+0000] {manager.py:879} INFO - 
================================================================================
DAG File Processing Stats

File Path                               PID    Runtime      # DAGs    # Errors  Last Runtime    Last Run
--------------------------------------  -----  ---------  --------  ----------  --------------  -------------------
/opt/airflow/dags/wifi_pipeline_dag.py                           1           0  0.13s           2026-09-18T15:59:22
================================================================================
[2026-09-18T16:00:22.257+0000] {manager.py:879} INFO - 
================================================================================
DAG File Processing Stats

File Path                               PID    Runtime      # DAGs    # Errors  Last Runtime    Last Run
--------------------------------------  -----  ---------  --------  ----------  --------------  -------------------
/opt/airflow/dags/wifi_pipeline_dag.py                           1           0  0.30s           2026-09-18T15:59:53
================================================================================
[2026-09-18T16:00:52.266+0000] {manager.py:879} INFO - 
================================================================================
DAG File Processing Stats

File Path                               PID    Runtime      # DAGs    # Errors  Last Runtime    Last Run
--------------------------------------  -----  ---------  --------  ----------  --------------  -------------------
/opt/airflow/dags/wifi_pipeline_dag.py                           1           0  0.11s           2026-09-18T16:00:24
================================================================================
[2026-09-18T16:01:22.353+0000] {manager.py:879} INFO - 
================================================================================
DAG File Processing Stats

File Path                               PID    Runtime      # DAGs    # Errors  Last Runtime    Last Run
--------------------------------------  -----  ---------  --------  ----------  --------------  -------------------
/opt/airflow/dags/wifi_pipeline_dag.py                           1           0  0.11s           2026-09-18T16:00:55
================================================================================
[2026-09-18T16:01:24.900+0000] {manager.py:451} INFO - Exiting gracefully upon receiving signal 15
[2026-09-18T16:01:52.035+0000] {manager.py:469} INFO - Processing files using up to 2 processes at a time 
[2026-09-18T16:01:52.036+0000] {manager.py:470} INFO - Process each file at most once every 30 seconds
[2026-09-18T16:01:52.037+0000] {manager.py:471} INFO - Checking for new files in /opt/airflow/dags every 300 seconds
[2026-09-18T16:01:52.037+0000] {manager.py:738} INFO - Searching for files in /opt/airflow/dags
[2026-09-18T16:01:52.039+0000] {manager.py:741} INFO - There are 1 files in /opt/airflow/dags
[2026-09-18T16:01:52.137+0000] {manager.py:879} INFO - 
================================================================================
DAG File Processing Stats

File Path                                 PID  Runtime      # DAGs    # Errors  Last Runtime    Last Run
--------------------------------------  -----  ---------  --------  ----------  --------------  ----------
/opt/airflow/dags/wifi_pipeline_dag.py    174  0.05s             0           0
================================================================================
[2026-09-18T16:02:22.184+0000] {manager.py:879} INFO - 
================================================================================
DAG File Processing Stats

File Path                               PID    Runtime      # DAGs    # Errors  Last Runtime    Last Run
--------------------------------------  -----  ---------  --------  ----------  --------------  -------------------
/opt/airflow/dags/wifi_pipeline_dag.py                           1           0  0.16s           2026-09-18T16:01:52
================================================================================
[2026-09-18T16:02:52.225+0000] {manager.py:879} INFO - 
================================================================================
DAG File Processing Stats

File Path                               PID    Runtime      # DAGs    # Errors  Last Runtime    Last Run
--------------------------------------  -----  ---------  --------  ----------  --------------  -------------------
/opt/airflow/dags/wifi_pipeline_dag.py                           1           0  0.30s           2026-09-18T16:02:23
================================================================================
[2026-09-18T16:03:22.236+0000] {manager.py:879} INFO - 
================================================================================
DAG File Processing Stats

File Path                               PID    Runtime      # DAGs    # Errors  Last Runtime    Last Run
--------------------------------------  -----  ---------  --------  ----------  --------------  -------------------
/opt/airflow/dags/wifi_pipeline_dag.py                           1           0  0.11s           2026-09-18T16:02:54
================================================================================
[2026-09-18T16:03:52.326+0000] {manager.py:879} INFO - 
================================================================================
DAG File Processing Stats

File Path                               PID    Runtime      # DAGs    # Errors  Last Runtime    Last Run
--------------------------------------  -----  ---------  --------  ----------  --------------  -------------------
/opt/airflow/dags/wifi_pipeline_dag.py                           1           0  0.16s           2026-09-18T16:03:25
================================================================================
[2026-09-18T16:04:22.379+0000] {manager.py:879} INFO - 
================================================================================
DAG File Processing Stats

File Path                               PID    Runtime      # DAGs    # Errors  Last Runtime    Last Run
--------------------------------------  -----  ---------  --------  ----------  --------------  -------------------
/opt/airflow/dags/wifi_pipeline_dag.py                           1           0  0.14s           2026-09-18T16:03:56
================================================================================
[2026-09-18T16:04:52.470+0000] {manager.py:879} INFO - 
================================================================================
DAG File Processing Stats

File Path                               PID    Runtime      # DAGs    # Errors  Last Runtime    Last Run
--------------------------------------  -----  ---------  --------  ----------  --------------  -------------------
/opt/airflow/dags/wifi_pipeline_dag.py                           1           0  0.13s           2026-09-18T16:04:27
================================================================================
[2026-09-18T16:05:22.535+0000] {manager.py:879} INFO - 
================================================================================
DAG File Processing Stats

File Path                               PID    Runtime      # DAGs    # Errors  Last Runtime    Last Run
--------------------------------------  -----  ---------  --------  ----------  --------------  -------------------
/opt/airflow/dags/wifi_pipeline_dag.py                           1           0  0.11s           2026-09-18T16:04:58
================================================================================
[2026-09-18T16:05:52.639+0000] {manager.py:879} INFO - 
================================================================================
DAG File Processing Stats

File Path                               PID    Runtime      # DAGs    # Errors  Last Runtime    Last Run
--------------------------------------  -----  ---------  --------  ----------  --------------  -------------------
/opt/airflow/dags/wifi_pipeline_dag.py                           1           0  0.19s           2026-09-18T16:05:29
================================================================================
[2026-09-18T16:05:59.280+0000] {manager.py:451} INFO - Exiting gracefully upon receiving signal 15
[2026-09-18T16:06:26.770+0000] {manager.py:469} INFO - Processing files using up to 2 processes at a time 
[2026-09-18T16:06:26.771+0000] {manager.py:470} INFO - Process each file at most once every 30 seconds
[2026-09-18T16:06:26.771+0000] {manager.py:471} INFO - Checking for new files in /opt/airflow/dags every 300 seconds
[2026-09-18T16:06:26.772+0000] {manager.py:738} INFO - Searching for files in /opt/airflow/dags
[2026-09-18T16:06:26.773+0000] {manager.py:741} INFO - There are 1 files in /opt/airflow/dags
[2026-09-18T16:06:26.860+0000] {manager.py:879} INFO - 
================================================================================
DAG File Processing Stats

File Path                                 PID  Runtime      # DAGs    # Errors  Last Runtime    Last Run
--------------------------------------  -----  ---------  --------  ----------  --------------  ----------
/opt/airflow/dags/wifi_pipeline_dag.py    174  0.04s             0           0
================================================================================
[2026-09-18T16:06:56.867+0000] {manager.py:879} INFO - 
================================================================================
DAG File Processing Stats

File Path                               PID    Runtime      # DAGs    # Errors  Last Runtime    Last Run
--------------------------------------  -----  ---------  --------  ----------  --------------  -------------------
/opt/airflow/dags/wifi_pipeline_dag.py                           1           0  0.13s           2026-09-18T16:06:26
================================================================================
[2026-09-18T16:07:26.903+0000] {manager.py:879} INFO - 
================================================================================
DAG File Processing Stats

File Path                               PID    Runtime      # DAGs    # Errors  Last Runtime    Last Run
--------------------------------------  -----  ---------  --------  ----------  --------------  -------------------
/opt/airflow/dags/wifi_pipeline_dag.py                           1           0  0.27s           2026-09-18T16:06:58
================================================================================
[2026-09-18T16:07:56.926+0000] {manager.py:879} INFO - 
================================================================================
DAG File Processing Stats

File Path                               PID    Runtime      # DAGs    # Errors  Last Runtime    Last Run
--------------------------------------  -----  ---------  --------  ----------  --------------  -------------------
/opt/airflow/dags/wifi_pipeline_dag.py                           1           0  0.13s           2026-09-18T16:07:29
================================================================================
[2026-09-18T16:08:27.017+0000] {manager.py:879} INFO - 
================================================================================
DAG File Processing Stats

File Path                               PID    Runtime      # DAGs    # Errors  Last Runtime    Last Run
--------------------------------------  -----  ---------  --------  ----------  --------------  -------------------
/opt/airflow/dags/wifi_pipeline_dag.py                           1           0  0.13s           2026-09-18T16:08:00
================================================================================
[2026-09-18T16:08:37.357+0000] {manager.py:451} INFO - Exiting gracefully upon receiving signal 15
[2026-09-18T16:09:25.293+0000] {manager.py:469} INFO - Processing files using up to 2 processes at a time 
[2026-09-18T16:09:25.294+0000] {manager.py:470} INFO - Process each file at most once every 30 seconds
[2026-09-18T16:09:25.294+0000] {manager.py:471} INFO - Checking for new files in /opt/airflow/dags every 300 seconds
[2026-09-18T16:09:25.294+0000] {manager.py:738} INFO - Searching for files in /opt/airflow/dags
[2026-09-18T16:09:25.296+0000] {manager.py:741} INFO - There are 1 files in /opt/airflow/dags
[2026-09-18T16:09:25.383+0000] {manager.py:879} INFO - 
================================================================================
DAG File Processing Stats

File Path                                 PID  Runtime      # DAGs    # Errors  Last Runtime    Last Run
--------------------------------------  -----  ---------  --------  ----------  --------------  ----------
/opt/airflow/dags/wifi_pipeline_dag.py    174  0.04s             0           0
================================================================================
[2026-09-18T16:09:55.377+0000] {manager.py:879} INFO - 
================================================================================
DAG File Processing Stats

File Path                               PID    Runtime      # DAGs    # Errors  Last Runtime    Last Run
--------------------------------------  -----  ---------  --------  ----------  --------------  -------------------
/opt/airflow/dags/wifi_pipeline_dag.py                           1           0  0.12s           2026-09-18T16:09:25
================================================================================
[2026-09-18T16:10:25.422+0000] {manager.py:879} INFO - 
================================================================================
DAG File Processing Stats

File Path                               PID    Runtime      # DAGs    # Errors  Last Runtime    Last Run
--------------------------------------  -----  ---------  --------  ----------  --------------  -------------------
/opt/airflow/dags/wifi_pipeline_dag.py                           1           0  0.24s           2026-09-18T16:09:56
================================================================================
[2026-09-18T16:10:55.442+0000] {manager.py:879} INFO - 
================================================================================
DAG File Processing Stats

File Path                               PID    Runtime      # DAGs    # Errors  Last Runtime    Last Run
--------------------------------------  -----  ---------  --------  ----------  --------------  -------------------
/opt/airflow/dags/wifi_pipeline_dag.py                           1           0  0.11s           2026-09-18T16:10:27
================================================================================
[2026-09-18T16:11:25.501+0000] {manager.py:879} INFO - 
================================================================================
DAG File Processing Stats

File Path                               PID    Runtime      # DAGs    # Errors  Last Runtime    Last Run
--------------------------------------  -----  ---------  --------  ----------  --------------  -------------------
/opt/airflow/dags/wifi_pipeline_dag.py                           1           0  0.15s           2026-09-18T16:10:58
================================================================================
[2026-09-18T16:11:48.399+0000] {manager.py:451} INFO - Exiting gracefully upon receiving signal 15
[2026-09-18T16:12:14.706+0000] {manager.py:469} INFO - Processing files using up to 2 processes at a time 
[2026-09-18T16:12:14.707+0000] {manager.py:470} INFO - Process each file at most once every 30 seconds
[2026-09-18T16:12:14.707+0000] {manager.py:471} INFO - Checking for new files in /opt/airflow/dags every 300 seconds
[2026-09-18T16:12:14.707+0000] {manager.py:738} INFO - Searching for files in /opt/airflow/dags
[2026-09-18T16:12:14.709+0000] {manager.py:741} INFO - There are 1 files in /opt/airflow/dags
[2026-09-18T16:12:14.796+0000] {manager.py:879} INFO - 
================================================================================
DAG File Processing Stats

File Path                                 PID  Runtime      # DAGs    # Errors  Last Runtime    Last Run
--------------------------------------  -----  ---------  --------  ----------  --------------  ----------
/opt/airflow/dags/wifi_pipeline_dag.py    174  0.05s             0           0
================================================================================
[2026-09-18T16:12:44.819+0000] {manager.py:879} INFO - 
================================================================================
DAG File Processing Stats

File Path                               PID    Runtime      # DAGs    # Errors  Last Runtime    Last Run
--------------------------------------  -----  ---------  --------  ----------  --------------  -------------------
/opt/airflow/dags/wifi_pipeline_dag.py                           1           0  0.17s           2026-09-18T16:12:14
================================================================================
[2026-09-18T16:13:14.870+0000] {manager.py:879} INFO - 
================================================================================
DAG File Processing Stats

File Path                               PID    Runtime      # DAGs    # Errors  Last Runtime    Last Run
--------------------------------------  -----  ---------  --------  ----------  --------------  -------------------
/opt/airflow/dags/wifi_pipeline_dag.py                           1           0  0.30s           2026-09-18T16:12:46
================================================================================
[2026-09-18T16:13:26.349+0000] {manager.py:451} INFO - Exiting gracefully upon receiving signal 15
[2026-09-18T16:13:55.424+0000] {manager.py:469} INFO - Processing files using up to 2 processes at a time 
[2026-09-18T16:13:55.425+0000] {manager.py:470} INFO - Process each file at most once every 30 seconds
[2026-09-18T16:13:55.425+0000] {manager.py:471} INFO - Checking for new files in /opt/airflow/dags every 300 seconds
[2026-09-18T16:13:55.426+0000] {manager.py:738} INFO - Searching for files in /opt/airflow/dags
[2026-09-18T16:13:55.427+0000] {manager.py:741} INFO - There are 1 files in /opt/airflow/dags
[2026-09-18T16:13:55.498+0000] {manager.py:879} INFO - 
================================================================================
DAG File Processing Stats

File Path                                 PID  Runtime      # DAGs    # Errors  Last Runtime    Last Run
--------------------------------------  -----  ---------  --------  ----------  --------------  ----------
/opt/airflow/dags/wifi_pipeline_dag.py    174  0.03s             0           0
================================================================================
[2026-09-18T16:14:25.488+0000] {manager.py:879} INFO - 
================================================================================
DAG File Processing Stats

File Path                               PID    Runtime      # DAGs    # Errors  Last Runtime    Last Run
--------------------------------------  -----  ---------  --------  ----------  --------------  -------------------
/opt/airflow/dags/wifi_pipeline_dag.py                           1           0  0.12s           2026-09-18T16:13:55
================================================================================
[2026-09-18T16:14:29.594+0000] {manager.py:451} INFO - Exiting gracefully upon receiving signal 15
[2026-09-18T16:15:09.111+0000] {manager.py:469} INFO - Processing files using up to 2 processes at a time 
[2026-09-18T16:15:09.113+0000] {manager.py:470} INFO - Process each file at most once every 30 seconds
[2026-09-18T16:15:09.113+0000] {manager.py:471} INFO - Checking for new files in /opt/airflow/dags every 300 seconds
[2026-09-18T16:15:09.113+0000] {manager.py:738} INFO - Searching for files in /opt/airflow/dags
[2026-09-18T16:15:09.115+0000] {manager.py:741} INFO - There are 1 files in /opt/airflow/dags
[2026-09-18T16:15:09.206+0000] {manager.py:879} INFO - 
================================================================================
DAG File Processing Stats

File Path                                 PID  Runtime      # DAGs    # Errors  Last Runtime    Last Run
--------------------------------------  -----  ---------  --------  ----------  --------------  ----------
/opt/airflow/dags/wifi_pipeline_dag.py    174  0.05s             0           0
================================================================================
[2026-09-18T16:15:39.169+0000] {manager.py:879} INFO - 
================================================================================
DAG File Processing Stats

File Path                               PID    Runtime      # DAGs    # Errors  Last Runtime    Last Run
--------------------------------------  -----  ---------  --------  ----------  --------------  -------------------
/opt/airflow/dags/wifi_pipeline_dag.py                           1           0  0.38s           2026-09-18T16:15:09
================================================================================
[2026-09-18T16:16:09.184+0000] {manager.py:879} INFO - 
================================================================================
DAG File Processing Stats

File Path                               PID    Runtime      # DAGs    # Errors  Last Runtime    Last Run
--------------------------------------  -----  ---------  --------  ----------  --------------  -------------------
/opt/airflow/dags/wifi_pipeline_dag.py                           1           0  -0.01s          2026-09-18T16:15:40
================================================================================
[2026-09-18T16:16:39.295+0000] {manager.py:879} INFO - 
================================================================================
DAG File Processing Stats

File Path                               PID    Runtime      # DAGs    # Errors  Last Runtime    Last Run
--------------------------------------  -----  ---------  --------  ----------  --------------  -------------------
/opt/airflow/dags/wifi_pipeline_dag.py                           1           0  0.12s           2026-09-18T16:16:11
================================================================================
[2026-09-18T16:17:08.994+0000] {manager.py:879} INFO - 
================================================================================
DAG File Processing Stats

File Path                               PID    Runtime      # DAGs    # Errors  Last Runtime    Last Run
--------------------------------------  -----  ---------  --------  ----------  --------------  -------------------
/opt/airflow/dags/wifi_pipeline_dag.py                           1           0  0.11s           2026-09-18T16:16:41
================================================================================
[2026-09-18T16:17:25.457+0000] {manager.py:451} INFO - Exiting gracefully upon receiving signal 15
[2026-09-18T16:17:52.683+0000] {manager.py:469} INFO - Processing files using up to 2 processes at a time 
[2026-09-18T16:17:52.684+0000] {manager.py:470} INFO - Process each file at most once every 30 seconds
[2026-09-18T16:17:52.685+0000] {manager.py:471} INFO - Checking for new files in /opt/airflow/dags every 300 seconds
[2026-09-18T16:17:52.685+0000] {manager.py:738} INFO - Searching for files in /opt/airflow/dags
[2026-09-18T16:17:52.686+0000] {manager.py:741} INFO - There are 1 files in /opt/airflow/dags
[2026-09-18T16:17:52.776+0000] {manager.py:879} INFO - 
================================================================================
DAG File Processing Stats

File Path                                 PID  Runtime      # DAGs    # Errors  Last Runtime    Last Run
--------------------------------------  -----  ---------  --------  ----------  --------------  ----------
/opt/airflow/dags/wifi_pipeline_dag.py    175  0.05s             0           0
================================================================================
[2026-09-18T16:18:22.417+0000] {manager.py:879} INFO - 
================================================================================
DAG File Processing Stats

File Path                               PID    Runtime      # DAGs    # Errors  Last Runtime    Last Run
--------------------------------------  -----  ---------  --------  ----------  --------------  -------------------
/opt/airflow/dags/wifi_pipeline_dag.py                           1           0  0.16s           2026-09-18T16:17:52
================================================================================
[2026-09-18T16:18:52.126+0000] {manager.py:879} INFO - 
================================================================================
DAG File Processing Stats

File Path                               PID    Runtime      # DAGs    # Errors  Last Runtime    Last Run
--------------------------------------  -----  ---------  --------  ----------  --------------  -------------------
/opt/airflow/dags/wifi_pipeline_dag.py                           1           0  0.26s           2026-09-18T16:18:23
================================================================================
[2026-09-18T16:19:21.710+0000] {manager.py:879} INFO - 
================================================================================
DAG File Processing Stats

File Path                               PID    Runtime      # DAGs    # Errors  Last Runtime    Last Run
--------------------------------------  -----  ---------  --------  ----------  --------------  -------------------
/opt/airflow/dags/wifi_pipeline_dag.py                           1           0  0.13s           2026-09-18T16:18:54
================================================================================
[2026-09-18T16:19:51.400+0000] {manager.py:879} INFO - 
================================================================================
DAG File Processing Stats

File Path                               PID    Runtime      # DAGs    # Errors  Last Runtime    Last Run
--------------------------------------  -----  ---------  --------  ----------  --------------  -------------------
/opt/airflow/dags/wifi_pipeline_dag.py                           1           0  0.13s           2026-09-18T16:19:24
================================================================================
[2026-09-18T16:20:21.146+0000] {manager.py:879} INFO - 
================================================================================
DAG File Processing Stats

File Path                               PID    Runtime      # DAGs    # Errors  Last Runtime    Last Run
--------------------------------------  -----  ---------  --------  ----------  --------------  -------------------
/opt/airflow/dags/wifi_pipeline_dag.py                           1           0  0.13s           2026-09-18T16:19:55
================================================================================
[2026-09-18T16:20:50.771+0000] {manager.py:879} INFO - 
================================================================================
DAG File Processing Stats

File Path                               PID    Runtime      # DAGs    # Errors  Last Runtime    Last Run
--------------------------------------  -----  ---------  --------  ----------  --------------  -------------------
/opt/airflow/dags/wifi_pipeline_dag.py                           1           0  0.11s           2026-09-18T16:20:26
================================================================================
[2026-09-18T16:21:20.409+0000] {manager.py:879} INFO - 
================================================================================
DAG File Processing Stats

File Path                               PID    Runtime      # DAGs    # Errors  Last Runtime    Last Run
--------------------------------------  -----  ---------  --------  ----------  --------------  -------------------
/opt/airflow/dags/wifi_pipeline_dag.py                           1           0  0.14s           2026-09-18T16:20:56
================================================================================
[2026-09-18T16:21:49.976+0000] {manager.py:879} INFO - 
================================================================================
DAG File Processing Stats

File Path                               PID    Runtime      # DAGs    # Errors  Last Runtime    Last Run
--------------------------------------  -----  ---------  --------  ----------  --------------  -------------------
/opt/airflow/dags/wifi_pipeline_dag.py                           1           0  0.11s           2026-09-18T16:21:27
================================================================================
[2026-09-18T16:22:19.642+0000] {manager.py:879} INFO - 
================================================================================
DAG File Processing Stats

File Path                               PID    Runtime      # DAGs    # Errors  Last Runtime    Last Run
--------------------------------------  -----  ---------  --------  ----------  --------------  -------------------
/opt/airflow/dags/wifi_pipeline_dag.py                           1           0  0.14s           2026-09-18T16:21:58
================================================================================
[2026-09-18T16:22:49.351+0000] {manager.py:879} INFO - 
================================================================================
DAG File Processing Stats

File Path                               PID    Runtime      # DAGs    # Errors  Last Runtime    Last Run
--------------------------------------  -----  ---------  --------  ----------  --------------  -------------------
/opt/airflow/dags/wifi_pipeline_dag.py                           1           0  0.10s           2026-09-18T16:22:28
================================================================================
[2026-09-18T16:22:53.381+0000] {manager.py:738} INFO - Searching for files in /opt/airflow/dags
[2026-09-18T16:22:53.382+0000] {manager.py:741} INFO - There are 1 files in /opt/airflow/dags
[2026-09-18T16:23:19.031+0000] {manager.py:879} INFO - 
================================================================================
DAG File Processing Stats

File Path                               PID    Runtime      # DAGs    # Errors  Last Runtime    Last Run
--------------------------------------  -----  ---------  --------  ----------  --------------  -------------------
/opt/airflow/dags/wifi_pipeline_dag.py                           1           0  0.15s           2026-09-18T16:22:59
================================================================================
[2026-09-18T16:23:48.717+0000] {manager.py:879} INFO - 
================================================================================
DAG File Processing Stats

File Path                               PID    Runtime      # DAGs    # Errors  Last Runtime    Last Run
--------------------------------------  -----  ---------  --------  ----------  --------------  -------------------
/opt/airflow/dags/wifi_pipeline_dag.py                           1           0  0.20s           2026-09-18T16:23:30
================================================================================
[2026-09-18T16:24:18.411+0000] {manager.py:879} INFO - 
================================================================================
DAG File Processing Stats

File Path                               PID    Runtime      # DAGs    # Errors  Last Runtime    Last Run
--------------------------------------  -----  ---------  --------  ----------  --------------  -------------------
/opt/airflow/dags/wifi_pipeline_dag.py                           1           0  0.16s           2026-09-18T16:24:01
================================================================================
[2026-09-18T16:24:48.162+0000] {manager.py:879} INFO - 
================================================================================
DAG File Processing Stats

File Path                               PID    Runtime      # DAGs    # Errors  Last Runtime    Last Run
--------------------------------------  -----  ---------  --------  ----------  --------------  -------------------
/opt/airflow/dags/wifi_pipeline_dag.py                           1           0  0.13s           2026-09-18T16:24:32
================================================================================
[2026-09-18T16:25:17.956+0000] {manager.py:879} INFO - 
================================================================================
DAG File Processing Stats

File Path                               PID    Runtime      # DAGs    # Errors  Last Runtime    Last Run
--------------------------------------  -----  ---------  --------  ----------  --------------  -------------------
/opt/airflow/dags/wifi_pipeline_dag.py                           1           0  0.11s           2026-09-18T16:25:02
================================================================================
[2026-09-18T16:25:47.586+0000] {manager.py:879} INFO - 
================================================================================
DAG File Processing Stats

File Path                               PID    Runtime      # DAGs    # Errors  Last Runtime    Last Run
--------------------------------------  -----  ---------  --------  ----------  --------------  -------------------
/opt/airflow/dags/wifi_pipeline_dag.py                           1           0  0.17s           2026-09-18T16:25:33
================================================================================
[2026-09-18T16:26:17.126+0000] {manager.py:879} INFO - 
================================================================================
DAG File Processing Stats

File Path                               PID    Runtime      # DAGs    # Errors  Last Runtime    Last Run
--------------------------------------  -----  ---------  --------  ----------  --------------  -------------------
/opt/airflow/dags/wifi_pipeline_dag.py                           1           0  0.12s           2026-09-18T16:26:04
================================================================================
[2026-09-18T16:26:19.976+0000] {manager.py:451} INFO - Exiting gracefully upon receiving signal 15
[2026-09-18T16:26:49.455+0000] {manager.py:469} INFO - Processing files using up to 2 processes at a time 
[2026-09-18T16:26:49.457+0000] {manager.py:470} INFO - Process each file at most once every 30 seconds
[2026-09-18T16:26:49.457+0000] {manager.py:471} INFO - Checking for new files in /opt/airflow/dags every 300 seconds
[2026-09-18T16:26:49.458+0000] {manager.py:738} INFO - Searching for files in /opt/airflow/dags
[2026-09-18T16:26:49.459+0000] {manager.py:741} INFO - There are 1 files in /opt/airflow/dags
[2026-09-18T16:26:49.545+0000] {manager.py:879} INFO - 
================================================================================
DAG File Processing Stats

File Path                                 PID  Runtime      # DAGs    # Errors  Last Runtime    Last Run
--------------------------------------  -----  ---------  --------  ----------  --------------  ----------
/opt/airflow/dags/wifi_pipeline_dag.py    174  0.04s             0           0
================================================================================
[2026-09-18T16:27:19.114+0000] {manager.py:879} INFO - 
================================================================================
DAG File Processing Stats

File Path                               PID    Runtime      # DAGs    # Errors  Last Runtime    Last Run
--------------------------------------  -----  ---------  --------  ----------  --------------  -------------------
/opt/airflow/dags/wifi_pipeline_dag.py                           1           0  0.12s           2026-09-18T16:26:49
================================================================================
[2026-09-18T16:27:48.691+0000] {manager.py:879} INFO - 
================================================================================
DAG File Processing Stats

File Path                               PID    Runtime      # DAGs    # Errors  Last Runtime    Last Run
--------------------------------------  -----  ---------  --------  ----------  --------------  -------------------
/opt/airflow/dags/wifi_pipeline_dag.py                           1           0  0.40s           2026-09-18T16:27:20
================================================================================
[2026-09-18T16:28:18.353+0000] {manager.py:879} INFO - 
================================================================================
DAG File Processing Stats

File Path                               PID    Runtime      # DAGs    # Errors  Last Runtime    Last Run
--------------------------------------  -----  ---------  --------  ----------  --------------  -------------------
/opt/airflow/dags/wifi_pipeline_dag.py                           1           0  0.11s           2026-09-18T16:27:50
================================================================================
[2026-09-18T16:28:48.053+0000] {manager.py:879} INFO - 
================================================================================
DAG File Processing Stats

File Path                               PID    Runtime      # DAGs    # Errors  Last Runtime    Last Run
--------------------------------------  -----  ---------  --------  ----------  --------------  -------------------
/opt/airflow/dags/wifi_pipeline_dag.py                           1           0  0.11s           2026-09-18T16:28:21
================================================================================
[2026-09-18T16:29:17.640+0000] {manager.py:879} INFO - 
================================================================================
DAG File Processing Stats

File Path                               PID    Runtime      # DAGs    # Errors  Last Runtime    Last Run
--------------------------------------  -----  ---------  --------  ----------  --------------  -------------------
/opt/airflow/dags/wifi_pipeline_dag.py                           1           0  0.11s           2026-09-18T16:28:52
================================================================================
[2026-09-18T16:29:47.300+0000] {manager.py:879} INFO - 
================================================================================
DAG File Processing Stats

File Path                               PID    Runtime      # DAGs    # Errors  Last Runtime    Last Run
--------------------------------------  -----  ---------  --------  ----------  --------------  -------------------
/opt/airflow/dags/wifi_pipeline_dag.py                           1           0  0.17s           2026-09-18T16:29:22
================================================================================
[2026-09-18T16:30:16.855+0000] {manager.py:879} INFO - 
================================================================================
DAG File Processing Stats

File Path                               PID    Runtime      # DAGs    # Errors  Last Runtime    Last Run
--------------------------------------  -----  ---------  --------  ----------  --------------  -------------------
/opt/airflow/dags/wifi_pipeline_dag.py                           1           0  0.11s           2026-09-18T16:29:53
================================================================================
[2026-09-18T16:30:46.464+0000] {manager.py:879} INFO - 
================================================================================
DAG File Processing Stats

File Path                               PID    Runtime      # DAGs    # Errors  Last Runtime    Last Run
--------------------------------------  -----  ---------  --------  ----------  --------------  -------------------
/opt/airflow/dags/wifi_pipeline_dag.py                           1           0  0.10s           2026-09-18T16:30:24
================================================================================
[2026-09-18T16:31:15.981+0000] {manager.py:879} INFO - 
================================================================================
DAG File Processing Stats

File Path                               PID    Runtime      # DAGs    # Errors  Last Runtime    Last Run
--------------------------------------  -----  ---------  --------  ----------  --------------  -------------------
/opt/airflow/dags/wifi_pipeline_dag.py                           1           0  0.10s           2026-09-18T16:30:54
================================================================================
[2026-09-18T16:31:45.534+0000] {manager.py:879} INFO - 
================================================================================
DAG File Processing Stats

File Path                               PID    Runtime      # DAGs    # Errors  Last Runtime    Last Run
--------------------------------------  -----  ---------  --------  ----------  --------------  -------------------
/opt/airflow/dags/wifi_pipeline_dag.py                           1           0  0.11s           2026-09-18T16:31:25
================================================================================
[2026-09-18T16:31:49.567+0000] {manager.py:738} INFO - Searching for files in /opt/airflow/dags
[2026-09-18T16:31:49.568+0000] {manager.py:741} INFO - There are 1 files in /opt/airflow/dags
[2026-09-18T16:32:15.236+0000] {manager.py:879} INFO - 
================================================================================
DAG File Processing Stats

File Path                               PID    Runtime      # DAGs    # Errors  Last Runtime    Last Run
--------------------------------------  -----  ---------  --------  ----------  --------------  -------------------
/opt/airflow/dags/wifi_pipeline_dag.py                           1           0  0.11s           2026-09-18T16:31:56
================================================================================
[2026-09-18T16:32:44.808+0000] {manager.py:879} INFO - 
================================================================================
DAG File Processing Stats

File Path                               PID    Runtime      # DAGs    # Errors  Last Runtime    Last Run
--------------------------------------  -----  ---------  --------  ----------  --------------  -------------------
/opt/airflow/dags/wifi_pipeline_dag.py                           1           0  0.10s           2026-09-18T16:32:26
================================================================================
[2026-09-18T16:33:14.425+0000] {manager.py:879} INFO - 
================================================================================
DAG File Processing Stats

File Path                               PID    Runtime      # DAGs    # Errors  Last Runtime    Last Run
--------------------------------------  -----  ---------  --------  ----------  --------------  -------------------
/opt/airflow/dags/wifi_pipeline_dag.py                           1           0  0.11s           2026-09-18T16:32:57
================================================================================
[2026-09-18T16:33:44.003+0000] {manager.py:879} INFO - 
================================================================================
DAG File Processing Stats

File Path                               PID    Runtime      # DAGs    # Errors  Last Runtime    Last Run
--------------------------------------  -----  ---------  --------  ----------  --------------  -------------------
/opt/airflow/dags/wifi_pipeline_dag.py                           1           0  0.11s           2026-09-18T16:33:27
================================================================================
[2026-09-18T16:34:13.575+0000] {manager.py:879} INFO - 
================================================================================
DAG File Processing Stats

File Path                               PID    Runtime      # DAGs    # Errors  Last Runtime    Last Run
--------------------------------------  -----  ---------  --------  ----------  --------------  -------------------
/opt/airflow/dags/wifi_pipeline_dag.py                           1           0  0.11s           2026-09-18T16:33:58
================================================================================
[2026-09-18T16:34:43.272+0000] {manager.py:879} INFO - 
================================================================================
DAG File Processing Stats

File Path                               PID    Runtime      # DAGs    # Errors  Last Runtime    Last Run
--------------------------------------  -----  ---------  --------  ----------  --------------  -------------------
/opt/airflow/dags/wifi_pipeline_dag.py                           1           0  0.11s           2026-09-18T16:34:29
================================================================================
[2026-09-18T16:35:12.777+0000] {manager.py:879} INFO - 
================================================================================
DAG File Processing Stats

File Path                               PID    Runtime      # DAGs    # Errors  Last Runtime    Last Run
--------------------------------------  -----  ---------  --------  ----------  --------------  -------------------
/opt/airflow/dags/wifi_pipeline_dag.py                           1           0  0.14s           2026-09-18T16:34:59
================================================================================
[2026-09-18T16:35:42.408+0000] {manager.py:879} INFO - 
================================================================================
DAG File Processing Stats

File Path                               PID    Runtime      # DAGs    # Errors  Last Runtime    Last Run
--------------------------------------  -----  ---------  --------  ----------  --------------  -------------------
/opt/airflow/dags/wifi_pipeline_dag.py                           1           0  0.12s           2026-09-18T16:35:30
================================================================================
[2026-09-18T16:36:11.972+0000] {manager.py:879} INFO - 
================================================================================
DAG File Processing Stats

File Path                               PID    Runtime      # DAGs    # Errors  Last Runtime    Last Run
--------------------------------------  -----  ---------  --------  ----------  --------------  -------------------
/opt/airflow/dags/wifi_pipeline_dag.py                           1           0  0.12s           2026-09-18T16:36:01
================================================================================
[2026-09-18T16:36:41.542+0000] {manager.py:879} INFO - 
================================================================================
DAG File Processing Stats

File Path                               PID    Runtime      # DAGs    # Errors  Last Runtime    Last Run
--------------------------------------  -----  ---------  --------  ----------  --------------  -------------------
/opt/airflow/dags/wifi_pipeline_dag.py                           1           0  0.17s           2026-09-18T16:36:31
================================================================================
[2026-09-18T16:36:49.949+0000] {manager.py:738} INFO - Searching for files in /opt/airflow/dags
[2026-09-18T16:36:49.951+0000] {manager.py:741} INFO - There are 1 files in /opt/airflow/dags
[2026-09-18T16:37:11.122+0000] {manager.py:879} INFO - 
================================================================================
DAG File Processing Stats

File Path                               PID    Runtime      # DAGs    # Errors  Last Runtime    Last Run
--------------------------------------  -----  ---------  --------  ----------  --------------  -------------------
/opt/airflow/dags/wifi_pipeline_dag.py                           1           0  0.13s           2026-09-18T16:37:02
================================================================================
[2026-09-18T16:37:40.630+0000] {manager.py:879} INFO - 
================================================================================
DAG File Processing Stats

File Path                               PID    Runtime      # DAGs    # Errors  Last Runtime    Last Run
--------------------------------------  -----  ---------  --------  ----------  --------------  -------------------
/opt/airflow/dags/wifi_pipeline_dag.py                           1           0  0.12s           2026-09-18T16:37:32
================================================================================
[2026-09-18T16:38:10.181+0000] {manager.py:879} INFO - 
================================================================================
DAG File Processing Stats

File Path                               PID    Runtime      # DAGs    # Errors  Last Runtime    Last Run
--------------------------------------  -----  ---------  --------  ----------  --------------  -------------------
/opt/airflow/dags/wifi_pipeline_dag.py                           1           0  0.12s           2026-09-18T16:38:03
================================================================================
[2026-09-18T16:38:28.875+0000] {manager.py:451} INFO - Exiting gracefully upon receiving signal 15
[2026-09-18T16:38:58.072+0000] {manager.py:469} INFO - Processing files using up to 2 processes at a time 
[2026-09-18T16:38:58.073+0000] {manager.py:470} INFO - Process each file at most once every 30 seconds
[2026-09-18T16:38:58.074+0000] {manager.py:471} INFO - Checking for new files in /opt/airflow/dags every 300 seconds
[2026-09-18T16:38:58.074+0000] {manager.py:738} INFO - Searching for files in /opt/airflow/dags
[2026-09-18T16:38:58.076+0000] {manager.py:741} INFO - There are 1 files in /opt/airflow/dags
[2026-09-18T16:38:58.164+0000] {manager.py:879} INFO - 
================================================================================
DAG File Processing Stats

File Path                                 PID  Runtime      # DAGs    # Errors  Last Runtime    Last Run
--------------------------------------  -----  ---------  --------  ----------  --------------  ----------
/opt/airflow/dags/wifi_pipeline_dag.py    174  0.04s             0           0
================================================================================
[2026-09-18T16:39:27.690+0000] {manager.py:879} INFO - 
================================================================================
DAG File Processing Stats

File Path                               PID    Runtime      # DAGs    # Errors  Last Runtime    Last Run
--------------------------------------  -----  ---------  --------  ----------  --------------  -------------------
/opt/airflow/dags/wifi_pipeline_dag.py                           1           0  0.15s           2026-09-18T16:38:58
================================================================================
[2026-09-18T16:39:57.239+0000] {manager.py:879} INFO - 
================================================================================
DAG File Processing Stats

File Path                               PID    Runtime      # DAGs    # Errors  Last Runtime    Last Run
--------------------------------------  -----  ---------  --------  ----------  --------------  -------------------
/opt/airflow/dags/wifi_pipeline_dag.py                           1           0  0.32s           2026-09-18T16:39:29
================================================================================
[2026-09-18T16:40:26.589+0000] {manager.py:879} INFO - 
================================================================================
DAG File Processing Stats

File Path                               PID    Runtime      # DAGs    # Errors  Last Runtime    Last Run
--------------------------------------  -----  ---------  --------  ----------  --------------  -------------------
/opt/airflow/dags/wifi_pipeline_dag.py                           1           0  0.12s           2026-09-18T16:39:59
================================================================================
[2026-09-18T16:41:31.046+0000] {manager.py:469} INFO - Processing files using up to 2 processes at a time 
[2026-09-18T16:41:31.048+0000] {manager.py:470} INFO - Process each file at most once every 30 seconds
[2026-09-18T16:41:31.049+0000] {manager.py:471} INFO - Checking for new files in /opt/airflow/dags every 300 seconds
[2026-09-18T16:41:31.049+0000] {manager.py:738} INFO - Searching for files in /opt/airflow/dags
[2026-09-18T16:41:31.051+0000] {manager.py:741} INFO - There are 1 files in /opt/airflow/dags
[2026-09-18T16:41:31.150+0000] {manager.py:879} INFO - 
================================================================================
DAG File Processing Stats

File Path                                 PID  Runtime      # DAGs    # Errors  Last Runtime    Last Run
--------------------------------------  -----  ---------  --------  ----------  --------------  ----------
/opt/airflow/dags/wifi_pipeline_dag.py    174  0.05s             0           0
================================================================================
[2026-09-18T16:42:00.579+0000] {manager.py:879} INFO - 
================================================================================
DAG File Processing Stats

File Path                               PID    Runtime      # DAGs    # Errors  Last Runtime    Last Run
--------------------------------------  -----  ---------  --------  ----------  --------------  -------------------
/opt/airflow/dags/wifi_pipeline_dag.py                           1           0  0.37s           2026-09-18T16:41:31
================================================================================
[2026-09-18T16:42:30.054+0000] {manager.py:879} INFO - 
================================================================================
DAG File Processing Stats

File Path                               PID    Runtime      # DAGs    # Errors  Last Runtime    Last Run
--------------------------------------  -----  ---------  --------  ----------  --------------  -------------------
/opt/airflow/dags/wifi_pipeline_dag.py                           1           0  0.14s           2026-09-18T16:42:01
================================================================================
[2026-09-18T16:42:59.546+0000] {manager.py:879} INFO - 
================================================================================
DAG File Processing Stats

File Path                               PID    Runtime      # DAGs    # Errors  Last Runtime    Last Run
--------------------------------------  -----  ---------  --------  ----------  --------------  -------------------
/opt/airflow/dags/wifi_pipeline_dag.py                           1           0  0.10s           2026-09-18T16:42:32
================================================================================
[2026-09-18T16:43:29.068+0000] {manager.py:879} INFO - 
================================================================================
DAG File Processing Stats

File Path                               PID    Runtime      # DAGs    # Errors  Last Runtime    Last Run
--------------------------------------  -----  ---------  --------  ----------  --------------  -------------------
/opt/airflow/dags/wifi_pipeline_dag.py                           1           0  0.12s           2026-09-18T16:43:02
================================================================================
[2026-09-18T16:43:58.526+0000] {manager.py:879} INFO - 
================================================================================
DAG File Processing Stats

File Path                               PID    Runtime      # DAGs    # Errors  Last Runtime    Last Run
--------------------------------------  -----  ---------  --------  ----------  --------------  -------------------
/opt/airflow/dags/wifi_pipeline_dag.py                           1           0  0.13s           2026-09-18T16:43:33
================================================================================
[2026-09-18T16:44:28.087+0000] {manager.py:879} INFO - 
================================================================================
DAG File Processing Stats

File Path                               PID    Runtime      # DAGs    # Errors  Last Runtime    Last Run
--------------------------------------  -----  ---------  --------  ----------  --------------  -------------------
/opt/airflow/dags/wifi_pipeline_dag.py                           1           0  0.14s           2026-09-18T16:44:03
================================================================================
[2026-09-18T16:44:57.594+0000] {manager.py:879} INFO - 
================================================================================
DAG File Processing Stats

File Path                               PID    Runtime      # DAGs    # Errors  Last Runtime    Last Run
--------------------------------------  -----  ---------  --------  ----------  --------------  -------------------
/opt/airflow/dags/wifi_pipeline_dag.py                           1           0  0.14s           2026-09-18T16:44:34
================================================================================
[2026-09-18T16:45:27.119+0000] {manager.py:879} INFO - 
================================================================================
DAG File Processing Stats

File Path                               PID    Runtime      # DAGs    # Errors  Last Runtime    Last Run
--------------------------------------  -----  ---------  --------  ----------  --------------  -------------------
/opt/airflow/dags/wifi_pipeline_dag.py                           1           0  0.10s           2026-09-18T16:45:05
================================================================================
[2026-09-18T16:45:56.604+0000] {manager.py:879} INFO - 
================================================================================
DAG File Processing Stats

File Path                               PID    Runtime      # DAGs    # Errors  Last Runtime    Last Run
--------------------------------------  -----  ---------  --------  ----------  --------------  -------------------
/opt/airflow/dags/wifi_pipeline_dag.py                           1           0  0.13s           2026-09-18T16:45:35
================================================================================
[2026-09-18T16:46:26.090+0000] {manager.py:879} INFO - 
================================================================================
DAG File Processing Stats

File Path                               PID    Runtime      # DAGs    # Errors  Last Runtime    Last Run
--------------------------------------  -----  ---------  --------  ----------  --------------  -------------------
/opt/airflow/dags/wifi_pipeline_dag.py                           1           0  0.10s           2026-09-18T16:46:06
================================================================================
[2026-09-18T16:46:31.363+0000] {manager.py:738} INFO - Searching for files in /opt/airflow/dags
[2026-09-18T16:46:31.365+0000] {manager.py:741} INFO - There are 1 files in /opt/airflow/dags
[2026-09-18T16:46:55.546+0000] {manager.py:879} INFO - 
================================================================================
DAG File Processing Stats

File Path                               PID    Runtime      # DAGs    # Errors  Last Runtime    Last Run
--------------------------------------  -----  ---------  --------  ----------  --------------  -------------------
/opt/airflow/dags/wifi_pipeline_dag.py                           1           0  0.11s           2026-09-18T16:46:36
================================================================================
[2026-09-18T16:47:25.019+0000] {manager.py:879} INFO - 
================================================================================
DAG File Processing Stats

File Path                               PID    Runtime      # DAGs    # Errors  Last Runtime    Last Run
--------------------------------------  -----  ---------  --------  ----------  --------------  -------------------
/opt/airflow/dags/wifi_pipeline_dag.py                           1           0  0.15s           2026-09-18T16:47:07
================================================================================
[2026-09-18T16:47:54.502+0000] {manager.py:879} INFO - 
================================================================================
DAG File Processing Stats

File Path                               PID    Runtime      # DAGs    # Errors  Last Runtime    Last Run
--------------------------------------  -----  ---------  --------  ----------  --------------  -------------------
/opt/airflow/dags/wifi_pipeline_dag.py                           1           0  0.12s           2026-09-18T16:47:37
================================================================================
[2026-09-18T16:48:23.957+0000] {manager.py:879} INFO - 
================================================================================
DAG File Processing Stats

File Path                               PID    Runtime      # DAGs    # Errors  Last Runtime    Last Run
--------------------------------------  -----  ---------  --------  ----------  --------------  -------------------
/opt/airflow/dags/wifi_pipeline_dag.py                           1           0  0.12s           2026-09-18T16:48:07
================================================================================
[2026-09-18T16:48:53.459+0000] {manager.py:879} INFO - 
================================================================================
DAG File Processing Stats

File Path                               PID    Runtime      # DAGs    # Errors  Last Runtime    Last Run
--------------------------------------  -----  ---------  --------  ----------  --------------  -------------------
/opt/airflow/dags/wifi_pipeline_dag.py                           1           0  0.12s           2026-09-18T16:48:38
================================================================================
[2026-09-18T16:49:22.905+0000] {manager.py:879} INFO - 
================================================================================
DAG File Processing Stats

File Path                               PID    Runtime      # DAGs    # Errors  Last Runtime    Last Run
--------------------------------------  -----  ---------  --------  ----------  --------------  -------------------
/opt/airflow/dags/wifi_pipeline_dag.py                           1           0  0.14s           2026-09-18T16:49:08
================================================================================
[2026-09-18T16:49:52.417+0000] {manager.py:879} INFO - 
================================================================================
DAG File Processing Stats

File Path                               PID    Runtime      # DAGs    # Errors  Last Runtime    Last Run
--------------------------------------  -----  ---------  --------  ----------  --------------  -------------------
/opt/airflow/dags/wifi_pipeline_dag.py                           1           0  0.12s           2026-09-18T16:49:39
================================================================================
[2026-09-18T16:50:21.906+0000] {manager.py:879} INFO - 
================================================================================
DAG File Processing Stats

File Path                               PID    Runtime      # DAGs    # Errors  Last Runtime    Last Run
--------------------------------------  -----  ---------  --------  ----------  --------------  -------------------
/opt/airflow/dags/wifi_pipeline_dag.py                           1           0  0.13s           2026-09-18T16:50:09
================================================================================
[2026-09-18T16:50:51.321+0000] {manager.py:879} INFO - 
================================================================================
DAG File Processing Stats

File Path                               PID    Runtime      # DAGs    # Errors  Last Runtime    Last Run
--------------------------------------  -----  ---------  --------  ----------  --------------  -------------------
/opt/airflow/dags/wifi_pipeline_dag.py                           1           0  0.15s           2026-09-18T16:50:40
================================================================================
[2026-09-18T16:51:03.675+0000] {manager.py:451} INFO - Exiting gracefully upon receiving signal 15
[2026-09-18T16:51:34.052+0000] {manager.py:469} INFO - Processing files using up to 2 processes at a time 
[2026-09-18T16:51:34.054+0000] {manager.py:470} INFO - Process each file at most once every 30 seconds
[2026-09-18T16:51:34.054+0000] {manager.py:471} INFO - Checking for new files in /opt/airflow/dags every 300 seconds
[2026-09-18T16:51:34.054+0000] {manager.py:738} INFO - Searching for files in /opt/airflow/dags
[2026-09-18T16:51:34.056+0000] {manager.py:741} INFO - There are 1 files in /opt/airflow/dags
[2026-09-18T16:51:34.192+0000] {manager.py:879} INFO - 
================================================================================
DAG File Processing Stats

File Path                                 PID  Runtime      # DAGs    # Errors  Last Runtime    Last Run
--------------------------------------  -----  ---------  --------  ----------  --------------  ----------
/opt/airflow/dags/wifi_pipeline_dag.py    174  0.07s             0           0
================================================================================
[2026-09-18T16:52:03.582+0000] {manager.py:879} INFO - 
================================================================================
DAG File Processing Stats

File Path                               PID    Runtime      # DAGs    # Errors  Last Runtime    Last Run
--------------------------------------  -----  ---------  --------  ----------  --------------  -------------------
/opt/airflow/dags/wifi_pipeline_dag.py                           1           0  0.19s           2026-09-18T16:51:34
================================================================================
[2026-09-18T16:52:33.070+0000] {manager.py:879} INFO - 
================================================================================
DAG File Processing Stats

File Path                               PID    Runtime      # DAGs    # Errors  Last Runtime    Last Run
--------------------------------------  -----  ---------  --------  ----------  --------------  -------------------
/opt/airflow/dags/wifi_pipeline_dag.py                           1           0  0.27s           2026-09-18T16:52:04
================================================================================
[2026-09-18T16:53:02.555+0000] {manager.py:879} INFO - 
================================================================================
DAG File Processing Stats

File Path                               PID    Runtime      # DAGs    # Errors  Last Runtime    Last Run
--------------------------------------  -----  ---------  --------  ----------  --------------  -------------------
/opt/airflow/dags/wifi_pipeline_dag.py                           1           0  0.11s           2026-09-18T16:52:35
================================================================================
[2026-09-18T16:53:32.030+0000] {manager.py:879} INFO - 
================================================================================
DAG File Processing Stats

File Path                               PID    Runtime      # DAGs    # Errors  Last Runtime    Last Run
--------------------------------------  -----  ---------  --------  ----------  --------------  -------------------
/opt/airflow/dags/wifi_pipeline_dag.py                           1           0  0.13s           2026-09-18T16:53:05
================================================================================
[2026-09-18T16:54:01.482+0000] {manager.py:879} INFO - 
================================================================================
DAG File Processing Stats

File Path                               PID    Runtime      # DAGs    # Errors  Last Runtime    Last Run
--------------------------------------  -----  ---------  --------  ----------  --------------  -------------------
/opt/airflow/dags/wifi_pipeline_dag.py                           1           0  0.15s           2026-09-18T16:53:36
================================================================================
[2026-09-18T16:54:30.875+0000] {manager.py:879} INFO - 
================================================================================
DAG File Processing Stats

File Path                               PID    Runtime      # DAGs    # Errors  Last Runtime    Last Run
--------------------------------------  -----  ---------  --------  ----------  --------------  -------------------
/opt/airflow/dags/wifi_pipeline_dag.py                           1           0  0.14s           2026-09-18T16:54:06
================================================================================
[2026-09-18T16:55:00.389+0000] {manager.py:879} INFO - 
================================================================================
DAG File Processing Stats

File Path                               PID    Runtime      # DAGs    # Errors  Last Runtime    Last Run
--------------------------------------  -----  ---------  --------  ----------  --------------  -------------------
/opt/airflow/dags/wifi_pipeline_dag.py                           1           0  0.12s           2026-09-18T16:54:37
================================================================================
[2026-09-18T16:55:29.871+0000] {manager.py:879} INFO - 
================================================================================
DAG File Processing Stats

File Path                               PID    Runtime      # DAGs    # Errors  Last Runtime    Last Run
--------------------------------------  -----  ---------  --------  ----------  --------------  -------------------
/opt/airflow/dags/wifi_pipeline_dag.py                           1           0  0.12s           2026-09-18T16:55:07
================================================================================
[2026-09-18T16:55:59.296+0000] {manager.py:879} INFO - 
================================================================================
DAG File Processing Stats

File Path                               PID    Runtime      # DAGs    # Errors  Last Runtime    Last Run
--------------------------------------  -----  ---------  --------  ----------  --------------  -------------------
/opt/airflow/dags/wifi_pipeline_dag.py                           1           0  0.16s           2026-09-18T16:55:38
================================================================================
[2026-09-18T16:56:29.014+0000] {manager.py:879} INFO - 
================================================================================
DAG File Processing Stats

File Path                               PID    Runtime      # DAGs    # Errors  Last Runtime    Last Run
--------------------------------------  -----  ---------  --------  ----------  --------------  -------------------
/opt/airflow/dags/wifi_pipeline_dag.py                           1           0  0.14s           2026-09-18T16:56:08
================================================================================
[2026-09-18T16:56:34.072+0000] {manager.py:738} INFO - Searching for files in /opt/airflow/dags
[2026-09-18T16:56:34.074+0000] {manager.py:741} INFO - There are 1 files in /opt/airflow/dags
[2026-09-18T16:56:58.456+0000] {manager.py:879} INFO - 
================================================================================
DAG File Processing Stats

File Path                               PID    Runtime      # DAGs    # Errors  Last Runtime    Last Run
--------------------------------------  -----  ---------  --------  ----------  --------------  -------------------
/opt/airflow/dags/wifi_pipeline_dag.py                           1           0  0.14s           2026-09-18T16:56:39
================================================================================
[2026-09-18T16:57:27.965+0000] {manager.py:879} INFO - 
================================================================================
DAG File Processing Stats

File Path                               PID    Runtime      # DAGs    # Errors  Last Runtime    Last Run
--------------------------------------  -----  ---------  --------  ----------  --------------  -------------------
/opt/airflow/dags/wifi_pipeline_dag.py                           1           0  0.11s           2026-09-18T16:57:09
================================================================================
[2026-09-18T16:57:57.517+0000] {manager.py:879} INFO - 
================================================================================
DAG File Processing Stats

File Path                               PID    Runtime      # DAGs    # Errors  Last Runtime    Last Run
--------------------------------------  -----  ---------  --------  ----------  --------------  -------------------
/opt/airflow/dags/wifi_pipeline_dag.py                           1           0  0.13s           2026-09-18T16:57:40
================================================================================
[2026-09-18T16:58:26.872+0000] {manager.py:879} INFO - 
================================================================================
DAG File Processing Stats

File Path                               PID    Runtime      # DAGs    # Errors  Last Runtime    Last Run
--------------------------------------  -----  ---------  --------  ----------  --------------  -------------------
/opt/airflow/dags/wifi_pipeline_dag.py                           1           0  0.13s           2026-09-18T16:58:10
================================================================================
[2026-09-18T16:58:56.345+0000] {manager.py:879} INFO - 
================================================================================
DAG File Processing Stats

File Path                               PID    Runtime      # DAGs    # Errors  Last Runtime    Last Run
--------------------------------------  -----  ---------  --------  ----------  --------------  -------------------
/opt/airflow/dags/wifi_pipeline_dag.py                           1           0  0.13s           2026-09-18T16:58:41
================================================================================
[2026-09-18T16:59:25.744+0000] {manager.py:879} INFO - 
================================================================================
DAG File Processing Stats

File Path                               PID    Runtime      # DAGs    # Errors  Last Runtime    Last Run
--------------------------------------  -----  ---------  --------  ----------  --------------  -------------------
/opt/airflow/dags/wifi_pipeline_dag.py                           1           0  0.18s           2026-09-18T16:59:11
================================================================================
[2026-09-18T16:59:55.153+0000] {manager.py:879} INFO - 
================================================================================
DAG File Processing Stats

File Path                               PID    Runtime      # DAGs    # Errors  Last Runtime    Last Run
--------------------------------------  -----  ---------  --------  ----------  --------------  -------------------
/opt/airflow/dags/wifi_pipeline_dag.py                           1           0  0.16s           2026-09-18T16:59:42
================================================================================
[2026-09-18T17:00:21.977+0000] {manager.py:451} INFO - Exiting gracefully upon receiving signal 15
[2026-09-18T17:00:49.537+0000] {manager.py:469} INFO - Processing files using up to 2 processes at a time 
[2026-09-18T17:00:49.538+0000] {manager.py:470} INFO - Process each file at most once every 30 seconds
[2026-09-18T17:00:49.538+0000] {manager.py:471} INFO - Checking for new files in /opt/airflow/dags every 300 seconds
[2026-09-18T17:00:49.539+0000] {manager.py:738} INFO - Searching for files in /opt/airflow/dags
[2026-09-18T17:00:49.540+0000] {manager.py:741} INFO - There are 1 files in /opt/airflow/dags
[2026-09-18T17:00:49.647+0000] {manager.py:879} INFO - 
================================================================================
DAG File Processing Stats

File Path                                 PID  Runtime      # DAGs    # Errors  Last Runtime    Last Run
--------------------------------------  -----  ---------  --------  ----------  --------------  ----------
/opt/airflow/dags/wifi_pipeline_dag.py    174  0.06s             0           0
================================================================================
[2026-09-18T17:01:19.058+0000] {manager.py:879} INFO - 
================================================================================
DAG File Processing Stats

File Path                               PID    Runtime      # DAGs    # Errors  Last Runtime    Last Run
--------------------------------------  -----  ---------  --------  ----------  --------------  -------------------
/opt/airflow/dags/wifi_pipeline_dag.py                           1           0  0.21s           2026-09-18T17:00:49
================================================================================
[2026-09-18T17:01:48.540+0000] {manager.py:879} INFO - 
================================================================================
DAG File Processing Stats

File Path                               PID    Runtime      # DAGs    # Errors  Last Runtime    Last Run
--------------------------------------  -----  ---------  --------  ----------  --------------  -------------------
/opt/airflow/dags/wifi_pipeline_dag.py                           1           0  0.31s           2026-09-18T17:01:20
================================================================================
[2026-09-18T17:02:17.928+0000] {manager.py:879} INFO - 
================================================================================
DAG File Processing Stats

File Path                               PID    Runtime      # DAGs    # Errors  Last Runtime    Last Run
--------------------------------------  -----  ---------  --------  ----------  --------------  -------------------
/opt/airflow/dags/wifi_pipeline_dag.py                           1           0  0.14s           2026-09-18T17:01:50
================================================================================
[2026-09-18T17:02:47.391+0000] {manager.py:879} INFO - 
================================================================================
DAG File Processing Stats

File Path                               PID    Runtime      # DAGs    # Errors  Last Runtime    Last Run
--------------------------------------  -----  ---------  --------  ----------  --------------  -------------------
/opt/airflow/dags/wifi_pipeline_dag.py                           1           0  0.17s           2026-09-18T17:02:21
================================================================================
[2026-09-18T17:03:16.798+0000] {manager.py:879} INFO - 
================================================================================
DAG File Processing Stats

File Path                               PID    Runtime      # DAGs    # Errors  Last Runtime    Last Run
--------------------------------------  -----  ---------  --------  ----------  --------------  -------------------
/opt/airflow/dags/wifi_pipeline_dag.py                           1           0  0.11s           2026-09-18T17:02:51
================================================================================
[2026-09-18T17:03:46.226+0000] {manager.py:879} INFO - 
================================================================================
DAG File Processing Stats

File Path                               PID    Runtime      # DAGs    # Errors  Last Runtime    Last Run
--------------------------------------  -----  ---------  --------  ----------  --------------  -------------------
/opt/airflow/dags/wifi_pipeline_dag.py                           1           0  0.13s           2026-09-18T17:03:21
================================================================================
[2026-09-18T17:04:15.733+0000] {manager.py:879} INFO - 
================================================================================
DAG File Processing Stats

File Path                               PID    Runtime      # DAGs    # Errors  Last Runtime    Last Run
--------------------------------------  -----  ---------  --------  ----------  --------------  -------------------
/opt/airflow/dags/wifi_pipeline_dag.py                           1           0  0.13s           2026-09-18T17:03:52
================================================================================
[2026-09-18T17:04:45.138+0000] {manager.py:879} INFO - 
================================================================================
DAG File Processing Stats

File Path                               PID    Runtime      # DAGs    # Errors  Last Runtime    Last Run
--------------------------------------  -----  ---------  --------  ----------  --------------  -------------------
/opt/airflow/dags/wifi_pipeline_dag.py                           1           0  0.13s           2026-09-18T17:04:22
================================================================================
[2026-09-18T17:05:14.588+0000] {manager.py:879} INFO - 
================================================================================
DAG File Processing Stats

File Path                               PID    Runtime      # DAGs    # Errors  Last Runtime    Last Run
--------------------------------------  -----  ---------  --------  ----------  --------------  -------------------
/opt/airflow/dags/wifi_pipeline_dag.py                           1           0  0.14s           2026-09-18T17:04:53
================================================================================
[2026-09-18T17:05:43.947+0000] {manager.py:879} INFO - 
================================================================================
DAG File Processing Stats

File Path                               PID    Runtime      # DAGs    # Errors  Last Runtime    Last Run
--------------------------------------  -----  ---------  --------  ----------  --------------  -------------------
/opt/airflow/dags/wifi_pipeline_dag.py                           1           0  0.12s           2026-09-18T17:05:23
================================================================================
[2026-09-18T17:05:49.982+0000] {manager.py:738} INFO - Searching for files in /opt/airflow/dags
[2026-09-18T17:05:49.983+0000] {manager.py:741} INFO - There are 1 files in /opt/airflow/dags
[2026-09-18T17:06:13.440+0000] {manager.py:879} INFO - 
================================================================================
DAG File Processing Stats

File Path                               PID    Runtime      # DAGs    # Errors  Last Runtime    Last Run
--------------------------------------  -----  ---------  --------  ----------  --------------  -------------------
/opt/airflow/dags/wifi_pipeline_dag.py                           1           0  0.12s           2026-09-18T17:05:54
================================================================================
[2026-09-18T17:06:42.884+0000] {manager.py:879} INFO - 
================================================================================
DAG File Processing Stats

File Path                               PID    Runtime      # DAGs    # Errors  Last Runtime    Last Run
--------------------------------------  -----  ---------  --------  ----------  --------------  -------------------
/opt/airflow/dags/wifi_pipeline_dag.py                           1           0  0.16s           2026-09-18T17:06:24
================================================================================
[2026-09-18T17:07:12.377+0000] {manager.py:879} INFO - 
================================================================================
DAG File Processing Stats

File Path                               PID    Runtime      # DAGs    # Errors  Last Runtime    Last Run
--------------------------------------  -----  ---------  --------  ----------  --------------  -------------------
/opt/airflow/dags/wifi_pipeline_dag.py                           1           0  0.13s           2026-09-18T17:06:55
================================================================================
[2026-09-18T17:07:14.645+0000] {manager.py:451} INFO - Exiting gracefully upon receiving signal 15
[2026-09-18T17:07:42.017+0000] {manager.py:469} INFO - Processing files using up to 2 processes at a time 
[2026-09-18T17:07:42.018+0000] {manager.py:470} INFO - Process each file at most once every 30 seconds
[2026-09-18T17:07:42.019+0000] {manager.py:471} INFO - Checking for new files in /opt/airflow/dags every 300 seconds
[2026-09-18T17:07:42.019+0000] {manager.py:738} INFO - Searching for files in /opt/airflow/dags
[2026-09-18T17:07:42.021+0000] {manager.py:741} INFO - There are 1 files in /opt/airflow/dags
[2026-09-18T17:07:42.127+0000] {manager.py:879} INFO - 
================================================================================
DAG File Processing Stats

File Path                                 PID  Runtime      # DAGs    # Errors  Last Runtime    Last Run
--------------------------------------  -----  ---------  --------  ----------  --------------  ----------
/opt/airflow/dags/wifi_pipeline_dag.py    174  0.05s             0           0
================================================================================
[2026-09-18T17:08:11.441+0000] {manager.py:879} INFO - 
================================================================================
DAG File Processing Stats

File Path                               PID    Runtime      # DAGs    # Errors  Last Runtime    Last Run
--------------------------------------  -----  ---------  --------  ----------  --------------  -------------------
/opt/airflow/dags/wifi_pipeline_dag.py                           1           0  0.14s           2026-09-18T17:07:42
================================================================================
[2026-09-18T17:08:40.841+0000] {manager.py:879} INFO - 
================================================================================
DAG File Processing Stats

File Path                               PID    Runtime      # DAGs    # Errors  Last Runtime    Last Run
--------------------------------------  -----  ---------  --------  ----------  --------------  -------------------
/opt/airflow/dags/wifi_pipeline_dag.py                           1           0  0.27s           2026-09-18T17:08:12
================================================================================
[2026-09-18T17:09:10.205+0000] {manager.py:879} INFO - 
================================================================================
DAG File Processing Stats

File Path                               PID    Runtime      # DAGs    # Errors  Last Runtime    Last Run
--------------------------------------  -----  ---------  --------  ----------  --------------  -------------------
/opt/airflow/dags/wifi_pipeline_dag.py                           1           0  0.11s           2026-09-18T17:08:42
================================================================================
[2026-09-18T17:09:39.515+0000] {manager.py:879} INFO - 
================================================================================
DAG File Processing Stats

File Path                               PID    Runtime      # DAGs    # Errors  Last Runtime    Last Run
--------------------------------------  -----  ---------  --------  ----------  --------------  -------------------
/opt/airflow/dags/wifi_pipeline_dag.py                           1           0  0.13s           2026-09-18T17:09:13
================================================================================
[2026-09-18T17:10:08.986+0000] {manager.py:879} INFO - 
================================================================================
DAG File Processing Stats

File Path                               PID    Runtime      # DAGs    # Errors  Last Runtime    Last Run
--------------------------------------  -----  ---------  --------  ----------  --------------  -------------------
/opt/airflow/dags/wifi_pipeline_dag.py                           1           0  0.12s           2026-09-18T17:09:43
================================================================================
[2026-09-18T17:10:38.305+0000] {manager.py:879} INFO - 
================================================================================
DAG File Processing Stats

File Path                               PID    Runtime      # DAGs    # Errors  Last Runtime    Last Run
--------------------------------------  -----  ---------  --------  ----------  --------------  -------------------
/opt/airflow/dags/wifi_pipeline_dag.py                           1           0  0.11s           2026-09-18T17:10:14
================================================================================
[2026-09-18T17:11:07.795+0000] {manager.py:879} INFO - 
================================================================================
DAG File Processing Stats

File Path                               PID    Runtime      # DAGs    # Errors  Last Runtime    Last Run
--------------------------------------  -----  ---------  --------  ----------  --------------  -------------------
/opt/airflow/dags/wifi_pipeline_dag.py                           1           0  0.16s           2026-09-18T17:10:44
================================================================================
[2026-09-18T17:11:22.832+0000] {manager.py:451} INFO - Exiting gracefully upon receiving signal 15
[2026-09-18T17:12:18.013+0000] {manager.py:469} INFO - Processing files using up to 2 processes at a time 
[2026-09-18T17:12:18.014+0000] {manager.py:470} INFO - Process each file at most once every 30 seconds
[2026-09-18T17:12:18.014+0000] {manager.py:471} INFO - Checking for new files in /opt/airflow/dags every 300 seconds
[2026-09-18T17:12:18.015+0000] {manager.py:738} INFO - Searching for files in /opt/airflow/dags
[2026-09-18T17:12:18.016+0000] {manager.py:741} INFO - There are 1 files in /opt/airflow/dags
[2026-09-18T17:12:18.132+0000] {manager.py:879} INFO - 
================================================================================
DAG File Processing Stats

File Path                                 PID  Runtime      # DAGs    # Errors  Last Runtime    Last Run
--------------------------------------  -----  ---------  --------  ----------  --------------  ----------
/opt/airflow/dags/wifi_pipeline_dag.py    174  0.06s             0           0
================================================================================
[2026-09-18T17:12:47.042+0000] {manager.py:879} INFO - 
================================================================================
DAG File Processing Stats

File Path                               PID    Runtime      # DAGs    # Errors  Last Runtime    Last Run
--------------------------------------  -----  ---------  --------  ----------  --------------  -------------------
/opt/airflow/dags/wifi_pipeline_dag.py                           1           0  -0.43s          2026-09-18T17:12:17
================================================================================
[2026-09-18T17:13:16.294+0000] {manager.py:879} INFO - 
================================================================================
DAG File Processing Stats

File Path                               PID    Runtime      # DAGs    # Errors  Last Runtime    Last Run
--------------------------------------  -----  ---------  --------  ----------  --------------  -------------------
/opt/airflow/dags/wifi_pipeline_dag.py                           1           0  0.13s           2026-09-18T17:12:48
================================================================================
[2026-09-18T17:13:45.917+0000] {manager.py:879} INFO - 
================================================================================
DAG File Processing Stats

File Path                               PID    Runtime      # DAGs    # Errors  Last Runtime    Last Run
--------------------------------------  -----  ---------  --------  ----------  --------------  -------------------
/opt/airflow/dags/wifi_pipeline_dag.py                           1           0  0.13s           2026-09-18T17:13:18
================================================================================
[2026-09-18T17:14:15.357+0000] {manager.py:879} INFO - 
================================================================================
DAG File Processing Stats

File Path                               PID    Runtime      # DAGs    # Errors  Last Runtime    Last Run
--------------------------------------  -----  ---------  --------  ----------  --------------  -------------------
/opt/airflow/dags/wifi_pipeline_dag.py                           1           0  0.12s           2026-09-18T17:13:49
================================================================================
[2026-09-18T17:14:44.844+0000] {manager.py:879} INFO - 
================================================================================
DAG File Processing Stats

File Path                               PID    Runtime      # DAGs    # Errors  Last Runtime    Last Run
--------------------------------------  -----  ---------  --------  ----------  --------------  -------------------
/opt/airflow/dags/wifi_pipeline_dag.py                           1           0  0.11s           2026-09-18T17:14:19
================================================================================
[2026-09-18T17:15:14.210+0000] {manager.py:879} INFO - 
================================================================================
DAG File Processing Stats

File Path                               PID    Runtime      # DAGs    # Errors  Last Runtime    Last Run
--------------------------------------  -----  ---------  --------  ----------  --------------  -------------------
/opt/airflow/dags/wifi_pipeline_dag.py                           1           0  0.11s           2026-09-18T17:14:49
================================================================================
[2026-09-18T17:15:43.564+0000] {manager.py:879} INFO - 
================================================================================
DAG File Processing Stats

File Path                               PID    Runtime      # DAGs    # Errors  Last Runtime    Last Run
--------------------------------------  -----  ---------  --------  ----------  --------------  -------------------
/opt/airflow/dags/wifi_pipeline_dag.py                           1           0  0.12s           2026-09-18T17:15:20
================================================================================
[2026-09-18T17:16:12.889+0000] {manager.py:879} INFO - 
================================================================================
DAG File Processing Stats

File Path                               PID    Runtime      # DAGs    # Errors  Last Runtime    Last Run
--------------------------------------  -----  ---------  --------  ----------  --------------  -------------------
/opt/airflow/dags/wifi_pipeline_dag.py                           1           0  0.11s           2026-09-18T17:15:50
================================================================================
[2026-09-18T17:16:42.374+0000] {manager.py:879} INFO - 
================================================================================
DAG File Processing Stats

File Path                               PID    Runtime      # DAGs    # Errors  Last Runtime    Last Run
--------------------------------------  -----  ---------  --------  ----------  --------------  -------------------
/opt/airflow/dags/wifi_pipeline_dag.py                           1           0  0.14s           2026-09-18T17:16:21
================================================================================
[2026-09-18T17:17:11.827+0000] {manager.py:879} INFO - 
================================================================================
DAG File Processing Stats

File Path                               PID    Runtime      # DAGs    # Errors  Last Runtime    Last Run
--------------------------------------  -----  ---------  --------  ----------  --------------  -------------------
/opt/airflow/dags/wifi_pipeline_dag.py                           1           0  0.12s           2026-09-18T17:16:51
================================================================================
[2026-09-18T17:17:18.877+0000] {manager.py:738} INFO - Searching for files in /opt/airflow/dags
[2026-09-18T17:17:18.879+0000] {manager.py:741} INFO - There are 1 files in /opt/airflow/dags
[2026-09-18T17:17:41.188+0000] {manager.py:879} INFO - 
================================================================================
DAG File Processing Stats

File Path                               PID    Runtime      # DAGs    # Errors  Last Runtime    Last Run
--------------------------------------  -----  ---------  --------  ----------  --------------  -------------------
/opt/airflow/dags/wifi_pipeline_dag.py                           1           0  0.14s           2026-09-18T17:17:22
================================================================================
[2026-09-18T17:17:51.312+0000] {manager.py:451} INFO - Exiting gracefully upon receiving signal 15
[2026-09-18T17:18:35.858+0000] {manager.py:469} INFO - Processing files using up to 2 processes at a time 
[2026-09-18T17:18:35.859+0000] {manager.py:470} INFO - Process each file at most once every 30 seconds
[2026-09-18T17:18:35.860+0000] {manager.py:471} INFO - Checking for new files in /opt/airflow/dags every 300 seconds
[2026-09-18T17:18:35.860+0000] {manager.py:738} INFO - Searching for files in /opt/airflow/dags
[2026-09-18T17:18:35.863+0000] {manager.py:741} INFO - There are 1 files in /opt/airflow/dags
[2026-09-18T17:18:35.969+0000] {manager.py:879} INFO - 
================================================================================
DAG File Processing Stats

File Path                                 PID  Runtime      # DAGs    # Errors  Last Runtime    Last Run
--------------------------------------  -----  ---------  --------  ----------  --------------  ----------
/opt/airflow/dags/wifi_pipeline_dag.py    174  0.05s             0           0
================================================================================
[2026-09-18T17:19:05.294+0000] {manager.py:879} INFO - 
================================================================================
DAG File Processing Stats

File Path                               PID    Runtime      # DAGs    # Errors  Last Runtime    Last Run
--------------------------------------  -----  ---------  --------  ----------  --------------  -------------------
/opt/airflow/dags/wifi_pipeline_dag.py                           1           0  0.41s           2026-09-18T17:18:36
================================================================================
[2026-09-18T17:19:34.578+0000] {manager.py:879} INFO - 
================================================================================
DAG File Processing Stats

File Path                               PID    Runtime      # DAGs    # Errors  Last Runtime    Last Run
--------------------------------------  -----  ---------  --------  ----------  --------------  -------------------
/opt/airflow/dags/wifi_pipeline_dag.py                           1           0  0.13s           2026-09-18T17:19:06
================================================================================
[2026-09-18T17:20:03.934+0000] {manager.py:879} INFO - 
================================================================================
DAG File Processing Stats

File Path                               PID    Runtime      # DAGs    # Errors  Last Runtime    Last Run
--------------------------------------  -----  ---------  --------  ----------  --------------  -------------------
/opt/airflow/dags/wifi_pipeline_dag.py                           1           0  0.14s           2026-09-18T17:19:36
================================================================================
[2026-09-18T17:20:33.276+0000] {manager.py:879} INFO - 
================================================================================
DAG File Processing Stats

File Path                               PID    Runtime      # DAGs    # Errors  Last Runtime    Last Run
--------------------------------------  -----  ---------  --------  ----------  --------------  -------------------
/opt/airflow/dags/wifi_pipeline_dag.py                           1           0  0.13s           2026-09-18T17:20:07
================================================================================
[2026-09-18T17:21:02.266+0000] {manager.py:879} INFO - 
================================================================================
DAG File Processing Stats

File Path                               PID    Runtime      # DAGs    # Errors  Last Runtime    Last Run
--------------------------------------  -----  ---------  --------  ----------  --------------  -------------------
/opt/airflow/dags/wifi_pipeline_dag.py                           1           0  0.14s           2026-09-18T17:20:37
================================================================================
[2026-09-18T17:21:31.052+0000] {manager.py:879} INFO - 
================================================================================
DAG File Processing Stats

File Path                               PID    Runtime      # DAGs    # Errors  Last Runtime    Last Run
--------------------------------------  -----  ---------  --------  ----------  --------------  -------------------
/opt/airflow/dags/wifi_pipeline_dag.py                           1           0  0.12s           2026-09-18T17:21:07
================================================================================
[2026-09-18T17:22:00.390+0000] {manager.py:879} INFO - 
================================================================================
DAG File Processing Stats

File Path                               PID    Runtime      # DAGs    # Errors  Last Runtime    Last Run
--------------------------------------  -----  ---------  --------  ----------  --------------  -------------------
/opt/airflow/dags/wifi_pipeline_dag.py                           1           0  0.14s           2026-09-18T17:21:38
================================================================================
[2026-09-18T17:22:29.693+0000] {manager.py:879} INFO - 
================================================================================
DAG File Processing Stats

File Path                               PID    Runtime      # DAGs    # Errors  Last Runtime    Last Run
--------------------------------------  -----  ---------  --------  ----------  --------------  -------------------
/opt/airflow/dags/wifi_pipeline_dag.py                           1           0  0.16s           2026-09-18T17:22:08
================================================================================
[2026-09-18T17:22:59.170+0000] {manager.py:879} INFO - 
================================================================================
DAG File Processing Stats

File Path                               PID    Runtime      # DAGs    # Errors  Last Runtime    Last Run
--------------------------------------  -----  ---------  --------  ----------  --------------  -------------------
/opt/airflow/dags/wifi_pipeline_dag.py                           1           0  0.13s           2026-09-18T17:22:38
================================================================================
[2026-09-18T17:23:28.493+0000] {manager.py:879} INFO - 
================================================================================
DAG File Processing Stats

File Path                               PID    Runtime      # DAGs    # Errors  Last Runtime    Last Run
--------------------------------------  -----  ---------  --------  ----------  --------------  -------------------
/opt/airflow/dags/wifi_pipeline_dag.py                           1           0  0.12s           2026-09-18T17:23:09
================================================================================
[2026-09-18T17:23:36.559+0000] {manager.py:738} INFO - Searching for files in /opt/airflow/dags
[2026-09-18T17:23:36.560+0000] {manager.py:741} INFO - There are 1 files in /opt/airflow/dags
[2026-09-18T17:23:57.831+0000] {manager.py:879} INFO - 
================================================================================
DAG File Processing Stats

File Path                               PID    Runtime      # DAGs    # Errors  Last Runtime    Last Run
--------------------------------------  -----  ---------  --------  ----------  --------------  -------------------
/opt/airflow/dags/wifi_pipeline_dag.py                           1           0  0.12s           2026-09-18T17:23:39
================================================================================
[2026-09-18T17:24:27.206+0000] {manager.py:879} INFO - 
================================================================================
DAG File Processing Stats

File Path                               PID    Runtime      # DAGs    # Errors  Last Runtime    Last Run
--------------------------------------  -----  ---------  --------  ----------  --------------  -------------------
/opt/airflow/dags/wifi_pipeline_dag.py                           1           0  0.12s           2026-09-18T17:24:10
================================================================================
[2026-09-18T17:24:56.587+0000] {manager.py:879} INFO - 
================================================================================
DAG File Processing Stats

File Path                               PID    Runtime      # DAGs    # Errors  Last Runtime    Last Run
--------------------------------------  -----  ---------  --------  ----------  --------------  -------------------
/opt/airflow/dags/wifi_pipeline_dag.py                           1           0  0.13s           2026-09-18T17:24:40
================================================================================
[2026-09-18T17:25:25.962+0000] {manager.py:879} INFO - 
================================================================================
DAG File Processing Stats

File Path                               PID    Runtime      # DAGs    # Errors  Last Runtime    Last Run
--------------------------------------  -----  ---------  --------  ----------  --------------  -------------------
/opt/airflow/dags/wifi_pipeline_dag.py                           1           0  0.14s           2026-09-18T17:25:10
================================================================================
[2026-09-18T17:25:55.328+0000] {manager.py:879} INFO - 
================================================================================
DAG File Processing Stats

File Path                               PID    Runtime      # DAGs    # Errors  Last Runtime    Last Run
--------------------------------------  -----  ---------  --------  ----------  --------------  -------------------
/opt/airflow/dags/wifi_pipeline_dag.py                           1           0  0.13s           2026-09-18T17:25:41
================================================================================
[2026-09-18T17:26:24.663+0000] {manager.py:879} INFO - 
================================================================================
DAG File Processing Stats

File Path                               PID    Runtime      # DAGs    # Errors  Last Runtime    Last Run
--------------------------------------  -----  ---------  --------  ----------  --------------  -------------------
/opt/airflow/dags/wifi_pipeline_dag.py                           1           0  0.14s           2026-09-18T17:26:11
================================================================================
[2026-09-18T17:26:53.953+0000] {manager.py:879} INFO - 
================================================================================
DAG File Processing Stats

File Path                               PID    Runtime      # DAGs    # Errors  Last Runtime    Last Run
--------------------------------------  -----  ---------  --------  ----------  --------------  -------------------
/opt/airflow/dags/wifi_pipeline_dag.py                           1           0  0.12s           2026-09-18T17:26:41
================================================================================
[2026-09-18T17:27:23.301+0000] {manager.py:879} INFO - 
================================================================================
DAG File Processing Stats

File Path                               PID    Runtime      # DAGs    # Errors  Last Runtime    Last Run
--------------------------------------  -----  ---------  --------  ----------  --------------  -------------------
/opt/airflow/dags/wifi_pipeline_dag.py                           1           0  0.11s           2026-09-18T17:27:12
================================================================================
[2026-09-18T17:27:52.625+0000] {manager.py:451} INFO - Exiting gracefully upon receiving signal 15
[2026-09-18T17:28:20.561+0000] {manager.py:469} INFO - Processing files using up to 2 processes at a time 
[2026-09-18T17:28:20.562+0000] {manager.py:470} INFO - Process each file at most once every 30 seconds
[2026-09-18T17:28:20.563+0000] {manager.py:471} INFO - Checking for new files in /opt/airflow/dags every 300 seconds
[2026-09-18T17:28:20.563+0000] {manager.py:738} INFO - Searching for files in /opt/airflow/dags
[2026-09-18T17:28:20.565+0000] {manager.py:741} INFO - There are 1 files in /opt/airflow/dags
[2026-09-18T17:28:20.657+0000] {manager.py:879} INFO - 
================================================================================
DAG File Processing Stats

File Path                                 PID  Runtime      # DAGs    # Errors  Last Runtime    Last Run
--------------------------------------  -----  ---------  --------  ----------  --------------  ----------
/opt/airflow/dags/wifi_pipeline_dag.py    174  0.04s             0           0
================================================================================
[2026-09-18T17:28:50.146+0000] {manager.py:879} INFO - 
================================================================================
DAG File Processing Stats

File Path                               PID    Runtime      # DAGs    # Errors  Last Runtime    Last Run
--------------------------------------  -----  ---------  --------  ----------  --------------  -------------------
/opt/airflow/dags/wifi_pipeline_dag.py                           1           0  0.14s           2026-09-18T17:28:20
================================================================================
[2026-09-18T17:29:19.474+0000] {manager.py:879} INFO - 
================================================================================
DAG File Processing Stats

File Path                               PID    Runtime      # DAGs    # Errors  Last Runtime    Last Run
--------------------------------------  -----  ---------  --------  ----------  --------------  -------------------
/opt/airflow/dags/wifi_pipeline_dag.py                           1           0  0.26s           2026-09-18T17:28:51
================================================================================
[2026-09-18T17:29:48.643+0000] {manager.py:879} INFO - 
================================================================================
DAG File Processing Stats

File Path                               PID    Runtime      # DAGs    # Errors  Last Runtime    Last Run
--------------------------------------  -----  ---------  --------  ----------  --------------  -------------------
/opt/airflow/dags/wifi_pipeline_dag.py                           1           0  0.11s           2026-09-18T17:29:21
================================================================================
[2026-09-18T17:29:48.672+0000] {manager.py:451} INFO - Exiting gracefully upon receiving signal 15
[2026-09-18T17:30:19.074+0000] {manager.py:469} INFO - Processing files using up to 2 processes at a time 
[2026-09-18T17:30:19.075+0000] {manager.py:470} INFO - Process each file at most once every 30 seconds
[2026-09-18T17:30:19.076+0000] {manager.py:471} INFO - Checking for new files in /opt/airflow/dags every 300 seconds
[2026-09-18T17:30:19.076+0000] {manager.py:738} INFO - Searching for files in /opt/airflow/dags
[2026-09-18T17:30:19.078+0000] {manager.py:741} INFO - There are 1 files in /opt/airflow/dags
[2026-09-18T17:30:19.168+0000] {manager.py:879} INFO - 
================================================================================
DAG File Processing Stats

File Path                                 PID  Runtime      # DAGs    # Errors  Last Runtime    Last Run
--------------------------------------  -----  ---------  --------  ----------  --------------  ----------
/opt/airflow/dags/wifi_pipeline_dag.py    174  0.04s             0           0
================================================================================
[2026-09-18T17:30:48.643+0000] {manager.py:879} INFO - 
================================================================================
DAG File Processing Stats

File Path                               PID    Runtime      # DAGs    # Errors  Last Runtime    Last Run
--------------------------------------  -----  ---------  --------  ----------  --------------  -------------------
/opt/airflow/dags/wifi_pipeline_dag.py                           1           0  0.13s           2026-09-18T17:30:19
================================================================================
[2026-09-18T17:31:17.936+0000] {manager.py:879} INFO - 
================================================================================
DAG File Processing Stats

File Path                               PID    Runtime      # DAGs    # Errors  Last Runtime    Last Run
--------------------------------------  -----  ---------  --------  ----------  --------------  -------------------
/opt/airflow/dags/wifi_pipeline_dag.py                           1           0  0.28s           2026-09-18T17:30:49
================================================================================
[2026-09-18T17:31:36.507+0000] {manager.py:451} INFO - Exiting gracefully upon receiving signal 15
[2026-09-18T17:32:04.546+0000] {manager.py:469} INFO - Processing files using up to 2 processes at a time 
[2026-09-18T17:32:04.547+0000] {manager.py:470} INFO - Process each file at most once every 30 seconds
[2026-09-18T17:32:04.547+0000] {manager.py:471} INFO - Checking for new files in /opt/airflow/dags every 300 seconds
[2026-09-18T17:32:04.547+0000] {manager.py:738} INFO - Searching for files in /opt/airflow/dags
[2026-09-18T17:32:04.549+0000] {manager.py:741} INFO - There are 1 files in /opt/airflow/dags
[2026-09-18T17:32:04.638+0000] {manager.py:879} INFO - 
================================================================================
DAG File Processing Stats

File Path                                 PID  Runtime      # DAGs    # Errors  Last Runtime    Last Run
--------------------------------------  -----  ---------  --------  ----------  --------------  ----------
/opt/airflow/dags/wifi_pipeline_dag.py    174  0.05s             0           0
================================================================================
[2026-09-18T17:32:33.928+0000] {manager.py:879} INFO - 
================================================================================
DAG File Processing Stats

File Path                               PID    Runtime      # DAGs    # Errors  Last Runtime    Last Run
--------------------------------------  -----  ---------  --------  ----------  --------------  -------------------
/opt/airflow/dags/wifi_pipeline_dag.py                           1           0  0.14s           2026-09-18T17:32:04
================================================================================
[2026-09-18T17:33:03.191+0000] {manager.py:879} INFO - 
================================================================================
DAG File Processing Stats

File Path                               PID    Runtime      # DAGs    # Errors  Last Runtime    Last Run
--------------------------------------  -----  ---------  --------  ----------  --------------  -------------------
/opt/airflow/dags/wifi_pipeline_dag.py                           1           0  0.33s           2026-09-18T17:32:35
================================================================================
[2026-09-18T17:33:32.767+0000] {manager.py:879} INFO - 
================================================================================
DAG File Processing Stats

File Path                               PID    Runtime      # DAGs    # Errors  Last Runtime    Last Run
--------------------------------------  -----  ---------  --------  ----------  --------------  -------------------
/opt/airflow/dags/wifi_pipeline_dag.py                           1           0  0.11s           2026-09-18T17:33:05
================================================================================
[2026-09-18T17:34:02.080+0000] {manager.py:879} INFO - 
================================================================================
DAG File Processing Stats

File Path                               PID    Runtime      # DAGs    # Errors  Last Runtime    Last Run
--------------------------------------  -----  ---------  --------  ----------  --------------  -------------------
/opt/airflow/dags/wifi_pipeline_dag.py                           1           0  0.17s           2026-09-18T17:33:35
================================================================================
[2026-09-18T17:34:31.593+0000] {manager.py:879} INFO - 
================================================================================
DAG File Processing Stats

File Path                               PID    Runtime      # DAGs    # Errors  Last Runtime    Last Run
--------------------------------------  -----  ---------  --------  ----------  --------------  -------------------
/opt/airflow/dags/wifi_pipeline_dag.py                           1           0  0.12s           2026-09-18T17:34:06
================================================================================
[2026-09-18T17:35:00.896+0000] {manager.py:879} INFO - 
================================================================================
DAG File Processing Stats

File Path                               PID    Runtime      # DAGs    # Errors  Last Runtime    Last Run
--------------------------------------  -----  ---------  --------  ----------  --------------  -------------------
/opt/airflow/dags/wifi_pipeline_dag.py                           1           0  0.11s           2026-09-18T17:34:36
================================================================================
[2026-09-18T17:35:30.265+0000] {manager.py:879} INFO - 
================================================================================
DAG File Processing Stats

File Path                               PID    Runtime      # DAGs    # Errors  Last Runtime    Last Run
--------------------------------------  -----  ---------  --------  ----------  --------------  -------------------
/opt/airflow/dags/wifi_pipeline_dag.py                           1           0  0.13s           2026-09-18T17:35:07
================================================================================
[2026-09-18T17:35:59.588+0000] {manager.py:879} INFO - 
================================================================================
DAG File Processing Stats

File Path                               PID    Runtime      # DAGs    # Errors  Last Runtime    Last Run
--------------------------------------  -----  ---------  --------  ----------  --------------  -------------------
/opt/airflow/dags/wifi_pipeline_dag.py                           1           0  0.11s           2026-09-18T17:35:37
================================================================================
[2026-09-18T17:36:29.076+0000] {manager.py:879} INFO - 
================================================================================
DAG File Processing Stats

File Path                               PID    Runtime      # DAGs    # Errors  Last Runtime    Last Run
--------------------------------------  -----  ---------  --------  ----------  --------------  -------------------
/opt/airflow/dags/wifi_pipeline_dag.py                           1           0  0.12s           2026-09-18T17:36:07
================================================================================
[2026-09-18T17:36:58.545+0000] {manager.py:879} INFO - 
================================================================================
DAG File Processing Stats

File Path                               PID    Runtime      # DAGs    # Errors  Last Runtime    Last Run
--------------------------------------  -----  ---------  --------  ----------  --------------  -------------------
/opt/airflow/dags/wifi_pipeline_dag.py                           1           0  0.11s           2026-09-18T17:36:38
================================================================================
[2026-09-18T17:37:04.725+0000] {manager.py:738} INFO - Searching for files in /opt/airflow/dags
[2026-09-18T17:37:04.726+0000] {manager.py:741} INFO - There are 1 files in /opt/airflow/dags
[2026-09-18T17:37:28.098+0000] {manager.py:879} INFO - 
================================================================================
DAG File Processing Stats

File Path                               PID    Runtime      # DAGs    # Errors  Last Runtime    Last Run
--------------------------------------  -----  ---------  --------  ----------  --------------  -------------------
/opt/airflow/dags/wifi_pipeline_dag.py                           1           0  0.13s           2026-09-18T17:37:08
================================================================================
[2026-09-18T17:37:57.558+0000] {manager.py:879} INFO - 
================================================================================
DAG File Processing Stats

File Path                               PID    Runtime      # DAGs    # Errors  Last Runtime    Last Run
--------------------------------------  -----  ---------  --------  ----------  --------------  -------------------
/opt/airflow/dags/wifi_pipeline_dag.py                           1           0  0.13s           2026-09-18T17:37:39
================================================================================
[2026-09-18T17:38:26.870+0000] {manager.py:879} INFO - 
================================================================================
DAG File Processing Stats

File Path                               PID    Runtime      # DAGs    # Errors  Last Runtime    Last Run
--------------------------------------  -----  ---------  --------  ----------  --------------  -------------------
/opt/airflow/dags/wifi_pipeline_dag.py                           1           0  0.19s           2026-09-18T17:38:09
================================================================================
[2026-09-18T17:38:56.214+0000] {manager.py:879} INFO - 
================================================================================
DAG File Processing Stats

File Path                               PID    Runtime      # DAGs    # Errors  Last Runtime    Last Run
--------------------------------------  -----  ---------  --------  ----------  --------------  -------------------
/opt/airflow/dags/wifi_pipeline_dag.py                           1           0  0.11s           2026-09-18T17:38:40
================================================================================
[2026-09-18T17:39:25.626+0000] {manager.py:879} INFO - 
================================================================================
DAG File Processing Stats

File Path                               PID    Runtime      # DAGs    # Errors  Last Runtime    Last Run
--------------------------------------  -----  ---------  --------  ----------  --------------  -------------------
/opt/airflow/dags/wifi_pipeline_dag.py                           1           0  0.11s           2026-09-18T17:39:10
================================================================================
[2026-09-18T17:39:55.049+0000] {manager.py:879} INFO - 
================================================================================
DAG File Processing Stats

File Path                               PID    Runtime      # DAGs    # Errors  Last Runtime    Last Run
--------------------------------------  -----  ---------  --------  ----------  --------------  -------------------
/opt/airflow/dags/wifi_pipeline_dag.py                           1           0  0.12s           2026-09-18T17:39:40
================================================================================
[2026-09-18T17:40:24.424+0000] {manager.py:879} INFO - 
================================================================================
DAG File Processing Stats

File Path                               PID    Runtime      # DAGs    # Errors  Last Runtime    Last Run
--------------------------------------  -----  ---------  --------  ----------  --------------  -------------------
/opt/airflow/dags/wifi_pipeline_dag.py                           1           0  0.12s           2026-09-18T17:40:11
================================================================================
[2026-09-18T17:40:53.681+0000] {manager.py:879} INFO - 
================================================================================
DAG File Processing Stats

File Path                               PID    Runtime      # DAGs    # Errors  Last Runtime    Last Run
--------------------------------------  -----  ---------  --------  ----------  --------------  -------------------
/opt/airflow/dags/wifi_pipeline_dag.py                           1           0  0.14s           2026-09-18T17:40:41
================================================================================
[2026-09-18T17:41:23.086+0000] {manager.py:879} INFO - 
================================================================================
DAG File Processing Stats

File Path                               PID    Runtime      # DAGs    # Errors  Last Runtime    Last Run
--------------------------------------  -----  ---------  --------  ----------  --------------  -------------------
/opt/airflow/dags/wifi_pipeline_dag.py                           1           0  0.13s           2026-09-18T17:41:12
================================================================================
[2026-09-18T17:41:52.006+0000] {manager.py:879} INFO - 
================================================================================
DAG File Processing Stats

File Path                               PID    Runtime      # DAGs    # Errors  Last Runtime    Last Run
--------------------------------------  -----  ---------  --------  ----------  --------------  -------------------
/opt/airflow/dags/wifi_pipeline_dag.py                           1           0  0.11s           2026-09-18T17:41:42
================================================================================
[2026-09-18T17:42:05.539+0000] {manager.py:738} INFO - Searching for files in /opt/airflow/dags
[2026-09-18T17:42:05.540+0000] {manager.py:741} INFO - There are 1 files in /opt/airflow/dags
[2026-09-18T17:42:20.621+0000] {manager.py:879} INFO - 
================================================================================
DAG File Processing Stats

File Path                               PID    Runtime      # DAGs    # Errors  Last Runtime    Last Run
--------------------------------------  -----  ---------  --------  ----------  --------------  -------------------
/opt/airflow/dags/wifi_pipeline_dag.py                           1           0  0.11s           2026-09-18T17:42:12
================================================================================
[2026-09-18T17:42:49.927+0000] {manager.py:879} INFO - 
================================================================================
DAG File Processing Stats

File Path                               PID    Runtime      # DAGs    # Errors  Last Runtime    Last Run
--------------------------------------  -----  ---------  --------  ----------  --------------  -------------------
/opt/airflow/dags/wifi_pipeline_dag.py                           1           0  0.14s           2026-09-18T17:42:42
================================================================================
[2026-09-18T17:43:19.253+0000] {manager.py:879} INFO - 
================================================================================
DAG File Processing Stats

File Path                               PID    Runtime      # DAGs    # Errors  Last Runtime    Last Run
--------------------------------------  -----  ---------  --------  ----------  --------------  -------------------
/opt/airflow/dags/wifi_pipeline_dag.py                           1           0  0.11s           2026-09-18T17:43:13
================================================================================
[2026-09-18T17:43:48.535+0000] {manager.py:879} INFO - 
================================================================================
DAG File Processing Stats

File Path                               PID    Runtime      # DAGs    # Errors  Last Runtime    Last Run
--------------------------------------  -----  ---------  --------  ----------  --------------  -------------------
/opt/airflow/dags/wifi_pipeline_dag.py                           1           0  0.12s           2026-09-18T17:43:43
================================================================================
[2026-09-18T17:44:17.904+0000] {manager.py:879} INFO - 
================================================================================
DAG File Processing Stats

File Path                               PID    Runtime      # DAGs    # Errors  Last Runtime    Last Run
--------------------------------------  -----  ---------  --------  ----------  --------------  -------------------
/opt/airflow/dags/wifi_pipeline_dag.py                           1           0  0.11s           2026-09-18T17:44:13
================================================================================
[2026-09-18T17:44:47.387+0000] {manager.py:879} INFO - 
================================================================================
DAG File Processing Stats

File Path                               PID    Runtime      # DAGs    # Errors  Last Runtime    Last Run
--------------------------------------  -----  ---------  --------  ----------  --------------  -------------------
/opt/airflow/dags/wifi_pipeline_dag.py                           1           0  0.10s           2026-09-18T17:44:44
================================================================================
[2026-09-18T17:45:16.773+0000] {manager.py:879} INFO - 
================================================================================
DAG File Processing Stats

File Path                               PID    Runtime      # DAGs    # Errors  Last Runtime    Last Run
--------------------------------------  -----  ---------  --------  ----------  --------------  -------------------
/opt/airflow/dags/wifi_pipeline_dag.py                           1           0  0.14s           2026-09-18T17:45:14
================================================================================
[2026-09-18T17:45:46.131+0000] {manager.py:879} INFO - 
================================================================================
DAG File Processing Stats

File Path                               PID    Runtime      # DAGs    # Errors  Last Runtime    Last Run
--------------------------------------  -----  ---------  --------  ----------  --------------  -------------------
/opt/airflow/dags/wifi_pipeline_dag.py                           1           0  0.29s           2026-09-18T17:45:45
================================================================================
[2026-09-18T17:46:15.362+0000] {manager.py:879} INFO - 
================================================================================
DAG File Processing Stats

File Path                               PID    Runtime      # DAGs    # Errors  Last Runtime    Last Run
--------------------------------------  -----  ---------  --------  ----------  --------------  -------------------
/opt/airflow/dags/wifi_pipeline_dag.py                           1           0  0.29s           2026-09-18T17:45:45
================================================================================
[2026-09-18T17:46:44.747+0000] {manager.py:879} INFO - 
================================================================================
DAG File Processing Stats

File Path                               PID    Runtime      # DAGs    # Errors  Last Runtime    Last Run
--------------------------------------  -----  ---------  --------  ----------  --------------  -------------------
/opt/airflow/dags/wifi_pipeline_dag.py                           1           0  0.13s           2026-09-18T17:46:15
================================================================================
[2026-09-18T17:47:05.979+0000] {manager.py:738} INFO - Searching for files in /opt/airflow/dags
[2026-09-18T17:47:05.982+0000] {manager.py:741} INFO - There are 1 files in /opt/airflow/dags
[2026-09-18T17:47:14.046+0000] {manager.py:879} INFO - 
================================================================================
DAG File Processing Stats

File Path                               PID    Runtime      # DAGs    # Errors  Last Runtime    Last Run
--------------------------------------  -----  ---------  --------  ----------  --------------  -------------------
/opt/airflow/dags/wifi_pipeline_dag.py                           1           0  0.14s           2026-09-18T17:46:45
================================================================================
[2026-09-18T17:47:43.291+0000] {manager.py:879} INFO - 
================================================================================
DAG File Processing Stats

File Path                               PID    Runtime      # DAGs    # Errors  Last Runtime    Last Run
--------------------------------------  -----  ---------  --------  ----------  --------------  -------------------
/opt/airflow/dags/wifi_pipeline_dag.py                           1           0  0.12s           2026-09-18T17:47:16
================================================================================
[2026-09-18T17:48:12.554+0000] {manager.py:879} INFO - 
================================================================================
DAG File Processing Stats

File Path                               PID    Runtime      # DAGs    # Errors  Last Runtime    Last Run
--------------------------------------  -----  ---------  --------  ----------  --------------  -------------------
/opt/airflow/dags/wifi_pipeline_dag.py                           1           0  0.24s           2026-09-18T17:47:46
================================================================================
[2026-09-18T17:48:41.947+0000] {manager.py:879} INFO - 
================================================================================
DAG File Processing Stats

File Path                               PID    Runtime      # DAGs    # Errors  Last Runtime    Last Run
--------------------------------------  -----  ---------  --------  ----------  --------------  -------------------
/opt/airflow/dags/wifi_pipeline_dag.py                           1           0  0.13s           2026-09-18T17:48:16
================================================================================
[2026-09-18T17:49:11.146+0000] {manager.py:879} INFO - 
================================================================================
DAG File Processing Stats

File Path                               PID    Runtime      # DAGs    # Errors  Last Runtime    Last Run
--------------------------------------  -----  ---------  --------  ----------  --------------  -------------------
/opt/airflow/dags/wifi_pipeline_dag.py                           1           0  0.12s           2026-09-18T17:48:47
================================================================================
[2026-09-18T17:49:40.416+0000] {manager.py:879} INFO - 
================================================================================
DAG File Processing Stats

File Path                               PID    Runtime      # DAGs    # Errors  Last Runtime    Last Run
--------------------------------------  -----  ---------  --------  ----------  --------------  -------------------
/opt/airflow/dags/wifi_pipeline_dag.py                           1           0  0.29s           2026-09-18T17:49:17
================================================================================
[2026-09-18T17:50:09.854+0000] {manager.py:879} INFO - 
================================================================================
DAG File Processing Stats

File Path                               PID    Runtime      # DAGs    # Errors  Last Runtime    Last Run
--------------------------------------  -----  ---------  --------  ----------  --------------  -------------------
/opt/airflow/dags/wifi_pipeline_dag.py                           1           0  0.11s           2026-09-18T17:49:47
================================================================================
[2026-09-18T17:50:39.122+0000] {manager.py:879} INFO - 
================================================================================
DAG File Processing Stats

File Path                               PID    Runtime      # DAGs    # Errors  Last Runtime    Last Run
--------------------------------------  -----  ---------  --------  ----------  --------------  -------------------
/opt/airflow/dags/wifi_pipeline_dag.py                           1           0  0.12s           2026-09-18T17:50:18
================================================================================
[2026-09-18T17:51:08.484+0000] {manager.py:879} INFO - 
================================================================================
DAG File Processing Stats

File Path                               PID    Runtime      # DAGs    # Errors  Last Runtime    Last Run
--------------------------------------  -----  ---------  --------  ----------  --------------  -------------------
/opt/airflow/dags/wifi_pipeline_dag.py                           1           0  0.11s           2026-09-18T17:50:48
================================================================================
[2026-09-18T17:51:37.802+0000] {manager.py:879} INFO - 
================================================================================
DAG File Processing Stats

File Path                               PID    Runtime      # DAGs    # Errors  Last Runtime    Last Run
--------------------------------------  -----  ---------  --------  ----------  --------------  -------------------
/opt/airflow/dags/wifi_pipeline_dag.py                           1           0  0.11s           2026-09-18T17:51:18
================================================================================
[2026-09-18T17:52:06.131+0000] {manager.py:738} INFO - Searching for files in /opt/airflow/dags
[2026-09-18T17:52:06.177+0000] {manager.py:741} INFO - There are 1 files in /opt/airflow/dags
[2026-09-18T17:52:07.192+0000] {manager.py:879} INFO - 
================================================================================
DAG File Processing Stats

File Path                               PID    Runtime      # DAGs    # Errors  Last Runtime    Last Run
--------------------------------------  -----  ---------  --------  ----------  --------------  -------------------
/opt/airflow/dags/wifi_pipeline_dag.py                           1           0  0.10s           2026-09-18T17:51:48
================================================================================
[2026-09-18T17:52:36.391+0000] {manager.py:879} INFO - 
================================================================================
DAG File Processing Stats

File Path                               PID    Runtime      # DAGs    # Errors  Last Runtime    Last Run
--------------------------------------  -----  ---------  --------  ----------  --------------  -------------------
/opt/airflow/dags/wifi_pipeline_dag.py                           1           0  0.11s           2026-09-18T17:52:19
================================================================================
[2026-09-18T17:53:05.651+0000] {manager.py:879} INFO - 
================================================================================
DAG File Processing Stats

File Path                               PID    Runtime      # DAGs    # Errors  Last Runtime    Last Run
--------------------------------------  -----  ---------  --------  ----------  --------------  -------------------
/opt/airflow/dags/wifi_pipeline_dag.py                           1           0  0.11s           2026-09-18T17:52:49
================================================================================
[2026-09-18T17:53:34.934+0000] {manager.py:879} INFO - 
================================================================================
DAG File Processing Stats

File Path                               PID    Runtime      # DAGs    # Errors  Last Runtime    Last Run
--------------------------------------  -----  ---------  --------  ----------  --------------  -------------------
/opt/airflow/dags/wifi_pipeline_dag.py                           1           0  0.13s           2026-09-18T17:53:19
================================================================================
[2026-09-18T17:54:04.142+0000] {manager.py:879} INFO - 
================================================================================
DAG File Processing Stats

File Path                               PID    Runtime      # DAGs    # Errors  Last Runtime    Last Run
--------------------------------------  -----  ---------  --------  ----------  --------------  -------------------
/opt/airflow/dags/wifi_pipeline_dag.py                           1           0  0.11s           2026-09-18T17:53:50
================================================================================
[2026-09-18T17:54:33.443+0000] {manager.py:879} INFO - 
================================================================================
DAG File Processing Stats

File Path                               PID    Runtime      # DAGs    # Errors  Last Runtime    Last Run
--------------------------------------  -----  ---------  --------  ----------  --------------  -------------------
/opt/airflow/dags/wifi_pipeline_dag.py                           1           0  0.12s           2026-09-18T17:54:20
================================================================================
[2026-09-18T17:55:02.733+0000] {manager.py:879} INFO - 
================================================================================
DAG File Processing Stats

File Path                               PID    Runtime      # DAGs    # Errors  Last Runtime    Last Run
--------------------------------------  -----  ---------  --------  ----------  --------------  -------------------
/opt/airflow/dags/wifi_pipeline_dag.py                           1           0  0.11s           2026-09-18T17:54:50
================================================================================
[2026-09-18T17:55:31.966+0000] {manager.py:879} INFO - 
================================================================================
DAG File Processing Stats

File Path                               PID    Runtime      # DAGs    # Errors  Last Runtime    Last Run
--------------------------------------  -----  ---------  --------  ----------  --------------  -------------------
/opt/airflow/dags/wifi_pipeline_dag.py                           1           0  0.10s           2026-09-18T17:55:20
================================================================================
[2026-09-18T17:56:01.196+0000] {manager.py:879} INFO - 
================================================================================
DAG File Processing Stats

File Path                               PID    Runtime      # DAGs    # Errors  Last Runtime    Last Run
--------------------------------------  -----  ---------  --------  ----------  --------------  -------------------
/opt/airflow/dags/wifi_pipeline_dag.py                           1           0  0.13s           2026-09-18T17:55:51
================================================================================
[2026-09-18T17:56:30.530+0000] {manager.py:879} INFO - 
================================================================================
DAG File Processing Stats

File Path                               PID    Runtime      # DAGs    # Errors  Last Runtime    Last Run
--------------------------------------  -----  ---------  --------  ----------  --------------  -------------------
/opt/airflow/dags/wifi_pipeline_dag.py                           1           0  0.10s           2026-09-18T17:56:21
================================================================================
[2026-09-18T17:56:59.642+0000] {manager.py:879} INFO - 
================================================================================
DAG File Processing Stats

File Path                               PID    Runtime      # DAGs    # Errors  Last Runtime    Last Run
--------------------------------------  -----  ---------  --------  ----------  --------------  -------------------
/opt/airflow/dags/wifi_pipeline_dag.py                           1           0  0.11s           2026-09-18T17:56:51
================================================================================
[2026-09-18T17:57:06.684+0000] {manager.py:738} INFO - Searching for files in /opt/airflow/dags
[2026-09-18T17:57:06.691+0000] {manager.py:741} INFO - There are 1 files in /opt/airflow/dags
[2026-09-18T17:57:28.812+0000] {manager.py:879} INFO - 
================================================================================
DAG File Processing Stats

File Path                               PID    Runtime      # DAGs    # Errors  Last Runtime    Last Run
--------------------------------------  -----  ---------  --------  ----------  --------------  -------------------
/opt/airflow/dags/wifi_pipeline_dag.py                           1           0  0.10s           2026-09-18T17:57:21
================================================================================
[2026-09-18T17:57:57.949+0000] {manager.py:879} INFO - 
================================================================================
DAG File Processing Stats

File Path                               PID    Runtime      # DAGs    # Errors  Last Runtime    Last Run
--------------------------------------  -----  ---------  --------  ----------  --------------  -------------------
/opt/airflow/dags/wifi_pipeline_dag.py                           1           0  0.09s           2026-09-18T17:57:51
================================================================================
[2026-09-18T17:58:27.186+0000] {manager.py:879} INFO - 
================================================================================
DAG File Processing Stats

File Path                               PID    Runtime      # DAGs    # Errors  Last Runtime    Last Run
--------------------------------------  -----  ---------  --------  ----------  --------------  -------------------
/opt/airflow/dags/wifi_pipeline_dag.py                           1           0  0.10s           2026-09-18T17:58:22
================================================================================
[2026-09-18T17:58:56.429+0000] {manager.py:879} INFO - 
================================================================================
DAG File Processing Stats

File Path                               PID    Runtime      # DAGs    # Errors  Last Runtime    Last Run
--------------------------------------  -----  ---------  --------  ----------  --------------  -------------------
/opt/airflow/dags/wifi_pipeline_dag.py                           1           0  0.11s           2026-09-18T17:58:52
================================================================================
[2026-09-18T17:59:25.712+0000] {manager.py:879} INFO - 
================================================================================
DAG File Processing Stats

File Path                               PID    Runtime      # DAGs    # Errors  Last Runtime    Last Run
--------------------------------------  -----  ---------  --------  ----------  --------------  -------------------
/opt/airflow/dags/wifi_pipeline_dag.py                           1           0  0.12s           2026-09-18T17:59:22
================================================================================
[2026-09-18T17:59:54.929+0000] {manager.py:879} INFO - 
================================================================================
DAG File Processing Stats

File Path                               PID    Runtime      # DAGs    # Errors  Last Runtime    Last Run
--------------------------------------  -----  ---------  --------  ----------  --------------  -------------------
/opt/airflow/dags/wifi_pipeline_dag.py                           1           0  0.12s           2026-09-18T17:59:52
================================================================================
[2026-09-18T18:00:24.093+0000] {manager.py:879} INFO - 
================================================================================
DAG File Processing Stats

File Path                               PID    Runtime      # DAGs    # Errors  Last Runtime    Last Run
--------------------------------------  -----  ---------  --------  ----------  --------------  -------------------
/opt/airflow/dags/wifi_pipeline_dag.py                           1           0  0.13s           2026-09-18T18:00:23
================================================================================
[2026-09-18T18:00:53.281+0000] {manager.py:879} INFO - 
================================================================================
DAG File Processing Stats

File Path                                 PID  Runtime      # DAGs    # Errors  Last Runtime    Last Run
--------------------------------------  -----  ---------  --------  ----------  --------------  -------------------
/opt/airflow/dags/wifi_pipeline_dag.py    460  0.01s             1           0  0.13s           2026-09-18T18:00:23
================================================================================
[2026-09-18T18:01:22.405+0000] {manager.py:879} INFO - 
================================================================================
DAG File Processing Stats

File Path                               PID    Runtime      # DAGs    # Errors  Last Runtime    Last Run
--------------------------------------  -----  ---------  --------  ----------  --------------  -------------------
/opt/airflow/dags/wifi_pipeline_dag.py                           1           0  0.10s           2026-09-18T18:00:53
================================================================================
[2026-09-18T18:01:51.633+0000] {manager.py:879} INFO - 
================================================================================
DAG File Processing Stats

File Path                               PID    Runtime      # DAGs    # Errors  Last Runtime    Last Run
--------------------------------------  -----  ---------  --------  ----------  --------------  -------------------
/opt/airflow/dags/wifi_pipeline_dag.py                           1           0  0.12s           2026-09-18T18:01:23
================================================================================
[2026-09-18T18:02:06.759+0000] {manager.py:738} INFO - Searching for files in /opt/airflow/dags
[2026-09-18T18:02:06.761+0000] {manager.py:741} INFO - There are 1 files in /opt/airflow/dags
[2026-09-18T18:02:10.948+0000] {manager.py:451} INFO - Exiting gracefully upon receiving signal 15
[2026-09-18T18:02:38.292+0000] {manager.py:469} INFO - Processing files using up to 2 processes at a time 
[2026-09-18T18:02:38.294+0000] {manager.py:470} INFO - Process each file at most once every 30 seconds
[2026-09-18T18:02:38.294+0000] {manager.py:471} INFO - Checking for new files in /opt/airflow/dags every 300 seconds
[2026-09-18T18:02:38.295+0000] {manager.py:738} INFO - Searching for files in /opt/airflow/dags
[2026-09-18T18:02:38.297+0000] {manager.py:741} INFO - There are 1 files in /opt/airflow/dags
[2026-09-18T18:02:38.394+0000] {manager.py:879} INFO - 
================================================================================
DAG File Processing Stats

File Path                                 PID  Runtime      # DAGs    # Errors  Last Runtime    Last Run
--------------------------------------  -----  ---------  --------  ----------  --------------  ----------
/opt/airflow/dags/wifi_pipeline_dag.py    174  0.04s             0           0
================================================================================
[2026-09-18T18:03:07.535+0000] {manager.py:879} INFO - 
================================================================================
DAG File Processing Stats

File Path                               PID    Runtime      # DAGs    # Errors  Last Runtime    Last Run
--------------------------------------  -----  ---------  --------  ----------  --------------  -------------------
/opt/airflow/dags/wifi_pipeline_dag.py                           1           0  0.13s           2026-09-18T18:02:38
================================================================================
[2026-09-18T18:03:36.677+0000] {manager.py:879} INFO - 
================================================================================
DAG File Processing Stats

File Path                               PID    Runtime      # DAGs    # Errors  Last Runtime    Last Run
--------------------------------------  -----  ---------  --------  ----------  --------------  -------------------
/opt/airflow/dags/wifi_pipeline_dag.py                           1           0  0.29s           2026-09-18T18:03:08
================================================================================
[2026-09-18T18:04:06.045+0000] {manager.py:879} INFO - 
================================================================================
DAG File Processing Stats

File Path                               PID    Runtime      # DAGs    # Errors  Last Runtime    Last Run
--------------------------------------  -----  ---------  --------  ----------  --------------  -------------------
/opt/airflow/dags/wifi_pipeline_dag.py                           1           0  0.11s           2026-09-18T18:03:38
================================================================================
[2026-09-18T18:04:35.156+0000] {manager.py:879} INFO - 
================================================================================
DAG File Processing Stats

File Path                               PID    Runtime      # DAGs    # Errors  Last Runtime    Last Run
--------------------------------------  -----  ---------  --------  ----------  --------------  -------------------
/opt/airflow/dags/wifi_pipeline_dag.py                           1           0  0.12s           2026-09-18T18:04:09
================================================================================
[2026-09-18T18:05:04.319+0000] {manager.py:879} INFO - 
================================================================================
DAG File Processing Stats

File Path                               PID    Runtime      # DAGs    # Errors  Last Runtime    Last Run
--------------------------------------  -----  ---------  --------  ----------  --------------  -------------------
/opt/airflow/dags/wifi_pipeline_dag.py                           1           0  0.12s           2026-09-18T18:04:39
================================================================================
[2026-09-18T18:05:33.503+0000] {manager.py:879} INFO - 
================================================================================
DAG File Processing Stats

File Path                               PID    Runtime      # DAGs    # Errors  Last Runtime    Last Run
--------------------------------------  -----  ---------  --------  ----------  --------------  -------------------
/opt/airflow/dags/wifi_pipeline_dag.py                           1           0  0.13s           2026-09-18T18:05:09
================================================================================
[2026-09-18T18:05:39.927+0000] {manager.py:451} INFO - Exiting gracefully upon receiving signal 15
[2026-09-18T18:06:05.497+0000] {manager.py:469} INFO - Processing files using up to 2 processes at a time 
[2026-09-18T18:06:05.499+0000] {manager.py:470} INFO - Process each file at most once every 30 seconds
[2026-09-18T18:06:05.499+0000] {manager.py:471} INFO - Checking for new files in /opt/airflow/dags every 300 seconds
[2026-09-18T18:06:05.500+0000] {manager.py:738} INFO - Searching for files in /opt/airflow/dags
[2026-09-18T18:06:05.501+0000] {manager.py:741} INFO - There are 1 files in /opt/airflow/dags
[2026-09-18T18:06:05.582+0000] {manager.py:879} INFO - 
================================================================================
DAG File Processing Stats

File Path                                 PID  Runtime      # DAGs    # Errors  Last Runtime    Last Run
--------------------------------------  -----  ---------  --------  ----------  --------------  ----------
/opt/airflow/dags/wifi_pipeline_dag.py    175  0.04s             0           0
================================================================================
[2026-09-18T18:06:34.710+0000] {manager.py:879} INFO - 
================================================================================
DAG File Processing Stats

File Path                               PID    Runtime      # DAGs    # Errors  Last Runtime    Last Run
--------------------------------------  -----  ---------  --------  ----------  --------------  -------------------
/opt/airflow/dags/wifi_pipeline_dag.py                           1           0  0.13s           2026-09-18T18:06:05
================================================================================
[2026-09-18T18:07:03.870+0000] {manager.py:879} INFO - 
================================================================================
DAG File Processing Stats

File Path                               PID    Runtime      # DAGs    # Errors  Last Runtime    Last Run
--------------------------------------  -----  ---------  --------  ----------  --------------  -------------------
/opt/airflow/dags/wifi_pipeline_dag.py                           1           0  0.32s           2026-09-18T18:06:36
================================================================================
[2026-09-18T18:07:33.307+0000] {manager.py:879} INFO - 
================================================================================
DAG File Processing Stats

File Path                               PID    Runtime      # DAGs    # Errors  Last Runtime    Last Run
--------------------------------------  -----  ---------  --------  ----------  --------------  -------------------
/opt/airflow/dags/wifi_pipeline_dag.py                           1           0  0.12s           2026-09-18T18:07:06
================================================================================
[2026-09-18T18:08:02.402+0000] {manager.py:879} INFO - 
================================================================================
DAG File Processing Stats

File Path                               PID    Runtime      # DAGs    # Errors  Last Runtime    Last Run
--------------------------------------  -----  ---------  --------  ----------  --------------  -------------------
/opt/airflow/dags/wifi_pipeline_dag.py                           1           0  0.12s           2026-09-18T18:07:36
================================================================================
[2026-09-18T18:08:31.575+0000] {manager.py:879} INFO - 
================================================================================
DAG File Processing Stats

File Path                               PID    Runtime      # DAGs    # Errors  Last Runtime    Last Run
--------------------------------------  -----  ---------  --------  ----------  --------------  -------------------
/opt/airflow/dags/wifi_pipeline_dag.py                           1           0  0.14s           2026-09-18T18:08:06
================================================================================
[2026-09-18T18:09:00.752+0000] {manager.py:879} INFO - 
================================================================================
DAG File Processing Stats

File Path                               PID    Runtime      # DAGs    # Errors  Last Runtime    Last Run
--------------------------------------  -----  ---------  --------  ----------  --------------  -------------------
/opt/airflow/dags/wifi_pipeline_dag.py                           1           0  0.13s           2026-09-18T18:08:36
================================================================================
[2026-09-18T18:09:29.978+0000] {manager.py:879} INFO - 
================================================================================
DAG File Processing Stats

File Path                               PID    Runtime      # DAGs    # Errors  Last Runtime    Last Run
--------------------------------------  -----  ---------  --------  ----------  --------------  -------------------
/opt/airflow/dags/wifi_pipeline_dag.py                           1           0  0.15s           2026-09-18T18:09:06
================================================================================
[2026-09-18T18:10:21.961+0000] {manager.py:469} INFO - Processing files using up to 2 processes at a time 
[2026-09-18T18:10:21.962+0000] {manager.py:470} INFO - Process each file at most once every 30 seconds
[2026-09-18T18:10:21.963+0000] {manager.py:471} INFO - Checking for new files in /opt/airflow/dags every 300 seconds
[2026-09-18T18:10:21.963+0000] {manager.py:738} INFO - Searching for files in /opt/airflow/dags
[2026-09-18T18:10:21.964+0000] {manager.py:741} INFO - There are 1 files in /opt/airflow/dags
[2026-09-18T18:10:22.067+0000] {manager.py:879} INFO - 
================================================================================
DAG File Processing Stats

File Path                                 PID  Runtime      # DAGs    # Errors  Last Runtime    Last Run
--------------------------------------  -----  ---------  --------  ----------  --------------  ----------
/opt/airflow/dags/wifi_pipeline_dag.py    174  0.06s             0           0
================================================================================
[2026-09-18T18:10:51.230+0000] {manager.py:879} INFO - 
================================================================================
DAG File Processing Stats

File Path                               PID    Runtime      # DAGs    # Errors  Last Runtime    Last Run
--------------------------------------  -----  ---------  --------  ----------  --------------  -------------------
/opt/airflow/dags/wifi_pipeline_dag.py                           1           0  0.16s           2026-09-18T18:10:22
================================================================================
[2026-09-18T18:11:20.462+0000] {manager.py:879} INFO - 
================================================================================
DAG File Processing Stats

File Path                               PID    Runtime      # DAGs    # Errors  Last Runtime    Last Run
--------------------------------------  -----  ---------  --------  ----------  --------------  -------------------
/opt/airflow/dags/wifi_pipeline_dag.py                           1           0  0.28s           2026-09-18T18:10:52
================================================================================
[2026-09-18T18:11:49.724+0000] {manager.py:879} INFO - 
================================================================================
DAG File Processing Stats

File Path                               PID    Runtime      # DAGs    # Errors  Last Runtime    Last Run
--------------------------------------  -----  ---------  --------  ----------  --------------  -------------------
/opt/airflow/dags/wifi_pipeline_dag.py                           1           0  0.13s           2026-09-18T18:11:22
================================================================================
[2026-09-18T18:12:18.980+0000] {manager.py:879} INFO - 
================================================================================
DAG File Processing Stats

File Path                               PID    Runtime      # DAGs    # Errors  Last Runtime    Last Run
--------------------------------------  -----  ---------  --------  ----------  --------------  -------------------
/opt/airflow/dags/wifi_pipeline_dag.py                           1           0  0.14s           2026-09-18T18:11:52
================================================================================
[2026-09-18T18:12:48.136+0000] {manager.py:879} INFO - 
================================================================================
DAG File Processing Stats

File Path                               PID    Runtime      # DAGs    # Errors  Last Runtime    Last Run
--------------------------------------  -----  ---------  --------  ----------  --------------  -------------------
/opt/airflow/dags/wifi_pipeline_dag.py                           1           0  0.19s           2026-09-18T18:12:23
================================================================================
[2026-09-18T18:13:17.322+0000] {manager.py:879} INFO - 
================================================================================
DAG File Processing Stats

File Path                               PID    Runtime      # DAGs    # Errors  Last Runtime    Last Run
--------------------------------------  -----  ---------  --------  ----------  --------------  -------------------
/opt/airflow/dags/wifi_pipeline_dag.py                           1           0  0.14s           2026-09-18T18:12:53
================================================================================
[2026-09-18T18:13:46.718+0000] {manager.py:879} INFO - 
================================================================================
DAG File Processing Stats

File Path                               PID    Runtime      # DAGs    # Errors  Last Runtime    Last Run
--------------------------------------  -----  ---------  --------  ----------  --------------  -------------------
/opt/airflow/dags/wifi_pipeline_dag.py                           1           0  0.16s           2026-09-18T18:13:23
================================================================================
[2026-09-18T18:14:15.888+0000] {manager.py:879} INFO - 
================================================================================
DAG File Processing Stats

File Path                               PID    Runtime      # DAGs    # Errors  Last Runtime    Last Run
--------------------------------------  -----  ---------  --------  ----------  --------------  -------------------
/opt/airflow/dags/wifi_pipeline_dag.py                           1           0  0.12s           2026-09-18T18:13:53
================================================================================
[2026-09-18T18:14:45.004+0000] {manager.py:879} INFO - 
================================================================================
DAG File Processing Stats

File Path                               PID    Runtime      # DAGs    # Errors  Last Runtime    Last Run
--------------------------------------  -----  ---------  --------  ----------  --------------  -------------------
/opt/airflow/dags/wifi_pipeline_dag.py                           1           0  0.13s           2026-09-18T18:14:24
================================================================================
[2026-09-18T18:15:14.111+0000] {manager.py:879} INFO - 
================================================================================
DAG File Processing Stats

File Path                               PID    Runtime      # DAGs    # Errors  Last Runtime    Last Run
--------------------------------------  -----  ---------  --------  ----------  --------------  -------------------
/opt/airflow/dags/wifi_pipeline_dag.py                           1           0  0.12s           2026-09-18T18:14:54
================================================================================
[2026-09-18T18:15:17.806+0000] {manager.py:451} INFO - Exiting gracefully upon receiving signal 15
[2026-09-18T18:15:43.485+0000] {manager.py:469} INFO - Processing files using up to 2 processes at a time 
[2026-09-18T18:15:43.487+0000] {manager.py:470} INFO - Process each file at most once every 30 seconds
[2026-09-18T18:15:43.487+0000] {manager.py:471} INFO - Checking for new files in /opt/airflow/dags every 300 seconds
[2026-09-18T18:15:43.487+0000] {manager.py:738} INFO - Searching for files in /opt/airflow/dags
[2026-09-18T18:15:43.489+0000] {manager.py:741} INFO - There are 1 files in /opt/airflow/dags
[2026-09-18T18:15:43.571+0000] {manager.py:879} INFO - 
================================================================================
DAG File Processing Stats

File Path                                 PID  Runtime      # DAGs    # Errors  Last Runtime    Last Run
--------------------------------------  -----  ---------  --------  ----------  --------------  ----------
/opt/airflow/dags/wifi_pipeline_dag.py    174  0.04s             0           0
================================================================================
[2026-09-18T18:16:12.661+0000] {manager.py:879} INFO - 
================================================================================
DAG File Processing Stats

File Path                               PID    Runtime      # DAGs    # Errors  Last Runtime    Last Run
--------------------------------------  -----  ---------  --------  ----------  --------------  -------------------
/opt/airflow/dags/wifi_pipeline_dag.py                           1           0  0.14s           2026-09-18T18:15:43
================================================================================
[2026-09-18T18:16:41.853+0000] {manager.py:879} INFO - 
================================================================================
DAG File Processing Stats

File Path                               PID    Runtime      # DAGs    # Errors  Last Runtime    Last Run
--------------------------------------  -----  ---------  --------  ----------  --------------  -------------------
/opt/airflow/dags/wifi_pipeline_dag.py                           1           0  0.29s           2026-09-18T18:16:13
================================================================================
[2026-09-18T18:17:11.273+0000] {manager.py:879} INFO - 
================================================================================
DAG File Processing Stats

File Path                               PID    Runtime      # DAGs    # Errors  Last Runtime    Last Run
--------------------------------------  -----  ---------  --------  ----------  --------------  -------------------
/opt/airflow/dags/wifi_pipeline_dag.py                           1           0  0.10s           2026-09-18T18:16:44
================================================================================
[2026-09-18T18:17:40.425+0000] {manager.py:879} INFO - 
================================================================================
DAG File Processing Stats

File Path                               PID    Runtime      # DAGs    # Errors  Last Runtime    Last Run
--------------------------------------  -----  ---------  --------  ----------  --------------  -------------------
/opt/airflow/dags/wifi_pipeline_dag.py                           1           0  0.11s           2026-09-18T18:17:14
================================================================================
[2026-09-18T18:18:09.558+0000] {manager.py:879} INFO - 
================================================================================
DAG File Processing Stats

File Path                               PID    Runtime      # DAGs    # Errors  Last Runtime    Last Run
--------------------------------------  -----  ---------  --------  ----------  --------------  -------------------
/opt/airflow/dags/wifi_pipeline_dag.py                           1           0  0.11s           2026-09-18T18:17:44
================================================================================
[2026-09-18T18:18:38.745+0000] {manager.py:879} INFO - 
================================================================================
DAG File Processing Stats

File Path                               PID    Runtime      # DAGs    # Errors  Last Runtime    Last Run
--------------------------------------  -----  ---------  --------  ----------  --------------  -------------------
/opt/airflow/dags/wifi_pipeline_dag.py                           1           0  0.17s           2026-09-18T18:18:14
================================================================================
[2026-09-18T18:19:07.911+0000] {manager.py:879} INFO - 
================================================================================
DAG File Processing Stats

File Path                               PID    Runtime      # DAGs    # Errors  Last Runtime    Last Run
--------------------------------------  -----  ---------  --------  ----------  --------------  -------------------
/opt/airflow/dags/wifi_pipeline_dag.py                           1           0  0.13s           2026-09-18T18:18:44
================================================================================
[2026-09-18T18:19:37.030+0000] {manager.py:879} INFO - 
================================================================================
DAG File Processing Stats

File Path                               PID    Runtime      # DAGs    # Errors  Last Runtime    Last Run
--------------------------------------  -----  ---------  --------  ----------  --------------  -------------------
/opt/airflow/dags/wifi_pipeline_dag.py                           1           0  0.15s           2026-09-18T18:19:15
================================================================================
[2026-09-18T18:20:06.194+0000] {manager.py:879} INFO - 
================================================================================
DAG File Processing Stats

File Path                               PID    Runtime      # DAGs    # Errors  Last Runtime    Last Run
--------------------------------------  -----  ---------  --------  ----------  --------------  -------------------
/opt/airflow/dags/wifi_pipeline_dag.py                           1           0  0.14s           2026-09-18T18:19:45
================================================================================
[2026-09-18T18:20:35.364+0000] {manager.py:879} INFO - 
================================================================================
DAG File Processing Stats

File Path                               PID    Runtime      # DAGs    # Errors  Last Runtime    Last Run
--------------------------------------  -----  ---------  --------  ----------  --------------  -------------------
/opt/airflow/dags/wifi_pipeline_dag.py                           1           0  0.16s           2026-09-18T18:20:15
================================================================================
[2026-09-18T18:20:43.498+0000] {manager.py:738} INFO - Searching for files in /opt/airflow/dags
[2026-09-18T18:20:43.499+0000] {manager.py:741} INFO - There are 1 files in /opt/airflow/dags
[2026-09-18T18:21:04.475+0000] {manager.py:879} INFO - 
================================================================================
DAG File Processing Stats

File Path                               PID    Runtime      # DAGs    # Errors  Last Runtime    Last Run
--------------------------------------  -----  ---------  --------  ----------  --------------  -------------------
/opt/airflow/dags/wifi_pipeline_dag.py                           1           0  0.12s           2026-09-18T18:20:45
================================================================================
[2026-09-18T18:21:33.601+0000] {manager.py:879} INFO - 
================================================================================
DAG File Processing Stats

File Path                               PID    Runtime      # DAGs    # Errors  Last Runtime    Last Run
--------------------------------------  -----  ---------  --------  ----------  --------------  -------------------
/opt/airflow/dags/wifi_pipeline_dag.py                           1           0  0.12s           2026-09-18T18:21:16
================================================================================
[2026-09-18T18:21:55.363+0000] {manager.py:451} INFO - Exiting gracefully upon receiving signal 15
[2026-09-18T18:22:23.172+0000] {manager.py:469} INFO - Processing files using up to 2 processes at a time 
[2026-09-18T18:22:23.173+0000] {manager.py:470} INFO - Process each file at most once every 30 seconds
[2026-09-18T18:22:23.173+0000] {manager.py:471} INFO - Checking for new files in /opt/airflow/dags every 300 seconds
[2026-09-18T18:22:23.173+0000] {manager.py:738} INFO - Searching for files in /opt/airflow/dags
[2026-09-18T18:22:23.175+0000] {manager.py:741} INFO - There are 1 files in /opt/airflow/dags
[2026-09-18T18:22:23.262+0000] {manager.py:879} INFO - 
================================================================================
DAG File Processing Stats

File Path                                 PID  Runtime      # DAGs    # Errors  Last Runtime    Last Run
--------------------------------------  -----  ---------  --------  ----------  --------------  ----------
/opt/airflow/dags/wifi_pipeline_dag.py    174  0.04s             0           0
================================================================================
[2026-09-18T18:22:52.302+0000] {manager.py:879} INFO - 
================================================================================
DAG File Processing Stats

File Path                               PID    Runtime      # DAGs    # Errors  Last Runtime    Last Run
--------------------------------------  -----  ---------  --------  ----------  --------------  -------------------
/opt/airflow/dags/wifi_pipeline_dag.py                           1           0  0.13s           2026-09-18T18:22:23
================================================================================
[2026-09-18T18:23:21.345+0000] {manager.py:879} INFO - 
================================================================================
DAG File Processing Stats

File Path                               PID    Runtime      # DAGs    # Errors  Last Runtime    Last Run
--------------------------------------  -----  ---------  --------  ----------  --------------  -------------------
/opt/airflow/dags/wifi_pipeline_dag.py                           1           0  0.26s           2026-09-18T18:22:54
================================================================================
[2026-09-18T18:23:50.929+0000] {manager.py:879} INFO - 
================================================================================
DAG File Processing Stats

File Path                               PID    Runtime      # DAGs    # Errors  Last Runtime    Last Run
--------------------------------------  -----  ---------  --------  ----------  --------------  -------------------
/opt/airflow/dags/wifi_pipeline_dag.py                           1           0  0.12s           2026-09-18T18:23:24
================================================================================
[2026-09-18T18:24:20.045+0000] {manager.py:879} INFO - 
================================================================================
DAG File Processing Stats

File Path                               PID    Runtime      # DAGs    # Errors  Last Runtime    Last Run
--------------------------------------  -----  ---------  --------  ----------  --------------  -------------------
/opt/airflow/dags/wifi_pipeline_dag.py                           1           0  0.12s           2026-09-18T18:23:55
================================================================================
[2026-09-18T18:24:49.232+0000] {manager.py:879} INFO - 
================================================================================
DAG File Processing Stats

File Path                               PID    Runtime      # DAGs    # Errors  Last Runtime    Last Run
--------------------------------------  -----  ---------  --------  ----------  --------------  -------------------
/opt/airflow/dags/wifi_pipeline_dag.py                           1           0  0.13s           2026-09-18T18:24:25
================================================================================
[2026-09-18T18:25:18.456+0000] {manager.py:879} INFO - 
================================================================================
DAG File Processing Stats

File Path                               PID    Runtime      # DAGs    # Errors  Last Runtime    Last Run
--------------------------------------  -----  ---------  --------  ----------  --------------  -------------------
/opt/airflow/dags/wifi_pipeline_dag.py                           1           0  0.12s           2026-09-18T18:24:55
================================================================================
[2026-09-18T18:25:38.393+0000] {manager.py:451} INFO - Exiting gracefully upon receiving signal 15
[2026-09-18T18:26:04.043+0000] {manager.py:469} INFO - Processing files using up to 2 processes at a time 
[2026-09-18T18:26:04.044+0000] {manager.py:470} INFO - Process each file at most once every 30 seconds
[2026-09-18T18:26:04.044+0000] {manager.py:471} INFO - Checking for new files in /opt/airflow/dags every 300 seconds
[2026-09-18T18:26:04.044+0000] {manager.py:738} INFO - Searching for files in /opt/airflow/dags
[2026-09-18T18:26:04.046+0000] {manager.py:741} INFO - There are 1 files in /opt/airflow/dags
[2026-09-18T18:26:04.120+0000] {manager.py:879} INFO - 
================================================================================
DAG File Processing Stats

File Path                                 PID  Runtime      # DAGs    # Errors  Last Runtime    Last Run
--------------------------------------  -----  ---------  --------  ----------  --------------  ----------
/opt/airflow/dags/wifi_pipeline_dag.py    174  0.04s             0           0
================================================================================
[2026-09-18T18:26:33.217+0000] {manager.py:879} INFO - 
================================================================================
DAG File Processing Stats

File Path                               PID    Runtime      # DAGs    # Errors  Last Runtime    Last Run
--------------------------------------  -----  ---------  --------  ----------  --------------  -------------------
/opt/airflow/dags/wifi_pipeline_dag.py                           1           0  0.12s           2026-09-18T18:26:04
================================================================================
[2026-09-18T18:27:02.353+0000] {manager.py:879} INFO - 
================================================================================
DAG File Processing Stats

File Path                               PID    Runtime      # DAGs    # Errors  Last Runtime    Last Run
--------------------------------------  -----  ---------  --------  ----------  --------------  -------------------
/opt/airflow/dags/wifi_pipeline_dag.py                           1           0  0.32s           2026-09-18T18:26:34
================================================================================
[2026-09-18T18:27:31.643+0000] {manager.py:879} INFO - 
================================================================================
DAG File Processing Stats

File Path                               PID    Runtime      # DAGs    # Errors  Last Runtime    Last Run
--------------------------------------  -----  ---------  --------  ----------  --------------  -------------------
/opt/airflow/dags/wifi_pipeline_dag.py                           1           0  0.12s           2026-09-18T18:27:04
================================================================================
[2026-09-18T18:28:00.742+0000] {manager.py:879} INFO - 
================================================================================
DAG File Processing Stats

File Path                               PID    Runtime      # DAGs    # Errors  Last Runtime    Last Run
--------------------------------------  -----  ---------  --------  ----------  --------------  -------------------
/opt/airflow/dags/wifi_pipeline_dag.py                           1           0  0.12s           2026-09-18T18:27:34
================================================================================
[2026-09-18T18:28:29.870+0000] {manager.py:879} INFO - 
================================================================================
DAG File Processing Stats

File Path                               PID    Runtime      # DAGs    # Errors  Last Runtime    Last Run
--------------------------------------  -----  ---------  --------  ----------  --------------  -------------------
/opt/airflow/dags/wifi_pipeline_dag.py                           1           0  0.13s           2026-09-18T18:28:05
================================================================================
[2026-09-18T18:28:58.954+0000] {manager.py:879} INFO - 
================================================================================
DAG File Processing Stats

File Path                               PID    Runtime      # DAGs    # Errors  Last Runtime    Last Run
--------------------------------------  -----  ---------  --------  ----------  --------------  -------------------
/opt/airflow/dags/wifi_pipeline_dag.py                           1           0  0.17s           2026-09-18T18:28:36
================================================================================
[2026-09-18T18:29:28.086+0000] {manager.py:879} INFO - 
================================================================================
DAG File Processing Stats

File Path                               PID    Runtime      # DAGs    # Errors  Last Runtime    Last Run
--------------------------------------  -----  ---------  --------  ----------  --------------  -------------------
/opt/airflow/dags/wifi_pipeline_dag.py                           1           0  0.15s           2026-09-18T18:29:07
================================================================================
[2026-09-18T18:29:57.126+0000] {manager.py:879} INFO - 
================================================================================
DAG File Processing Stats

File Path                               PID    Runtime      # DAGs    # Errors  Last Runtime    Last Run
--------------------------------------  -----  ---------  --------  ----------  --------------  -------------------
/opt/airflow/dags/wifi_pipeline_dag.py                           1           0  0.15s           2026-09-18T18:29:38
================================================================================
[2026-09-18T18:30:26.323+0000] {manager.py:879} INFO - 
================================================================================
DAG File Processing Stats

File Path                               PID    Runtime      # DAGs    # Errors  Last Runtime    Last Run
--------------------------------------  -----  ---------  --------  ----------  --------------  -------------------
/opt/airflow/dags/wifi_pipeline_dag.py                           1           0  0.12s           2026-09-18T18:30:08
================================================================================
[2026-09-18T18:30:55.478+0000] {manager.py:879} INFO - 
================================================================================
DAG File Processing Stats

File Path                               PID    Runtime      # DAGs    # Errors  Last Runtime    Last Run
--------------------------------------  -----  ---------  --------  ----------  --------------  -------------------
/opt/airflow/dags/wifi_pipeline_dag.py                           1           0  0.12s           2026-09-18T18:30:38
================================================================================
[2026-09-18T18:31:04.398+0000] {manager.py:738} INFO - Searching for files in /opt/airflow/dags
[2026-09-18T18:31:04.399+0000] {manager.py:741} INFO - There are 1 files in /opt/airflow/dags
[2026-09-18T18:31:24.674+0000] {manager.py:879} INFO - 
================================================================================
DAG File Processing Stats

File Path                               PID    Runtime      # DAGs    # Errors  Last Runtime    Last Run
--------------------------------------  -----  ---------  --------  ----------  --------------  -------------------
/opt/airflow/dags/wifi_pipeline_dag.py                           1           0  0.12s           2026-09-18T18:31:08
================================================================================
[2026-09-18T18:31:53.751+0000] {manager.py:879} INFO - 
================================================================================
DAG File Processing Stats

File Path                               PID    Runtime      # DAGs    # Errors  Last Runtime    Last Run
--------------------------------------  -----  ---------  --------  ----------  --------------  -------------------
/opt/airflow/dags/wifi_pipeline_dag.py                           1           0  0.14s           2026-09-18T18:31:38
================================================================================
[2026-09-18T18:32:22.967+0000] {manager.py:879} INFO - 
================================================================================
DAG File Processing Stats

File Path                               PID    Runtime      # DAGs    # Errors  Last Runtime    Last Run
--------------------------------------  -----  ---------  --------  ----------  --------------  -------------------
/opt/airflow/dags/wifi_pipeline_dag.py                           1           0  0.12s           2026-09-18T18:32:08
================================================================================
[2026-09-18T18:32:52.030+0000] {manager.py:879} INFO - 
================================================================================
DAG File Processing Stats

File Path                               PID    Runtime      # DAGs    # Errors  Last Runtime    Last Run
--------------------------------------  -----  ---------  --------  ----------  --------------  -------------------
/opt/airflow/dags/wifi_pipeline_dag.py                           1           0  0.14s           2026-09-18T18:32:40
================================================================================
[2026-09-18T18:33:21.100+0000] {manager.py:879} INFO - 
================================================================================
DAG File Processing Stats

File Path                               PID    Runtime      # DAGs    # Errors  Last Runtime    Last Run
--------------------------------------  -----  ---------  --------  ----------  --------------  -------------------
/opt/airflow/dags/wifi_pipeline_dag.py                           1           0  0.15s           2026-09-18T18:33:11
================================================================================
[2026-09-18T18:33:50.194+0000] {manager.py:879} INFO - 
================================================================================
DAG File Processing Stats

File Path                               PID    Runtime      # DAGs    # Errors  Last Runtime    Last Run
--------------------------------------  -----  ---------  --------  ----------  --------------  -------------------
/opt/airflow/dags/wifi_pipeline_dag.py                           1           0  0.13s           2026-09-18T18:33:42
================================================================================
[2026-09-18T18:34:19.180+0000] {manager.py:879} INFO - 
================================================================================
DAG File Processing Stats

File Path                               PID    Runtime      # DAGs    # Errors  Last Runtime    Last Run
--------------------------------------  -----  ---------  --------  ----------  --------------  -------------------
/opt/airflow/dags/wifi_pipeline_dag.py                           1           0  0.13s           2026-09-18T18:34:13
================================================================================
[2026-09-18T18:34:48.219+0000] {manager.py:879} INFO - 
================================================================================
DAG File Processing Stats

File Path                               PID    Runtime      # DAGs    # Errors  Last Runtime    Last Run
--------------------------------------  -----  ---------  --------  ----------  --------------  -------------------
/opt/airflow/dags/wifi_pipeline_dag.py                           1           0  0.13s           2026-09-18T18:34:44
================================================================================
[2026-09-18T18:35:05.121+0000] {manager.py:451} INFO - Exiting gracefully upon receiving signal 15
[2026-09-18T18:35:32.251+0000] {manager.py:469} INFO - Processing files using up to 2 processes at a time 
[2026-09-18T18:35:32.252+0000] {manager.py:470} INFO - Process each file at most once every 30 seconds
[2026-09-18T18:35:32.252+0000] {manager.py:471} INFO - Checking for new files in /opt/airflow/dags every 300 seconds
[2026-09-18T18:35:32.252+0000] {manager.py:738} INFO - Searching for files in /opt/airflow/dags
[2026-09-18T18:35:32.254+0000] {manager.py:741} INFO - There are 1 files in /opt/airflow/dags
[2026-09-18T18:35:32.331+0000] {manager.py:879} INFO - 
================================================================================
DAG File Processing Stats

File Path                                 PID  Runtime      # DAGs    # Errors  Last Runtime    Last Run
--------------------------------------  -----  ---------  --------  ----------  --------------  ----------
/opt/airflow/dags/wifi_pipeline_dag.py    174  0.04s             0           0
================================================================================
[2026-09-18T18:36:01.457+0000] {manager.py:879} INFO - 
================================================================================
DAG File Processing Stats

File Path                               PID    Runtime      # DAGs    # Errors  Last Runtime    Last Run
--------------------------------------  -----  ---------  --------  ----------  --------------  -------------------
/opt/airflow/dags/wifi_pipeline_dag.py                           1           0  0.13s           2026-09-18T18:35:32
================================================================================
[2026-09-18T18:36:30.476+0000] {manager.py:879} INFO - 
================================================================================
DAG File Processing Stats

File Path                               PID    Runtime      # DAGs    # Errors  Last Runtime    Last Run
--------------------------------------  -----  ---------  --------  ----------  --------------  -------------------
/opt/airflow/dags/wifi_pipeline_dag.py                           1           0  0.26s           2026-09-18T18:36:02
================================================================================
[2026-09-18T18:36:55.226+0000] {manager.py:451} INFO - Exiting gracefully upon receiving signal 15
[2026-09-18T18:37:22.786+0000] {manager.py:469} INFO - Processing files using up to 2 processes at a time 
[2026-09-18T18:37:22.787+0000] {manager.py:470} INFO - Process each file at most once every 30 seconds
[2026-09-18T18:37:22.787+0000] {manager.py:471} INFO - Checking for new files in /opt/airflow/dags every 300 seconds
[2026-09-18T18:37:22.788+0000] {manager.py:738} INFO - Searching for files in /opt/airflow/dags
[2026-09-18T18:37:22.789+0000] {manager.py:741} INFO - There are 1 files in /opt/airflow/dags
[2026-09-18T18:37:22.889+0000] {manager.py:879} INFO - 
================================================================================
DAG File Processing Stats

File Path                                 PID  Runtime      # DAGs    # Errors  Last Runtime    Last Run
--------------------------------------  -----  ---------  --------  ----------  --------------  ----------
/opt/airflow/dags/wifi_pipeline_dag.py    174  0.05s             0           0
================================================================================
[2026-09-18T18:37:52.058+0000] {manager.py:879} INFO - 
================================================================================
DAG File Processing Stats

File Path                               PID    Runtime      # DAGs    # Errors  Last Runtime    Last Run
--------------------------------------  -----  ---------  --------  ----------  --------------  -------------------
/opt/airflow/dags/wifi_pipeline_dag.py                           1           0  0.14s           2026-09-18T18:37:22
================================================================================
[2026-09-18T18:38:21.168+0000] {manager.py:879} INFO - 
================================================================================
DAG File Processing Stats

File Path                               PID    Runtime      # DAGs    # Errors  Last Runtime    Last Run
--------------------------------------  -----  ---------  --------  ----------  --------------  -------------------
/opt/airflow/dags/wifi_pipeline_dag.py                           1           0  0.26s           2026-09-18T18:37:53
================================================================================
[2026-09-18T18:38:50.409+0000] {manager.py:879} INFO - 
================================================================================
DAG File Processing Stats

File Path                               PID    Runtime      # DAGs    # Errors  Last Runtime    Last Run
--------------------------------------  -----  ---------  --------  ----------  --------------  -------------------
/opt/airflow/dags/wifi_pipeline_dag.py                           1           0  0.11s           2026-09-18T18:38:24
================================================================================
[2026-09-18T18:39:19.463+0000] {manager.py:879} INFO - 
================================================================================
DAG File Processing Stats

File Path                               PID    Runtime      # DAGs    # Errors  Last Runtime    Last Run
--------------------------------------  -----  ---------  --------  ----------  --------------  -------------------
/opt/airflow/dags/wifi_pipeline_dag.py                           1           0  0.11s           2026-09-18T18:38:54
================================================================================
[2026-09-18T18:39:48.565+0000] {manager.py:879} INFO - 
================================================================================
DAG File Processing Stats

File Path                               PID    Runtime      # DAGs    # Errors  Last Runtime    Last Run
--------------------------------------  -----  ---------  --------  ----------  --------------  -------------------
/opt/airflow/dags/wifi_pipeline_dag.py                           1           0  0.13s           2026-09-18T18:39:25
================================================================================
[2026-09-18T18:40:17.669+0000] {manager.py:879} INFO - 
================================================================================
DAG File Processing Stats

File Path                               PID    Runtime      # DAGs    # Errors  Last Runtime    Last Run
--------------------------------------  -----  ---------  --------  ----------  --------------  -------------------
/opt/airflow/dags/wifi_pipeline_dag.py                           1           0  0.13s           2026-09-18T18:39:56
================================================================================
[2026-09-18T18:40:46.664+0000] {manager.py:879} INFO - 
================================================================================
DAG File Processing Stats

File Path                               PID    Runtime      # DAGs    # Errors  Last Runtime    Last Run
--------------------------------------  -----  ---------  --------  ----------  --------------  -------------------
/opt/airflow/dags/wifi_pipeline_dag.py                           1           0  0.13s           2026-09-18T18:40:27
================================================================================
[2026-09-18T18:41:15.739+0000] {manager.py:879} INFO - 
================================================================================
DAG File Processing Stats

File Path                               PID    Runtime      # DAGs    # Errors  Last Runtime    Last Run
--------------------------------------  -----  ---------  --------  ----------  --------------  -------------------
/opt/airflow/dags/wifi_pipeline_dag.py                           1           0  0.13s           2026-09-18T18:40:58
================================================================================
[2026-09-18T18:41:44.813+0000] {manager.py:879} INFO - 
================================================================================
DAG File Processing Stats

File Path                               PID    Runtime      # DAGs    # Errors  Last Runtime    Last Run
--------------------------------------  -----  ---------  --------  ----------  --------------  -------------------
/opt/airflow/dags/wifi_pipeline_dag.py                           1           0  0.12s           2026-09-18T18:41:30
================================================================================
[2026-09-18T18:41:51.866+0000] {manager.py:451} INFO - Exiting gracefully upon receiving signal 15
[2026-09-18T18:42:17.711+0000] {manager.py:469} INFO - Processing files using up to 2 processes at a time 
[2026-09-18T18:42:17.712+0000] {manager.py:470} INFO - Process each file at most once every 30 seconds
[2026-09-18T18:42:17.712+0000] {manager.py:471} INFO - Checking for new files in /opt/airflow/dags every 300 seconds
[2026-09-18T18:42:17.712+0000] {manager.py:738} INFO - Searching for files in /opt/airflow/dags
[2026-09-18T18:42:17.714+0000] {manager.py:741} INFO - There are 1 files in /opt/airflow/dags
[2026-09-18T18:42:17.794+0000] {manager.py:879} INFO - 
================================================================================
DAG File Processing Stats

File Path                                 PID  Runtime      # DAGs    # Errors  Last Runtime    Last Run
--------------------------------------  -----  ---------  --------  ----------  --------------  ----------
/opt/airflow/dags/wifi_pipeline_dag.py    174  0.04s             0           0
================================================================================
[2026-09-18T18:42:46.795+0000] {manager.py:879} INFO - 
================================================================================
DAG File Processing Stats

File Path                               PID    Runtime      # DAGs    # Errors  Last Runtime    Last Run
--------------------------------------  -----  ---------  --------  ----------  --------------  -------------------
/opt/airflow/dags/wifi_pipeline_dag.py                           1           0  0.13s           2026-09-18T18:42:17
================================================================================
[2026-09-18T18:43:15.916+0000] {manager.py:879} INFO - 
================================================================================
DAG File Processing Stats

File Path                               PID    Runtime      # DAGs    # Errors  Last Runtime    Last Run
--------------------------------------  -----  ---------  --------  ----------  --------------  -------------------
/opt/airflow/dags/wifi_pipeline_dag.py                           1           0  0.27s           2026-09-18T18:42:49
================================================================================
[2026-09-18T18:43:45.015+0000] {manager.py:879} INFO - 
================================================================================
DAG File Processing Stats

File Path                               PID    Runtime      # DAGs    # Errors  Last Runtime    Last Run
--------------------------------------  -----  ---------  --------  ----------  --------------  -------------------
/opt/airflow/dags/wifi_pipeline_dag.py                           1           0  0.13s           2026-09-18T18:43:20
================================================================================
[2026-09-18T18:44:14.217+0000] {manager.py:879} INFO - 
================================================================================
DAG File Processing Stats

File Path                               PID    Runtime      # DAGs    # Errors  Last Runtime    Last Run
--------------------------------------  -----  ---------  --------  ----------  --------------  -------------------
/opt/airflow/dags/wifi_pipeline_dag.py                           1           0  0.11s           2026-09-18T18:43:51
================================================================================
[2026-09-18T18:44:43.473+0000] {manager.py:879} INFO - 
================================================================================
DAG File Processing Stats

File Path                               PID    Runtime      # DAGs    # Errors  Last Runtime    Last Run
--------------------------------------  -----  ---------  --------  ----------  --------------  -------------------
/opt/airflow/dags/wifi_pipeline_dag.py                           1           0  0.11s           2026-09-18T18:44:21
================================================================================
[2026-09-18T18:45:12.627+0000] {manager.py:879} INFO - 
================================================================================
DAG File Processing Stats

File Path                               PID    Runtime      # DAGs    # Errors  Last Runtime    Last Run
--------------------------------------  -----  ---------  --------  ----------  --------------  -------------------
/opt/airflow/dags/wifi_pipeline_dag.py                           1           0  0.12s           2026-09-18T18:44:51
================================================================================
[2026-09-18T18:45:41.784+0000] {manager.py:879} INFO - 
================================================================================
DAG File Processing Stats

File Path                               PID    Runtime      # DAGs    # Errors  Last Runtime    Last Run
--------------------------------------  -----  ---------  --------  ----------  --------------  -------------------
/opt/airflow/dags/wifi_pipeline_dag.py                           1           0  0.12s           2026-09-18T18:45:21
================================================================================
[2026-09-18T18:45:49.290+0000] {manager.py:451} INFO - Exiting gracefully upon receiving signal 15
[2026-09-18T18:46:16.050+0000] {manager.py:469} INFO - Processing files using up to 2 processes at a time 
[2026-09-18T18:46:16.051+0000] {manager.py:470} INFO - Process each file at most once every 30 seconds
[2026-09-18T18:46:16.051+0000] {manager.py:471} INFO - Checking for new files in /opt/airflow/dags every 300 seconds
[2026-09-18T18:46:16.051+0000] {manager.py:738} INFO - Searching for files in /opt/airflow/dags
[2026-09-18T18:46:16.053+0000] {manager.py:741} INFO - There are 1 files in /opt/airflow/dags
[2026-09-18T18:46:16.141+0000] {manager.py:879} INFO - 
================================================================================
DAG File Processing Stats

File Path                                 PID  Runtime      # DAGs    # Errors  Last Runtime    Last Run
--------------------------------------  -----  ---------  --------  ----------  --------------  ----------
/opt/airflow/dags/wifi_pipeline_dag.py    174  0.04s             0           0
================================================================================
[2026-09-18T18:46:45.180+0000] {manager.py:879} INFO - 
================================================================================
DAG File Processing Stats

File Path                               PID    Runtime      # DAGs    # Errors  Last Runtime    Last Run
--------------------------------------  -----  ---------  --------  ----------  --------------  -------------------
/opt/airflow/dags/wifi_pipeline_dag.py                           1           0  0.14s           2026-09-18T18:46:16
================================================================================
[2026-09-18T18:47:14.301+0000] {manager.py:879} INFO - 
================================================================================
DAG File Processing Stats

File Path                               PID    Runtime      # DAGs    # Errors  Last Runtime    Last Run
--------------------------------------  -----  ---------  --------  ----------  --------------  -------------------
/opt/airflow/dags/wifi_pipeline_dag.py                           1           0  0.27s           2026-09-18T18:46:47
================================================================================
[2026-09-18T18:47:43.465+0000] {manager.py:879} INFO - 
================================================================================
DAG File Processing Stats

File Path                               PID    Runtime      # DAGs    # Errors  Last Runtime    Last Run
--------------------------------------  -----  ---------  --------  ----------  --------------  -------------------
/opt/airflow/dags/wifi_pipeline_dag.py                           1           0  0.12s           2026-09-18T18:47:18
================================================================================
[2026-09-18T18:48:12.536+0000] {manager.py:879} INFO - 
================================================================================
DAG File Processing Stats

File Path                               PID    Runtime      # DAGs    # Errors  Last Runtime    Last Run
--------------------------------------  -----  ---------  --------  ----------  --------------  -------------------
/opt/airflow/dags/wifi_pipeline_dag.py                           1           0  0.11s           2026-09-18T18:47:48
================================================================================
[2026-09-18T18:48:41.789+0000] {manager.py:879} INFO - 
================================================================================
DAG File Processing Stats

File Path                               PID    Runtime      # DAGs    # Errors  Last Runtime    Last Run
--------------------------------------  -----  ---------  --------  ----------  --------------  -------------------
/opt/airflow/dags/wifi_pipeline_dag.py                           1           0  0.11s           2026-09-18T18:48:18
================================================================================
[2026-09-18T18:49:10.876+0000] {manager.py:879} INFO - 
================================================================================
DAG File Processing Stats

File Path                               PID    Runtime      # DAGs    # Errors  Last Runtime    Last Run
--------------------------------------  -----  ---------  --------  ----------  --------------  -------------------
/opt/airflow/dags/wifi_pipeline_dag.py                           1           0  0.16s           2026-09-18T18:48:49
================================================================================
[2026-09-18T18:49:39.935+0000] {manager.py:879} INFO - 
================================================================================
DAG File Processing Stats

File Path                               PID    Runtime      # DAGs    # Errors  Last Runtime    Last Run
--------------------------------------  -----  ---------  --------  ----------  --------------  -------------------
/opt/airflow/dags/wifi_pipeline_dag.py                           1           0  0.12s           2026-09-18T18:49:20
================================================================================
[2026-09-18T18:50:08.927+0000] {manager.py:879} INFO - 
================================================================================
DAG File Processing Stats

File Path                               PID    Runtime      # DAGs    # Errors  Last Runtime    Last Run
--------------------------------------  -----  ---------  --------  ----------  --------------  -------------------
/opt/airflow/dags/wifi_pipeline_dag.py                           1           0  0.11s           2026-09-18T18:49:51
================================================================================
[2026-09-18T18:50:37.962+0000] {manager.py:879} INFO - 
================================================================================
DAG File Processing Stats

File Path                               PID    Runtime      # DAGs    # Errors  Last Runtime    Last Run
--------------------------------------  -----  ---------  --------  ----------  --------------  -------------------
/opt/airflow/dags/wifi_pipeline_dag.py                           1           0  0.12s           2026-09-18T18:50:22
================================================================================
[2026-09-18T18:51:06.969+0000] {manager.py:879} INFO - 
================================================================================
DAG File Processing Stats

File Path                               PID    Runtime      # DAGs    # Errors  Last Runtime    Last Run
--------------------------------------  -----  ---------  --------  ----------  --------------  -------------------
/opt/airflow/dags/wifi_pipeline_dag.py                           1           0  0.13s           2026-09-18T18:50:53
================================================================================
[2026-09-18T18:51:16.804+0000] {manager.py:738} INFO - Searching for files in /opt/airflow/dags
[2026-09-18T18:51:16.805+0000] {manager.py:741} INFO - There are 1 files in /opt/airflow/dags
[2026-09-18T18:51:35.977+0000] {manager.py:879} INFO - 
================================================================================
DAG File Processing Stats

File Path                               PID    Runtime      # DAGs    # Errors  Last Runtime    Last Run
--------------------------------------  -----  ---------  --------  ----------  --------------  -------------------
/opt/airflow/dags/wifi_pipeline_dag.py                           1           0  0.19s           2026-09-18T18:51:25
================================================================================
[2026-09-18T18:52:05.066+0000] {manager.py:879} INFO - 
================================================================================
DAG File Processing Stats

File Path                               PID    Runtime      # DAGs    # Errors  Last Runtime    Last Run
--------------------------------------  -----  ---------  --------  ----------  --------------  -------------------
/opt/airflow/dags/wifi_pipeline_dag.py                           1           0  0.12s           2026-09-18T18:51:56
================================================================================
[2026-09-18T18:52:32.731+0000] {manager.py:451} INFO - Exiting gracefully upon receiving signal 15
[2026-09-18T18:53:11.096+0000] {manager.py:469} INFO - Processing files using up to 2 processes at a time 
[2026-09-18T18:53:11.097+0000] {manager.py:470} INFO - Process each file at most once every 30 seconds
[2026-09-18T18:53:11.098+0000] {manager.py:471} INFO - Checking for new files in /opt/airflow/dags every 300 seconds
[2026-09-18T18:53:11.098+0000] {manager.py:738} INFO - Searching for files in /opt/airflow/dags
[2026-09-18T18:53:11.100+0000] {manager.py:741} INFO - There are 1 files in /opt/airflow/dags
[2026-09-18T18:53:11.182+0000] {manager.py:879} INFO - 
================================================================================
DAG File Processing Stats

File Path                                 PID  Runtime      # DAGs    # Errors  Last Runtime    Last Run
--------------------------------------  -----  ---------  --------  ----------  --------------  ----------
/opt/airflow/dags/wifi_pipeline_dag.py    174  0.04s             0           0
================================================================================
[2026-09-18T18:53:40.262+0000] {manager.py:879} INFO - 
================================================================================
DAG File Processing Stats

File Path                               PID    Runtime      # DAGs    # Errors  Last Runtime    Last Run
--------------------------------------  -----  ---------  --------  ----------  --------------  -------------------
/opt/airflow/dags/wifi_pipeline_dag.py                           1           0  0.34s           2026-09-18T18:53:11
================================================================================
[2026-09-18T18:54:09.389+0000] {manager.py:879} INFO - 
================================================================================
DAG File Processing Stats

File Path                               PID    Runtime      # DAGs    # Errors  Last Runtime    Last Run
--------------------------------------  -----  ---------  --------  ----------  --------------  -------------------
/opt/airflow/dags/wifi_pipeline_dag.py                           1           0  0.12s           2026-09-18T18:53:42
================================================================================
[2026-09-18T18:54:38.398+0000] {manager.py:879} INFO - 
================================================================================
DAG File Processing Stats

File Path                               PID    Runtime      # DAGs    # Errors  Last Runtime    Last Run
--------------------------------------  -----  ---------  --------  ----------  --------------  -------------------
/opt/airflow/dags/wifi_pipeline_dag.py                           1           0  0.15s           2026-09-18T18:54:12
================================================================================
[2026-09-18T18:55:07.482+0000] {manager.py:879} INFO - 
================================================================================
DAG File Processing Stats

File Path                               PID    Runtime      # DAGs    # Errors  Last Runtime    Last Run
--------------------------------------  -----  ---------  --------  ----------  --------------  -------------------
/opt/airflow/dags/wifi_pipeline_dag.py                           1           0  0.20s           2026-09-18T18:54:43
================================================================================
[2026-09-18T18:55:36.496+0000] {manager.py:879} INFO - 
================================================================================
DAG File Processing Stats

File Path                               PID    Runtime      # DAGs    # Errors  Last Runtime    Last Run
--------------------------------------  -----  ---------  --------  ----------  --------------  -------------------
/opt/airflow/dags/wifi_pipeline_dag.py                           1           0  0.11s           2026-09-18T18:55:14
================================================================================
[2026-09-18T18:56:05.514+0000] {manager.py:879} INFO - 
================================================================================
DAG File Processing Stats

File Path                               PID    Runtime      # DAGs    # Errors  Last Runtime    Last Run
--------------------------------------  -----  ---------  --------  ----------  --------------  -------------------
/opt/airflow/dags/wifi_pipeline_dag.py                           1           0  0.11s           2026-09-18T18:55:45
================================================================================
[2026-09-18T18:56:34.525+0000] {manager.py:879} INFO - 
================================================================================
DAG File Processing Stats

File Path                               PID    Runtime      # DAGs    # Errors  Last Runtime    Last Run
--------------------------------------  -----  ---------  --------  ----------  --------------  -------------------
/opt/airflow/dags/wifi_pipeline_dag.py                           1           0  0.14s           2026-09-18T18:56:16
================================================================================
[2026-09-18T18:57:03.530+0000] {manager.py:879} INFO - 
================================================================================
DAG File Processing Stats

File Path                               PID    Runtime      # DAGs    # Errors  Last Runtime    Last Run
--------------------------------------  -----  ---------  --------  ----------  --------------  -------------------
/opt/airflow/dags/wifi_pipeline_dag.py                           1           0  0.12s           2026-09-18T18:56:47
================================================================================
[2026-09-18T18:57:32.673+0000] {manager.py:879} INFO - 
================================================================================
DAG File Processing Stats

File Path                               PID    Runtime      # DAGs    # Errors  Last Runtime    Last Run
--------------------------------------  -----  ---------  --------  ----------  --------------  -------------------
/opt/airflow/dags/wifi_pipeline_dag.py                           1           0  0.14s           2026-09-18T18:57:18
================================================================================
[2026-09-18T18:57:52.889+0000] {manager.py:451} INFO - Exiting gracefully upon receiving signal 15
[2026-09-18T18:58:19.518+0000] {manager.py:469} INFO - Processing files using up to 2 processes at a time 
[2026-09-18T18:58:19.520+0000] {manager.py:470} INFO - Process each file at most once every 30 seconds
[2026-09-18T18:58:19.520+0000] {manager.py:471} INFO - Checking for new files in /opt/airflow/dags every 300 seconds
[2026-09-18T18:58:19.520+0000] {manager.py:738} INFO - Searching for files in /opt/airflow/dags
[2026-09-18T18:58:19.522+0000] {manager.py:741} INFO - There are 1 files in /opt/airflow/dags
[2026-09-18T18:58:19.597+0000] {manager.py:879} INFO - 
================================================================================
DAG File Processing Stats

File Path                                 PID  Runtime      # DAGs    # Errors  Last Runtime    Last Run
--------------------------------------  -----  ---------  --------  ----------  --------------  ----------
/opt/airflow/dags/wifi_pipeline_dag.py    174  0.04s             0           0
================================================================================
[2026-09-18T18:58:48.570+0000] {manager.py:879} INFO - 
================================================================================
DAG File Processing Stats

File Path                               PID    Runtime      # DAGs    # Errors  Last Runtime    Last Run
--------------------------------------  -----  ---------  --------  ----------  --------------  -------------------
/opt/airflow/dags/wifi_pipeline_dag.py                           1           0  0.13s           2026-09-18T18:58:19
================================================================================
[2026-09-18T18:59:17.652+0000] {manager.py:879} INFO - 
================================================================================
DAG File Processing Stats

File Path                               PID    Runtime      # DAGs    # Errors  Last Runtime    Last Run
--------------------------------------  -----  ---------  --------  ----------  --------------  -------------------
/opt/airflow/dags/wifi_pipeline_dag.py                           1           0  0.27s           2026-09-18T18:58:50
================================================================================
[2026-09-18T18:59:46.749+0000] {manager.py:879} INFO - 
================================================================================
DAG File Processing Stats

File Path                               PID    Runtime      # DAGs    # Errors  Last Runtime    Last Run
--------------------------------------  -----  ---------  --------  ----------  --------------  -------------------
/opt/airflow/dags/wifi_pipeline_dag.py                           1           0  0.11s           2026-09-18T18:59:21
================================================================================
[2026-09-18T19:00:15.780+0000] {manager.py:879} INFO - 
================================================================================
DAG File Processing Stats

File Path                               PID    Runtime      # DAGs    # Errors  Last Runtime    Last Run
--------------------------------------  -----  ---------  --------  ----------  --------------  -------------------
/opt/airflow/dags/wifi_pipeline_dag.py                           1           0  0.12s           2026-09-18T18:59:52
================================================================================
[2026-09-18T19:00:28.337+0000] {manager.py:451} INFO - Exiting gracefully upon receiving signal 15
[2026-09-18T19:00:55.559+0000] {manager.py:469} INFO - Processing files using up to 2 processes at a time 
[2026-09-18T19:00:55.561+0000] {manager.py:470} INFO - Process each file at most once every 30 seconds
[2026-09-18T19:00:55.561+0000] {manager.py:471} INFO - Checking for new files in /opt/airflow/dags every 300 seconds
[2026-09-18T19:00:55.561+0000] {manager.py:738} INFO - Searching for files in /opt/airflow/dags
[2026-09-18T19:00:55.562+0000] {manager.py:741} INFO - There are 1 files in /opt/airflow/dags
[2026-09-18T19:00:55.643+0000] {manager.py:879} INFO - 
================================================================================
DAG File Processing Stats

File Path                                 PID  Runtime      # DAGs    # Errors  Last Runtime    Last Run
--------------------------------------  -----  ---------  --------  ----------  --------------  ----------
/opt/airflow/dags/wifi_pipeline_dag.py    174  0.04s             0           0
================================================================================
[2026-09-18T19:01:24.558+0000] {manager.py:879} INFO - 
================================================================================
DAG File Processing Stats

File Path                               PID    Runtime      # DAGs    # Errors  Last Runtime    Last Run
--------------------------------------  -----  ---------  --------  ----------  --------------  -------------------
/opt/airflow/dags/wifi_pipeline_dag.py                           1           0  0.14s           2026-09-18T19:00:55
================================================================================
[2026-09-18T19:01:53.585+0000] {manager.py:879} INFO - 
================================================================================
DAG File Processing Stats

File Path                               PID    Runtime      # DAGs    # Errors  Last Runtime    Last Run
--------------------------------------  -----  ---------  --------  ----------  --------------  -------------------
/opt/airflow/dags/wifi_pipeline_dag.py                           1           0  0.26s           2026-09-18T19:01:26
================================================================================
[2026-09-18T19:02:22.574+0000] {manager.py:879} INFO - 
================================================================================
DAG File Processing Stats

File Path                               PID    Runtime      # DAGs    # Errors  Last Runtime    Last Run
--------------------------------------  -----  ---------  --------  ----------  --------------  -------------------
/opt/airflow/dags/wifi_pipeline_dag.py                           1           0  0.12s           2026-09-18T19:01:57
================================================================================
[2026-09-18T19:02:51.523+0000] {manager.py:879} INFO - 
================================================================================
DAG File Processing Stats

File Path                               PID    Runtime      # DAGs    # Errors  Last Runtime    Last Run
--------------------------------------  -----  ---------  --------  ----------  --------------  -------------------
/opt/airflow/dags/wifi_pipeline_dag.py                           1           0  0.14s           2026-09-18T19:02:28
================================================================================
[2026-09-18T19:03:20.508+0000] {manager.py:879} INFO - 
================================================================================
DAG File Processing Stats

File Path                               PID    Runtime      # DAGs    # Errors  Last Runtime    Last Run
--------------------------------------  -----  ---------  --------  ----------  --------------  -------------------
/opt/airflow/dags/wifi_pipeline_dag.py                           1           0  0.15s           2026-09-18T19:02:59
================================================================================
[2026-09-18T19:03:49.472+0000] {manager.py:879} INFO - 
================================================================================
DAG File Processing Stats

File Path                               PID    Runtime      # DAGs    # Errors  Last Runtime    Last Run
--------------------------------------  -----  ---------  --------  ----------  --------------  -------------------
/opt/airflow/dags/wifi_pipeline_dag.py                           1           0  0.12s           2026-09-18T19:03:30
================================================================================
[2026-09-18T19:04:18.473+0000] {manager.py:879} INFO - 
================================================================================
DAG File Processing Stats

File Path                               PID    Runtime      # DAGs    # Errors  Last Runtime    Last Run
--------------------------------------  -----  ---------  --------  ----------  --------------  -------------------
/opt/airflow/dags/wifi_pipeline_dag.py                           1           0  0.15s           2026-09-18T19:04:01
================================================================================
[2026-09-18T19:04:47.529+0000] {manager.py:879} INFO - 
================================================================================
DAG File Processing Stats

File Path                               PID    Runtime      # DAGs    # Errors  Last Runtime    Last Run
--------------------------------------  -----  ---------  --------  ----------  --------------  -------------------
/opt/airflow/dags/wifi_pipeline_dag.py                           1           0  0.14s           2026-09-18T19:04:32
================================================================================
[2026-09-18T19:05:16.534+0000] {manager.py:879} INFO - 
================================================================================
DAG File Processing Stats

File Path                               PID    Runtime      # DAGs    # Errors  Last Runtime    Last Run
--------------------------------------  -----  ---------  --------  ----------  --------------  -------------------
/opt/airflow/dags/wifi_pipeline_dag.py                           1           0  0.14s           2026-09-18T19:05:03
================================================================================
[2026-09-18T19:05:45.479+0000] {manager.py:879} INFO - 
================================================================================
DAG File Processing Stats

File Path                               PID    Runtime      # DAGs    # Errors  Last Runtime    Last Run
--------------------------------------  -----  ---------  --------  ----------  --------------  -------------------
/opt/airflow/dags/wifi_pipeline_dag.py                           1           0  0.14s           2026-09-18T19:05:34
================================================================================
[2026-09-18T19:05:55.567+0000] {manager.py:738} INFO - Searching for files in /opt/airflow/dags
[2026-09-18T19:05:55.568+0000] {manager.py:741} INFO - There are 1 files in /opt/airflow/dags
[2026-09-18T19:06:14.439+0000] {manager.py:879} INFO - 
================================================================================
DAG File Processing Stats

File Path                               PID    Runtime      # DAGs    # Errors  Last Runtime    Last Run
--------------------------------------  -----  ---------  --------  ----------  --------------  -------------------
/opt/airflow/dags/wifi_pipeline_dag.py                           1           0  0.12s           2026-09-18T19:06:05
================================================================================
[2026-09-18T19:06:43.409+0000] {manager.py:879} INFO - 
================================================================================
DAG File Processing Stats

File Path                               PID    Runtime      # DAGs    # Errors  Last Runtime    Last Run
--------------------------------------  -----  ---------  --------  ----------  --------------  -------------------
/opt/airflow/dags/wifi_pipeline_dag.py                           1           0  0.15s           2026-09-18T19:06:36
================================================================================
[2026-09-18T19:07:12.375+0000] {manager.py:879} INFO - 
================================================================================
DAG File Processing Stats

File Path                               PID    Runtime      # DAGs    # Errors  Last Runtime    Last Run
--------------------------------------  -----  ---------  --------  ----------  --------------  -------------------
/opt/airflow/dags/wifi_pipeline_dag.py                           1           0  0.14s           2026-09-18T19:07:07
================================================================================
[2026-09-18T19:07:41.368+0000] {manager.py:879} INFO - 
================================================================================
DAG File Processing Stats

File Path                               PID    Runtime      # DAGs    # Errors  Last Runtime    Last Run
--------------------------------------  -----  ---------  --------  ----------  --------------  -------------------
/opt/airflow/dags/wifi_pipeline_dag.py                           1           0  0.17s           2026-09-18T19:07:38
================================================================================
[2026-09-18T19:08:10.124+0000] {manager.py:451} INFO - Exiting gracefully upon receiving signal 15
[2026-09-18T19:08:37.312+0000] {manager.py:469} INFO - Processing files using up to 2 processes at a time 
[2026-09-18T19:08:37.313+0000] {manager.py:470} INFO - Process each file at most once every 30 seconds
[2026-09-18T19:08:37.314+0000] {manager.py:471} INFO - Checking for new files in /opt/airflow/dags every 300 seconds
[2026-09-18T19:08:37.314+0000] {manager.py:738} INFO - Searching for files in /opt/airflow/dags
[2026-09-18T19:08:37.316+0000] {manager.py:741} INFO - There are 1 files in /opt/airflow/dags
[2026-09-18T19:08:37.403+0000] {manager.py:879} INFO - 
================================================================================
DAG File Processing Stats

File Path                                 PID  Runtime      # DAGs    # Errors  Last Runtime    Last Run
--------------------------------------  -----  ---------  --------  ----------  --------------  ----------
/opt/airflow/dags/wifi_pipeline_dag.py    174  0.04s             0           0
================================================================================
[2026-09-18T19:09:06.420+0000] {manager.py:879} INFO - 
================================================================================
DAG File Processing Stats

File Path                               PID    Runtime      # DAGs    # Errors  Last Runtime    Last Run
--------------------------------------  -----  ---------  --------  ----------  --------------  -------------------
/opt/airflow/dags/wifi_pipeline_dag.py                           1           0  0.13s           2026-09-18T19:08:37
================================================================================
[2026-09-18T19:09:35.274+0000] {manager.py:879} INFO - 
================================================================================
DAG File Processing Stats

File Path                               PID    Runtime      # DAGs    # Errors  Last Runtime    Last Run
--------------------------------------  -----  ---------  --------  ----------  --------------  -------------------
/opt/airflow/dags/wifi_pipeline_dag.py                           1           0  0.28s           2026-09-18T19:09:08
================================================================================
[2026-09-18T19:10:04.161+0000] {manager.py:879} INFO - 
================================================================================
DAG File Processing Stats

File Path                               PID    Runtime      # DAGs    # Errors  Last Runtime    Last Run
--------------------------------------  -----  ---------  --------  ----------  --------------  -------------------
/opt/airflow/dags/wifi_pipeline_dag.py                           1           0  0.10s           2026-09-18T19:09:39
================================================================================
[2026-09-18T19:10:33.060+0000] {manager.py:879} INFO - 
================================================================================
DAG File Processing Stats

File Path                               PID    Runtime      # DAGs    # Errors  Last Runtime    Last Run
--------------------------------------  -----  ---------  --------  ----------  --------------  -------------------
/opt/airflow/dags/wifi_pipeline_dag.py                           1           0  0.11s           2026-09-18T19:10:10
================================================================================
[2026-09-18T19:11:02.219+0000] {manager.py:879} INFO - 
================================================================================
DAG File Processing Stats

File Path                               PID    Runtime      # DAGs    # Errors  Last Runtime    Last Run
--------------------------------------  -----  ---------  --------  ----------  --------------  -------------------
/opt/airflow/dags/wifi_pipeline_dag.py                           1           0  0.11s           2026-09-18T19:10:41
================================================================================
[2026-09-18T19:11:31.173+0000] {manager.py:879} INFO - 
================================================================================
DAG File Processing Stats

File Path                               PID    Runtime      # DAGs    # Errors  Last Runtime    Last Run
--------------------------------------  -----  ---------  --------  ----------  --------------  -------------------
/opt/airflow/dags/wifi_pipeline_dag.py                           1           0  0.15s           2026-09-18T19:11:11
================================================================================
[2026-09-18T19:12:00.204+0000] {manager.py:879} INFO - 
================================================================================
DAG File Processing Stats

File Path                               PID    Runtime      # DAGs    # Errors  Last Runtime    Last Run
--------------------------------------  -----  ---------  --------  ----------  --------------  -------------------
/opt/airflow/dags/wifi_pipeline_dag.py                           1           0  0.11s           2026-09-18T19:11:42
================================================================================
[2026-09-18T19:12:29.208+0000] {manager.py:879} INFO - 
================================================================================
DAG File Processing Stats

File Path                               PID    Runtime      # DAGs    # Errors  Last Runtime    Last Run
--------------------------------------  -----  ---------  --------  ----------  --------------  -------------------
/opt/airflow/dags/wifi_pipeline_dag.py                           1           0  0.12s           2026-09-18T19:12:13
================================================================================
[2026-09-18T19:12:58.220+0000] {manager.py:879} INFO - 
================================================================================
DAG File Processing Stats

File Path                               PID    Runtime      # DAGs    # Errors  Last Runtime    Last Run
--------------------------------------  -----  ---------  --------  ----------  --------------  -------------------
/opt/airflow/dags/wifi_pipeline_dag.py                           1           0  0.13s           2026-09-18T19:12:44
================================================================================
[2026-09-18T19:13:27.250+0000] {manager.py:879} INFO - 
================================================================================
DAG File Processing Stats

File Path                               PID    Runtime      # DAGs    # Errors  Last Runtime    Last Run
--------------------------------------  -----  ---------  --------  ----------  --------------  -------------------
/opt/airflow/dags/wifi_pipeline_dag.py                           1           0  0.12s           2026-09-18T19:13:15
================================================================================
[2026-09-18T19:13:38.304+0000] {manager.py:738} INFO - Searching for files in /opt/airflow/dags
[2026-09-18T19:13:38.305+0000] {manager.py:741} INFO - There are 1 files in /opt/airflow/dags
[2026-09-18T19:13:56.169+0000] {manager.py:879} INFO - 
================================================================================
DAG File Processing Stats

File Path                               PID    Runtime      # DAGs    # Errors  Last Runtime    Last Run
--------------------------------------  -----  ---------  --------  ----------  --------------  -------------------
/opt/airflow/dags/wifi_pipeline_dag.py                           1           0  0.12s           2026-09-18T19:13:46
================================================================================
[2026-09-18T19:14:25.324+0000] {manager.py:879} INFO - 
================================================================================
DAG File Processing Stats

File Path                               PID    Runtime      # DAGs    # Errors  Last Runtime    Last Run
--------------------------------------  -----  ---------  --------  ----------  --------------  -------------------
/opt/airflow/dags/wifi_pipeline_dag.py                           1           0  0.14s           2026-09-18T19:14:16
================================================================================
[2026-09-18T19:14:54.161+0000] {manager.py:879} INFO - 
================================================================================
DAG File Processing Stats

File Path                               PID    Runtime      # DAGs    # Errors  Last Runtime    Last Run
--------------------------------------  -----  ---------  --------  ----------  --------------  -------------------
/opt/airflow/dags/wifi_pipeline_dag.py                           1           0  0.13s           2026-09-18T19:14:47
================================================================================
[2026-09-18T19:15:23.088+0000] {manager.py:879} INFO - 
================================================================================
DAG File Processing Stats

File Path                               PID    Runtime      # DAGs    # Errors  Last Runtime    Last Run
--------------------------------------  -----  ---------  --------  ----------  --------------  -------------------
/opt/airflow/dags/wifi_pipeline_dag.py                           1           0  0.11s           2026-09-18T19:15:18
================================================================================
[2026-09-18T19:15:52.046+0000] {manager.py:879} INFO - 
================================================================================
DAG File Processing Stats

File Path                               PID    Runtime      # DAGs    # Errors  Last Runtime    Last Run
--------------------------------------  -----  ---------  --------  ----------  --------------  -------------------
/opt/airflow/dags/wifi_pipeline_dag.py                           1           0  0.10s           2026-09-18T19:15:49
================================================================================
[2026-09-18T19:16:20.918+0000] {manager.py:879} INFO - 
================================================================================
DAG File Processing Stats

File Path                               PID    Runtime      # DAGs    # Errors  Last Runtime    Last Run
--------------------------------------  -----  ---------  --------  ----------  --------------  -------------------
/opt/airflow/dags/wifi_pipeline_dag.py                           1           0  0.11s           2026-09-18T19:16:20
================================================================================
[2026-09-18T19:16:50.044+0000] {manager.py:879} INFO - 
================================================================================
DAG File Processing Stats

File Path                                 PID  Runtime      # DAGs    # Errors  Last Runtime    Last Run
--------------------------------------  -----  ---------  --------  ----------  --------------  -------------------
/opt/airflow/dags/wifi_pipeline_dag.py    255  0.01s             1           0  0.11s           2026-09-18T19:16:20
================================================================================
[2026-09-18T19:17:19.315+0000] {manager.py:879} INFO - 
================================================================================
DAG File Processing Stats

File Path                               PID    Runtime      # DAGs    # Errors  Last Runtime    Last Run
--------------------------------------  -----  ---------  --------  ----------  --------------  -------------------
/opt/airflow/dags/wifi_pipeline_dag.py                           1           0  0.12s           2026-09-18T19:16:50
================================================================================
[2026-09-18T19:17:48.439+0000] {manager.py:879} INFO - 
================================================================================
DAG File Processing Stats

File Path                               PID    Runtime      # DAGs    # Errors  Last Runtime    Last Run
--------------------------------------  -----  ---------  --------  ----------  --------------  -------------------
/opt/airflow/dags/wifi_pipeline_dag.py                           1           0  0.10s           2026-09-18T19:17:20
================================================================================
[2026-09-18T19:18:17.586+0000] {manager.py:879} INFO - 
================================================================================
DAG File Processing Stats

File Path                               PID    Runtime      # DAGs    # Errors  Last Runtime    Last Run
--------------------------------------  -----  ---------  --------  ----------  --------------  -------------------
/opt/airflow/dags/wifi_pipeline_dag.py                           1           0  0.10s           2026-09-18T19:17:50
================================================================================
[2026-09-18T19:18:39.304+0000] {manager.py:738} INFO - Searching for files in /opt/airflow/dags
[2026-09-18T19:18:39.306+0000] {manager.py:741} INFO - There are 1 files in /opt/airflow/dags
[2026-09-18T19:18:47.429+0000] {manager.py:879} INFO - 
================================================================================
DAG File Processing Stats

File Path                               PID    Runtime      # DAGs    # Errors  Last Runtime    Last Run
--------------------------------------  -----  ---------  --------  ----------  --------------  -------------------
/opt/airflow/dags/wifi_pipeline_dag.py                           1           0  0.10s           2026-09-18T19:18:20
================================================================================
[2026-09-18T19:19:15.341+0000] {manager.py:879} INFO - 
================================================================================
DAG File Processing Stats

File Path                               PID    Runtime      # DAGs    # Errors  Last Runtime    Last Run
--------------------------------------  -----  ---------  --------  ----------  --------------  -------------------
/opt/airflow/dags/wifi_pipeline_dag.py                           1           0  0.10s           2026-09-18T19:18:51
================================================================================
[2026-09-18T19:19:44.876+0000] {manager.py:879} INFO - 
================================================================================
DAG File Processing Stats

File Path                               PID    Runtime      # DAGs    # Errors  Last Runtime    Last Run
--------------------------------------  -----  ---------  --------  ----------  --------------  -------------------
/opt/airflow/dags/wifi_pipeline_dag.py                           1           0  0.11s           2026-09-18T19:19:22
================================================================================
[2026-09-18T19:20:13.819+0000] {manager.py:879} INFO - 
================================================================================
DAG File Processing Stats

File Path                               PID    Runtime      # DAGs    # Errors  Last Runtime    Last Run
--------------------------------------  -----  ---------  --------  ----------  --------------  -------------------
/opt/airflow/dags/wifi_pipeline_dag.py                           1           0  0.11s           2026-09-18T19:19:53
================================================================================
[2026-09-18T19:20:42.877+0000] {manager.py:879} INFO - 
================================================================================
DAG File Processing Stats

File Path                               PID    Runtime      # DAGs    # Errors  Last Runtime    Last Run
--------------------------------------  -----  ---------  --------  ----------  --------------  -------------------
/opt/airflow/dags/wifi_pipeline_dag.py                           1           0  0.12s           2026-09-18T19:20:23
================================================================================
[2026-09-18T19:21:11.863+0000] {manager.py:879} INFO - 
================================================================================
DAG File Processing Stats

File Path                               PID    Runtime      # DAGs    # Errors  Last Runtime    Last Run
--------------------------------------  -----  ---------  --------  ----------  --------------  -------------------
/opt/airflow/dags/wifi_pipeline_dag.py                           1           0  0.12s           2026-09-18T19:20:54
================================================================================
[2026-09-18T19:21:40.865+0000] {manager.py:879} INFO - 
================================================================================
DAG File Processing Stats

File Path                               PID    Runtime      # DAGs    # Errors  Last Runtime    Last Run
--------------------------------------  -----  ---------  --------  ----------  --------------  -------------------
/opt/airflow/dags/wifi_pipeline_dag.py                           1           0  0.12s           2026-09-18T19:21:25
================================================================================
[2026-09-18T19:22:09.751+0000] {manager.py:879} INFO - 
================================================================================
DAG File Processing Stats

File Path                               PID    Runtime      # DAGs    # Errors  Last Runtime    Last Run
--------------------------------------  -----  ---------  --------  ----------  --------------  -------------------
/opt/airflow/dags/wifi_pipeline_dag.py                           1           0  0.16s           2026-09-18T19:21:56
================================================================================
[2026-09-18T19:22:38.713+0000] {manager.py:879} INFO - 
================================================================================
DAG File Processing Stats

File Path                               PID    Runtime      # DAGs    # Errors  Last Runtime    Last Run
--------------------------------------  -----  ---------  --------  ----------  --------------  -------------------
/opt/airflow/dags/wifi_pipeline_dag.py                           1           0  0.13s           2026-09-18T19:22:27
================================================================================
[2026-09-18T19:23:08.479+0000] {manager.py:879} INFO - 
================================================================================
DAG File Processing Stats

File Path                               PID    Runtime      # DAGs    # Errors  Last Runtime    Last Run
--------------------------------------  -----  ---------  --------  ----------  --------------  -------------------
/opt/airflow/dags/wifi_pipeline_dag.py                           1           0  0.12s           2026-09-18T19:22:58
================================================================================
[2026-09-18T19:23:36.694+0000] {manager.py:879} INFO - 
================================================================================
DAG File Processing Stats

File Path                               PID    Runtime      # DAGs    # Errors  Last Runtime    Last Run
--------------------------------------  -----  ---------  --------  ----------  --------------  -------------------
/opt/airflow/dags/wifi_pipeline_dag.py                           1           0  0.11s           2026-09-18T19:23:28
================================================================================
[2026-09-18T19:23:39.731+0000] {manager.py:738} INFO - Searching for files in /opt/airflow/dags
[2026-09-18T19:23:39.733+0000] {manager.py:741} INFO - There are 1 files in /opt/airflow/dags
[2026-09-18T19:24:05.832+0000] {manager.py:879} INFO - 
================================================================================
DAG File Processing Stats

File Path                               PID    Runtime      # DAGs    # Errors  Last Runtime    Last Run
--------------------------------------  -----  ---------  --------  ----------  --------------  -------------------
/opt/airflow/dags/wifi_pipeline_dag.py                           1           0  0.17s           2026-09-18T19:23:59
================================================================================
[2026-09-18T19:24:34.974+0000] {manager.py:879} INFO - 
================================================================================
DAG File Processing Stats

File Path                               PID    Runtime      # DAGs    # Errors  Last Runtime    Last Run
--------------------------------------  -----  ---------  --------  ----------  --------------  -------------------
/opt/airflow/dags/wifi_pipeline_dag.py                           1           0  0.13s           2026-09-18T19:24:31
================================================================================
[2026-09-18T19:25:04.237+0000] {manager.py:879} INFO - 
================================================================================
DAG File Processing Stats

File Path                               PID    Runtime      # DAGs    # Errors  Last Runtime    Last Run
--------------------------------------  -----  ---------  --------  ----------  --------------  -------------------
/opt/airflow/dags/wifi_pipeline_dag.py                           1           0  0.11s           2026-09-18T19:25:01
================================================================================
[2026-09-18T19:25:33.393+0000] {manager.py:879} INFO - 
================================================================================
DAG File Processing Stats

File Path                               PID    Runtime      # DAGs    # Errors  Last Runtime    Last Run
--------------------------------------  -----  ---------  --------  ----------  --------------  -------------------
/opt/airflow/dags/wifi_pipeline_dag.py                           1           0  0.13s           2026-09-18T19:25:31
================================================================================
[2026-09-18T19:26:02.342+0000] {manager.py:879} INFO - 
================================================================================
DAG File Processing Stats

File Path                                 PID  Runtime      # DAGs    # Errors  Last Runtime    Last Run
--------------------------------------  -----  ---------  --------  ----------  --------------  -------------------
/opt/airflow/dags/wifi_pipeline_dag.py    345  0.01s             1           0  0.13s           2026-09-18T19:25:31
================================================================================
[2026-09-18T19:26:31.282+0000] {manager.py:879} INFO - 
================================================================================
DAG File Processing Stats

File Path                               PID    Runtime      # DAGs    # Errors  Last Runtime    Last Run
--------------------------------------  -----  ---------  --------  ----------  --------------  -------------------
/opt/airflow/dags/wifi_pipeline_dag.py                           1           0  0.12s           2026-09-18T19:26:02
================================================================================
[2026-09-18T19:27:00.323+0000] {manager.py:879} INFO - 
================================================================================
DAG File Processing Stats

File Path                               PID    Runtime      # DAGs    # Errors  Last Runtime    Last Run
--------------------------------------  -----  ---------  --------  ----------  --------------  -------------------
/opt/airflow/dags/wifi_pipeline_dag.py                           1           0  0.10s           2026-09-18T19:26:33
================================================================================
[2026-09-18T19:27:29.261+0000] {manager.py:879} INFO - 
================================================================================
DAG File Processing Stats

File Path                               PID    Runtime      # DAGs    # Errors  Last Runtime    Last Run
--------------------------------------  -----  ---------  --------  ----------  --------------  -------------------
/opt/airflow/dags/wifi_pipeline_dag.py                           1           0  0.10s           2026-09-18T19:27:04
================================================================================
[2026-09-18T19:27:58.125+0000] {manager.py:879} INFO - 
================================================================================
DAG File Processing Stats

File Path                               PID    Runtime      # DAGs    # Errors  Last Runtime    Last Run
--------------------------------------  -----  ---------  --------  ----------  --------------  -------------------
/opt/airflow/dags/wifi_pipeline_dag.py                           1           0  0.10s           2026-09-18T19:27:35
================================================================================
[2026-09-18T19:28:27.464+0000] {manager.py:879} INFO - 
================================================================================
DAG File Processing Stats

File Path                               PID    Runtime      # DAGs    # Errors  Last Runtime    Last Run
--------------------------------------  -----  ---------  --------  ----------  --------------  -------------------
/opt/airflow/dags/wifi_pipeline_dag.py                           1           0  0.11s           2026-09-18T19:28:06
================================================================================
[2026-09-18T19:28:40.216+0000] {manager.py:738} INFO - Searching for files in /opt/airflow/dags
[2026-09-18T19:28:40.218+0000] {manager.py:741} INFO - There are 1 files in /opt/airflow/dags
[2026-09-18T19:28:56.487+0000] {manager.py:879} INFO - 
================================================================================
DAG File Processing Stats

File Path                               PID    Runtime      # DAGs    # Errors  Last Runtime    Last Run
--------------------------------------  -----  ---------  --------  ----------  --------------  -------------------
/opt/airflow/dags/wifi_pipeline_dag.py                           1           0  0.13s           2026-09-18T19:28:36
================================================================================
[2026-09-18T19:29:25.584+0000] {manager.py:879} INFO - 
================================================================================
DAG File Processing Stats

File Path                               PID    Runtime      # DAGs    # Errors  Last Runtime    Last Run
--------------------------------------  -----  ---------  --------  ----------  --------------  -------------------
/opt/airflow/dags/wifi_pipeline_dag.py                           1           0  0.10s           2026-09-18T19:29:06
================================================================================
[2026-09-18T19:29:54.638+0000] {manager.py:879} INFO - 
================================================================================
DAG File Processing Stats

File Path                               PID    Runtime      # DAGs    # Errors  Last Runtime    Last Run
--------------------------------------  -----  ---------  --------  ----------  --------------  -------------------
/opt/airflow/dags/wifi_pipeline_dag.py                           1           0  0.15s           2026-09-18T19:29:37
================================================================================
[2026-09-18T19:30:23.476+0000] {manager.py:879} INFO - 
================================================================================
DAG File Processing Stats

File Path                               PID    Runtime      # DAGs    # Errors  Last Runtime    Last Run
--------------------------------------  -----  ---------  --------  ----------  --------------  -------------------
/opt/airflow/dags/wifi_pipeline_dag.py                           1           0  0.13s           2026-09-18T19:30:08
================================================================================
[2026-09-18T19:30:52.358+0000] {manager.py:879} INFO - 
================================================================================
DAG File Processing Stats

File Path                               PID    Runtime      # DAGs    # Errors  Last Runtime    Last Run
--------------------------------------  -----  ---------  --------  ----------  --------------  -------------------
/opt/airflow/dags/wifi_pipeline_dag.py                           1           0  0.13s           2026-09-18T19:30:39
================================================================================
[2026-09-18T19:31:21.278+0000] {manager.py:879} INFO - 
================================================================================
DAG File Processing Stats

File Path                               PID    Runtime      # DAGs    # Errors  Last Runtime    Last Run
--------------------------------------  -----  ---------  --------  ----------  --------------  -------------------
/opt/airflow/dags/wifi_pipeline_dag.py                           1           0  0.13s           2026-09-18T19:31:10
================================================================================
[2026-09-18T19:31:48.884+0000] {manager.py:879} INFO - 
================================================================================
DAG File Processing Stats

File Path                               PID    Runtime      # DAGs    # Errors  Last Runtime    Last Run
--------------------------------------  -----  ---------  --------  ----------  --------------  -------------------
/opt/airflow/dags/wifi_pipeline_dag.py                           1           0  0.16s           2026-09-18T19:31:41
================================================================================
[2026-09-18T19:32:17.871+0000] {manager.py:879} INFO - 
================================================================================
DAG File Processing Stats

File Path                               PID    Runtime      # DAGs    # Errors  Last Runtime    Last Run
--------------------------------------  -----  ---------  --------  ----------  --------------  -------------------
/opt/airflow/dags/wifi_pipeline_dag.py                           1           0  0.12s           2026-09-18T19:32:12
================================================================================
[2026-09-18T19:32:46.781+0000] {manager.py:879} INFO - 
================================================================================
DAG File Processing Stats

File Path                               PID    Runtime      # DAGs    # Errors  Last Runtime    Last Run
--------------------------------------  -----  ---------  --------  ----------  --------------  -------------------
/opt/airflow/dags/wifi_pipeline_dag.py                           1           0  0.11s           2026-09-18T19:32:43
================================================================================
[2026-09-18T19:33:15.666+0000] {manager.py:879} INFO - 
================================================================================
DAG File Processing Stats

File Path                               PID    Runtime      # DAGs    # Errors  Last Runtime    Last Run
--------------------------------------  -----  ---------  --------  ----------  --------------  -------------------
/opt/airflow/dags/wifi_pipeline_dag.py                           1           0  0.15s           2026-09-18T19:33:14
================================================================================
[2026-09-18T19:33:40.848+0000] {manager.py:738} INFO - Searching for files in /opt/airflow/dags
[2026-09-18T19:33:40.849+0000] {manager.py:741} INFO - There are 1 files in /opt/airflow/dags
[2026-09-18T19:33:44.507+0000] {manager.py:879} INFO - 
================================================================================
DAG File Processing Stats

File Path                                 PID  Runtime      # DAGs    # Errors  Last Runtime    Last Run
--------------------------------------  -----  ---------  --------  ----------  --------------  -------------------
/opt/airflow/dags/wifi_pipeline_dag.py    420  0.01s             1           0  0.15s           2026-09-18T19:33:14
================================================================================
[2026-09-18T19:34:13.413+0000] {manager.py:879} INFO - 
================================================================================
DAG File Processing Stats

File Path                               PID    Runtime      # DAGs    # Errors  Last Runtime    Last Run
--------------------------------------  -----  ---------  --------  ----------  --------------  -------------------
/opt/airflow/dags/wifi_pipeline_dag.py                           1           0  0.12s           2026-09-18T19:33:44
================================================================================
[2026-09-18T19:34:42.314+0000] {manager.py:879} INFO - 
================================================================================
DAG File Processing Stats

File Path                               PID    Runtime      # DAGs    # Errors  Last Runtime    Last Run
--------------------------------------  -----  ---------  --------  ----------  --------------  -------------------
/opt/airflow/dags/wifi_pipeline_dag.py                           1           0  0.13s           2026-09-18T19:34:15
================================================================================
[2026-09-18T19:35:11.338+0000] {manager.py:879} INFO - 
================================================================================
DAG File Processing Stats

File Path                               PID    Runtime      # DAGs    # Errors  Last Runtime    Last Run
--------------------------------------  -----  ---------  --------  ----------  --------------  -------------------
/opt/airflow/dags/wifi_pipeline_dag.py                           1           0  0.12s           2026-09-18T19:34:46
================================================================================
[2026-09-18T19:35:40.181+0000] {manager.py:879} INFO - 
================================================================================
DAG File Processing Stats

File Path                               PID    Runtime      # DAGs    # Errors  Last Runtime    Last Run
--------------------------------------  -----  ---------  --------  ----------  --------------  -------------------
/opt/airflow/dags/wifi_pipeline_dag.py                           1           0  0.13s           2026-09-18T19:35:17
================================================================================
[2026-09-18T19:36:09.049+0000] {manager.py:879} INFO - 
================================================================================
DAG File Processing Stats

File Path                               PID    Runtime      # DAGs    # Errors  Last Runtime    Last Run
--------------------------------------  -----  ---------  --------  ----------  --------------  -------------------
/opt/airflow/dags/wifi_pipeline_dag.py                           1           0  0.14s           2026-09-18T19:35:48
================================================================================
[2026-09-18T19:36:38.045+0000] {manager.py:879} INFO - 
================================================================================
DAG File Processing Stats

File Path                               PID    Runtime      # DAGs    # Errors  Last Runtime    Last Run
--------------------------------------  -----  ---------  --------  ----------  --------------  -------------------
/opt/airflow/dags/wifi_pipeline_dag.py                           1           0  0.14s           2026-09-18T19:36:19
================================================================================
[2026-09-18T19:36:46.914+0000] {manager.py:451} INFO - Exiting gracefully upon receiving signal 15
[2026-09-18T19:37:13.615+0000] {manager.py:469} INFO - Processing files using up to 2 processes at a time 
[2026-09-18T19:37:13.617+0000] {manager.py:470} INFO - Process each file at most once every 30 seconds
[2026-09-18T19:37:13.617+0000] {manager.py:471} INFO - Checking for new files in /opt/airflow/dags every 300 seconds
[2026-09-18T19:37:13.617+0000] {manager.py:738} INFO - Searching for files in /opt/airflow/dags
[2026-09-18T19:37:13.618+0000] {manager.py:741} INFO - There are 1 files in /opt/airflow/dags
[2026-09-18T19:37:13.702+0000] {manager.py:879} INFO - 
================================================================================
DAG File Processing Stats

File Path                                 PID  Runtime      # DAGs    # Errors  Last Runtime    Last Run
--------------------------------------  -----  ---------  --------  ----------  --------------  ----------
/opt/airflow/dags/wifi_pipeline_dag.py    174  0.04s             0           0
================================================================================
[2026-09-18T19:37:42.495+0000] {manager.py:879} INFO - 
================================================================================
DAG File Processing Stats

File Path                               PID    Runtime      # DAGs    # Errors  Last Runtime    Last Run
--------------------------------------  -----  ---------  --------  ----------  --------------  -------------------
/opt/airflow/dags/wifi_pipeline_dag.py                           1           0  0.13s           2026-09-18T19:37:13
================================================================================
[2026-09-18T19:38:11.442+0000] {manager.py:879} INFO - 
================================================================================
DAG File Processing Stats

File Path                               PID    Runtime      # DAGs    # Errors  Last Runtime    Last Run
--------------------------------------  -----  ---------  --------  ----------  --------------  -------------------
/opt/airflow/dags/wifi_pipeline_dag.py                           1           0  0.27s           2026-09-18T19:37:44
================================================================================
[2026-09-18T19:38:30.365+0000] {manager.py:451} INFO - Exiting gracefully upon receiving signal 15
[2026-09-18T19:41:11.890+0000] {manager.py:469} INFO - Processing files using up to 2 processes at a time 
[2026-09-18T19:41:11.891+0000] {manager.py:470} INFO - Process each file at most once every 30 seconds
[2026-09-18T19:41:11.892+0000] {manager.py:471} INFO - Checking for new files in /opt/airflow/dags every 300 seconds
[2026-09-18T19:41:11.892+0000] {manager.py:738} INFO - Searching for files in /opt/airflow/dags
[2026-09-18T19:41:11.893+0000] {manager.py:741} INFO - There are 1 files in /opt/airflow/dags
[2026-09-18T19:41:11.996+0000] {manager.py:879} INFO - 
================================================================================
DAG File Processing Stats

File Path                                 PID  Runtime      # DAGs    # Errors  Last Runtime    Last Run
--------------------------------------  -----  ---------  --------  ----------  --------------  ----------
/opt/airflow/dags/wifi_pipeline_dag.py    174  0.05s             0           0
================================================================================
[2026-09-18T19:41:40.215+0000] {manager.py:879} INFO - 
================================================================================
DAG File Processing Stats

File Path                               PID    Runtime      # DAGs    # Errors  Last Runtime    Last Run
--------------------------------------  -----  ---------  --------  ----------  --------------  -------------------
/opt/airflow/dags/wifi_pipeline_dag.py                           1           0  0.40s           2026-09-18T19:41:12
================================================================================
[2026-09-18T19:42:09.988+0000] {manager.py:879} INFO - 
================================================================================
DAG File Processing Stats

File Path                               PID    Runtime      # DAGs    # Errors  Last Runtime    Last Run
--------------------------------------  -----  ---------  --------  ----------  --------------  -------------------
/opt/airflow/dags/wifi_pipeline_dag.py                           1           0  0.13s           2026-09-18T19:41:42
================================================================================
[2026-09-18T19:42:38.904+0000] {manager.py:879} INFO - 
================================================================================
DAG File Processing Stats

File Path                               PID    Runtime      # DAGs    # Errors  Last Runtime    Last Run
--------------------------------------  -----  ---------  --------  ----------  --------------  -------------------
/opt/airflow/dags/wifi_pipeline_dag.py                           1           0  0.14s           2026-09-18T19:42:13
================================================================================
[2026-09-18T19:43:07.736+0000] {manager.py:879} INFO - 
================================================================================
DAG File Processing Stats

File Path                               PID    Runtime      # DAGs    # Errors  Last Runtime    Last Run
--------------------------------------  -----  ---------  --------  ----------  --------------  -------------------
/opt/airflow/dags/wifi_pipeline_dag.py                           1           0  0.12s           2026-09-18T19:42:44
================================================================================
[2026-09-18T19:43:36.475+0000] {manager.py:879} INFO - 
================================================================================
DAG File Processing Stats

File Path                               PID    Runtime      # DAGs    # Errors  Last Runtime    Last Run
--------------------------------------  -----  ---------  --------  ----------  --------------  -------------------
/opt/airflow/dags/wifi_pipeline_dag.py                           1           0  0.11s           2026-09-18T19:43:14
================================================================================
[2026-09-18T19:44:05.336+0000] {manager.py:879} INFO - 
================================================================================
DAG File Processing Stats

File Path                               PID    Runtime      # DAGs    # Errors  Last Runtime    Last Run
--------------------------------------  -----  ---------  --------  ----------  --------------  -------------------
/opt/airflow/dags/wifi_pipeline_dag.py                           1           0  0.14s           2026-09-18T19:43:45
================================================================================
[2026-09-18T19:44:34.324+0000] {manager.py:879} INFO - 
================================================================================
DAG File Processing Stats

File Path                               PID    Runtime      # DAGs    # Errors  Last Runtime    Last Run
--------------------------------------  -----  ---------  --------  ----------  --------------  -------------------
/opt/airflow/dags/wifi_pipeline_dag.py                           1           0  0.12s           2026-09-18T19:44:16
================================================================================
[2026-09-18T19:45:03.268+0000] {manager.py:879} INFO - 
================================================================================
DAG File Processing Stats

File Path                               PID    Runtime      # DAGs    # Errors  Last Runtime    Last Run
--------------------------------------  -----  ---------  --------  ----------  --------------  -------------------
/opt/airflow/dags/wifi_pipeline_dag.py                           1           0  0.13s           2026-09-18T19:44:47
================================================================================
[2026-09-18T19:45:32.166+0000] {manager.py:879} INFO - 
================================================================================
DAG File Processing Stats

File Path                               PID    Runtime      # DAGs    # Errors  Last Runtime    Last Run
--------------------------------------  -----  ---------  --------  ----------  --------------  -------------------
/opt/airflow/dags/wifi_pipeline_dag.py                           1           0  0.12s           2026-09-18T19:45:18
================================================================================
[2026-09-18T19:46:01.077+0000] {manager.py:879} INFO - 
================================================================================
DAG File Processing Stats

File Path                               PID    Runtime      # DAGs    # Errors  Last Runtime    Last Run
--------------------------------------  -----  ---------  --------  ----------  --------------  -------------------
/opt/airflow/dags/wifi_pipeline_dag.py                           1           0  0.19s           2026-09-18T19:45:49
================================================================================
[2026-09-18T19:46:12.763+0000] {manager.py:738} INFO - Searching for files in /opt/airflow/dags
[2026-09-18T19:46:12.765+0000] {manager.py:741} INFO - There are 1 files in /opt/airflow/dags
[2026-09-18T19:46:29.964+0000] {manager.py:879} INFO - 
================================================================================
DAG File Processing Stats

File Path                               PID    Runtime      # DAGs    # Errors  Last Runtime    Last Run
--------------------------------------  -----  ---------  --------  ----------  --------------  -------------------
/opt/airflow/dags/wifi_pipeline_dag.py                           1           0  0.13s           2026-09-18T19:46:19
================================================================================
[2026-09-18T19:46:58.889+0000] {manager.py:879} INFO - 
================================================================================
DAG File Processing Stats

File Path                               PID    Runtime      # DAGs    # Errors  Last Runtime    Last Run
--------------------------------------  -----  ---------  --------  ----------  --------------  -------------------
/opt/airflow/dags/wifi_pipeline_dag.py                           1           0  0.13s           2026-09-18T19:46:50
================================================================================
[2026-09-18T19:47:27.738+0000] {manager.py:879} INFO - 
================================================================================
DAG File Processing Stats

File Path                               PID    Runtime      # DAGs    # Errors  Last Runtime    Last Run
--------------------------------------  -----  ---------  --------  ----------  --------------  -------------------
/opt/airflow/dags/wifi_pipeline_dag.py                           1           0  0.13s           2026-09-18T19:47:21
================================================================================
[2026-09-18T19:47:56.651+0000] {manager.py:879} INFO - 
================================================================================
DAG File Processing Stats

File Path                               PID    Runtime      # DAGs    # Errors  Last Runtime    Last Run
--------------------------------------  -----  ---------  --------  ----------  --------------  -------------------
/opt/airflow/dags/wifi_pipeline_dag.py                           1           0  0.13s           2026-09-18T19:47:52
================================================================================
[2026-09-18T19:48:25.757+0000] {manager.py:879} INFO - 
================================================================================
DAG File Processing Stats

File Path                               PID    Runtime      # DAGs    # Errors  Last Runtime    Last Run
--------------------------------------  -----  ---------  --------  ----------  --------------  -------------------
/opt/airflow/dags/wifi_pipeline_dag.py                           1           0  0.14s           2026-09-18T19:48:23
================================================================================
[2026-09-18T19:48:54.694+0000] {manager.py:879} INFO - 
================================================================================
DAG File Processing Stats

File Path                                 PID  Runtime      # DAGs    # Errors  Last Runtime    Last Run
--------------------------------------  -----  ---------  --------  ----------  --------------  -------------------
/opt/airflow/dags/wifi_pipeline_dag.py    250  0.01s             1           0  0.14s           2026-09-18T19:48:23
================================================================================
[2026-09-18T19:49:09.573+0000] {manager.py:451} INFO - Exiting gracefully upon receiving signal 15
[2026-09-18T19:49:36.459+0000] {manager.py:469} INFO - Processing files using up to 2 processes at a time 
[2026-09-18T19:49:36.460+0000] {manager.py:470} INFO - Process each file at most once every 30 seconds
[2026-09-18T19:49:36.461+0000] {manager.py:471} INFO - Checking for new files in /opt/airflow/dags every 300 seconds
[2026-09-18T19:49:36.461+0000] {manager.py:738} INFO - Searching for files in /opt/airflow/dags
[2026-09-18T19:49:36.463+0000] {manager.py:741} INFO - There are 1 files in /opt/airflow/dags
[2026-09-18T19:49:36.559+0000] {manager.py:879} INFO - 
================================================================================
DAG File Processing Stats

File Path                                 PID  Runtime      # DAGs    # Errors  Last Runtime    Last Run
--------------------------------------  -----  ---------  --------  ----------  --------------  ----------
/opt/airflow/dags/wifi_pipeline_dag.py    174  0.05s             0           0
================================================================================
[2026-09-18T19:50:05.322+0000] {manager.py:879} INFO - 
================================================================================
DAG File Processing Stats

File Path                               PID    Runtime      # DAGs    # Errors  Last Runtime    Last Run
--------------------------------------  -----  ---------  --------  ----------  --------------  -------------------
/opt/airflow/dags/wifi_pipeline_dag.py                           1           0  0.13s           2026-09-18T19:49:36
================================================================================
[2026-09-18T19:50:34.146+0000] {manager.py:879} INFO - 
================================================================================
DAG File Processing Stats

File Path                               PID    Runtime      # DAGs    # Errors  Last Runtime    Last Run
--------------------------------------  -----  ---------  --------  ----------  --------------  -------------------
/opt/airflow/dags/wifi_pipeline_dag.py                           1           0  0.31s           2026-09-18T19:50:07
================================================================================
[2026-09-18T19:51:02.949+0000] {manager.py:879} INFO - 
================================================================================
DAG File Processing Stats

File Path                               PID    Runtime      # DAGs    # Errors  Last Runtime    Last Run
--------------------------------------  -----  ---------  --------  ----------  --------------  -------------------
/opt/airflow/dags/wifi_pipeline_dag.py                           1           0  0.16s           2026-09-18T19:50:38
================================================================================
[2026-09-18T19:51:31.832+0000] {manager.py:879} INFO - 
================================================================================
DAG File Processing Stats

File Path                               PID    Runtime      # DAGs    # Errors  Last Runtime    Last Run
--------------------------------------  -----  ---------  --------  ----------  --------------  -------------------
/opt/airflow/dags/wifi_pipeline_dag.py                           1           0  0.13s           2026-09-18T19:51:09
================================================================================
[2026-09-18T19:51:34.605+0000] {manager.py:451} INFO - Exiting gracefully upon receiving signal 15
[2026-09-18T19:52:01.354+0000] {manager.py:469} INFO - Processing files using up to 2 processes at a time 
[2026-09-18T19:52:01.355+0000] {manager.py:470} INFO - Process each file at most once every 30 seconds
[2026-09-18T19:52:01.355+0000] {manager.py:471} INFO - Checking for new files in /opt/airflow/dags every 300 seconds
[2026-09-18T19:52:01.356+0000] {manager.py:738} INFO - Searching for files in /opt/airflow/dags
[2026-09-18T19:52:01.357+0000] {manager.py:741} INFO - There are 1 files in /opt/airflow/dags
[2026-09-18T19:52:01.478+0000] {manager.py:879} INFO - 
================================================================================
DAG File Processing Stats

File Path                                 PID  Runtime      # DAGs    # Errors  Last Runtime    Last Run
--------------------------------------  -----  ---------  --------  ----------  --------------  ----------
/opt/airflow/dags/wifi_pipeline_dag.py    175  0.06s             0           0
================================================================================
[2026-09-18T19:52:30.450+0000] {manager.py:879} INFO - 
================================================================================
DAG File Processing Stats

File Path                               PID    Runtime      # DAGs    # Errors  Last Runtime    Last Run
--------------------------------------  -----  ---------  --------  ----------  --------------  -------------------
/opt/airflow/dags/wifi_pipeline_dag.py                           1           0  0.18s           2026-09-18T19:52:01
================================================================================
[2026-09-18T19:52:59.460+0000] {manager.py:879} INFO - 
================================================================================
DAG File Processing Stats

File Path                               PID    Runtime      # DAGs    # Errors  Last Runtime    Last Run
--------------------------------------  -----  ---------  --------  ----------  --------------  -------------------
/opt/airflow/dags/wifi_pipeline_dag.py                           1           0  0.32s           2026-09-18T19:52:32
================================================================================
[2026-09-18T19:53:28.423+0000] {manager.py:879} INFO - 
================================================================================
DAG File Processing Stats

File Path                               PID    Runtime      # DAGs    # Errors  Last Runtime    Last Run
--------------------------------------  -----  ---------  --------  ----------  --------------  -------------------
/opt/airflow/dags/wifi_pipeline_dag.py                           1           0  0.22s           2026-09-18T19:53:03
================================================================================
[2026-09-18T19:53:35.126+0000] {manager.py:451} INFO - Exiting gracefully upon receiving signal 15
[2026-09-18T19:54:02.366+0000] {manager.py:469} INFO - Processing files using up to 2 processes at a time 
[2026-09-18T19:54:02.367+0000] {manager.py:470} INFO - Process each file at most once every 30 seconds
[2026-09-18T19:54:02.367+0000] {manager.py:471} INFO - Checking for new files in /opt/airflow/dags every 300 seconds
[2026-09-18T19:54:02.368+0000] {manager.py:738} INFO - Searching for files in /opt/airflow/dags
[2026-09-18T19:54:02.369+0000] {manager.py:741} INFO - There are 1 files in /opt/airflow/dags
[2026-09-18T19:54:02.461+0000] {manager.py:879} INFO - 
================================================================================
DAG File Processing Stats

File Path                                 PID  Runtime      # DAGs    # Errors  Last Runtime    Last Run
--------------------------------------  -----  ---------  --------  ----------  --------------  ----------
/opt/airflow/dags/wifi_pipeline_dag.py    174  0.04s             0           0
================================================================================
[2026-09-18T19:54:31.181+0000] {manager.py:879} INFO - 
================================================================================
DAG File Processing Stats

File Path                               PID    Runtime      # DAGs    # Errors  Last Runtime    Last Run
--------------------------------------  -----  ---------  --------  ----------  --------------  -------------------
/opt/airflow/dags/wifi_pipeline_dag.py                           1           0  0.13s           2026-09-18T19:54:02
================================================================================
[2026-09-18T19:55:00.099+0000] {manager.py:879} INFO - 
================================================================================
DAG File Processing Stats

File Path                               PID    Runtime      # DAGs    # Errors  Last Runtime    Last Run
--------------------------------------  -----  ---------  --------  ----------  --------------  -------------------
/opt/airflow/dags/wifi_pipeline_dag.py                           1           0  0.34s           2026-09-18T19:54:33
================================================================================
[2026-09-18T19:55:29.048+0000] {manager.py:879} INFO - 
================================================================================
DAG File Processing Stats

File Path                               PID    Runtime      # DAGs    # Errors  Last Runtime    Last Run
--------------------------------------  -----  ---------  --------  ----------  --------------  -------------------
/opt/airflow/dags/wifi_pipeline_dag.py                           1           0  0.14s           2026-09-18T19:55:04
================================================================================
[2026-09-18T19:55:57.275+0000] {manager.py:879} INFO - 
================================================================================
DAG File Processing Stats

File Path                               PID    Runtime      # DAGs    # Errors  Last Runtime    Last Run
--------------------------------------  -----  ---------  --------  ----------  --------------  -------------------
/opt/airflow/dags/wifi_pipeline_dag.py                           1           0  0.11s           2026-09-18T19:55:35
================================================================================
[2026-09-18T19:56:27.135+0000] {manager.py:879} INFO - 
================================================================================
DAG File Processing Stats

File Path                               PID    Runtime      # DAGs    # Errors  Last Runtime    Last Run
--------------------------------------  -----  ---------  --------  ----------  --------------  -------------------
/opt/airflow/dags/wifi_pipeline_dag.py                           1           0  0.10s           2026-09-18T19:56:05
================================================================================
[2026-09-18T19:56:56.102+0000] {manager.py:879} INFO - 
================================================================================
DAG File Processing Stats

File Path                               PID    Runtime      # DAGs    # Errors  Last Runtime    Last Run
--------------------------------------  -----  ---------  --------  ----------  --------------  -------------------
/opt/airflow/dags/wifi_pipeline_dag.py                           1           0  0.10s           2026-09-18T19:56:35
================================================================================
[2026-09-18T19:57:24.996+0000] {manager.py:879} INFO - 
================================================================================
DAG File Processing Stats

File Path                               PID    Runtime      # DAGs    # Errors  Last Runtime    Last Run
--------------------------------------  -----  ---------  --------  ----------  --------------  -------------------
/opt/airflow/dags/wifi_pipeline_dag.py                           1           0  0.13s           2026-09-18T19:57:06
================================================================================
[2026-09-18T19:57:54.096+0000] {manager.py:879} INFO - 
================================================================================
DAG File Processing Stats

File Path                               PID    Runtime      # DAGs    # Errors  Last Runtime    Last Run
--------------------------------------  -----  ---------  --------  ----------  --------------  -------------------
/opt/airflow/dags/wifi_pipeline_dag.py                           1           0  0.11s           2026-09-18T19:57:37
================================================================================
[2026-09-18T19:58:23.161+0000] {manager.py:879} INFO - 
================================================================================
DAG File Processing Stats

File Path                               PID    Runtime      # DAGs    # Errors  Last Runtime    Last Run
--------------------------------------  -----  ---------  --------  ----------  --------------  -------------------
/opt/airflow/dags/wifi_pipeline_dag.py                           1           0  0.13s           2026-09-18T19:58:09
================================================================================
[2026-09-18T19:58:31.931+0000] {manager.py:451} INFO - Exiting gracefully upon receiving signal 15
[2026-09-18T19:58:57.888+0000] {manager.py:469} INFO - Processing files using up to 2 processes at a time 
[2026-09-18T19:58:57.890+0000] {manager.py:470} INFO - Process each file at most once every 30 seconds
[2026-09-18T19:58:57.890+0000] {manager.py:471} INFO - Checking for new files in /opt/airflow/dags every 300 seconds
[2026-09-18T19:58:57.890+0000] {manager.py:738} INFO - Searching for files in /opt/airflow/dags
[2026-09-18T19:58:57.892+0000] {manager.py:741} INFO - There are 1 files in /opt/airflow/dags
[2026-09-18T19:58:58.001+0000] {manager.py:879} INFO - 
================================================================================
DAG File Processing Stats

File Path                                 PID  Runtime      # DAGs    # Errors  Last Runtime    Last Run
--------------------------------------  -----  ---------  --------  ----------  --------------  ----------
/opt/airflow/dags/wifi_pipeline_dag.py    174  0.06s             0           0
================================================================================
[2026-09-18T19:59:26.938+0000] {manager.py:879} INFO - 
================================================================================
DAG File Processing Stats

File Path                               PID    Runtime      # DAGs    # Errors  Last Runtime    Last Run
--------------------------------------  -----  ---------  --------  ----------  --------------  -------------------
/opt/airflow/dags/wifi_pipeline_dag.py                           1           0  0.16s           2026-09-18T19:58:58
================================================================================
[2026-09-18T19:59:55.794+0000] {manager.py:879} INFO - 
================================================================================
DAG File Processing Stats

File Path                               PID    Runtime      # DAGs    # Errors  Last Runtime    Last Run
--------------------------------------  -----  ---------  --------  ----------  --------------  -------------------
/opt/airflow/dags/wifi_pipeline_dag.py                           1           0  0.39s           2026-09-18T19:59:29
================================================================================
[2026-09-18T20:00:24.636+0000] {manager.py:879} INFO - 
================================================================================
DAG File Processing Stats

File Path                               PID    Runtime      # DAGs    # Errors  Last Runtime    Last Run
--------------------------------------  -----  ---------  --------  ----------  --------------  -------------------
/opt/airflow/dags/wifi_pipeline_dag.py                           1           0  0.15s           2026-09-18T19:59:59
================================================================================
[2026-09-18T20:00:53.403+0000] {manager.py:879} INFO - 
================================================================================
DAG File Processing Stats

File Path                               PID    Runtime      # DAGs    # Errors  Last Runtime    Last Run
--------------------------------------  -----  ---------  --------  ----------  --------------  -------------------
/opt/airflow/dags/wifi_pipeline_dag.py                           1           0  0.16s           2026-09-18T20:00:30
================================================================================
[2026-09-18T20:01:13.622+0000] {manager.py:451} INFO - Exiting gracefully upon receiving signal 15
[2026-09-18T20:01:40.181+0000] {manager.py:469} INFO - Processing files using up to 2 processes at a time 
[2026-09-18T20:01:40.182+0000] {manager.py:470} INFO - Process each file at most once every 30 seconds
[2026-09-18T20:01:40.182+0000] {manager.py:471} INFO - Checking for new files in /opt/airflow/dags every 300 seconds
[2026-09-18T20:01:40.182+0000] {manager.py:738} INFO - Searching for files in /opt/airflow/dags
[2026-09-18T20:01:40.184+0000] {manager.py:741} INFO - There are 1 files in /opt/airflow/dags
[2026-09-18T20:01:40.273+0000] {manager.py:879} INFO - 
================================================================================
DAG File Processing Stats

File Path                                 PID  Runtime      # DAGs    # Errors  Last Runtime    Last Run
--------------------------------------  -----  ---------  --------  ----------  --------------  ----------
/opt/airflow/dags/wifi_pipeline_dag.py    175  0.04s             0           0
================================================================================
[2026-09-18T20:02:09.337+0000] {manager.py:879} INFO - 
================================================================================
DAG File Processing Stats

File Path                               PID    Runtime      # DAGs    # Errors  Last Runtime    Last Run
--------------------------------------  -----  ---------  --------  ----------  --------------  -------------------
/opt/airflow/dags/wifi_pipeline_dag.py                           1           0  0.14s           2026-09-18T20:01:40
================================================================================
[2026-09-18T20:02:38.186+0000] {manager.py:879} INFO - 
================================================================================
DAG File Processing Stats

File Path                               PID    Runtime      # DAGs    # Errors  Last Runtime    Last Run
--------------------------------------  -----  ---------  --------  ----------  --------------  -------------------
/opt/airflow/dags/wifi_pipeline_dag.py                           1           0  0.28s           2026-09-18T20:02:11
================================================================================
[2026-09-18T20:03:06.999+0000] {manager.py:879} INFO - 
================================================================================
DAG File Processing Stats

File Path                               PID    Runtime      # DAGs    # Errors  Last Runtime    Last Run
--------------------------------------  -----  ---------  --------  ----------  --------------  -------------------
/opt/airflow/dags/wifi_pipeline_dag.py                           1           0  0.11s           2026-09-18T20:02:42
================================================================================
[2026-09-18T20:03:35.815+0000] {manager.py:879} INFO - 
================================================================================
DAG File Processing Stats

File Path                               PID    Runtime      # DAGs    # Errors  Last Runtime    Last Run
--------------------------------------  -----  ---------  --------  ----------  --------------  -------------------
/opt/airflow/dags/wifi_pipeline_dag.py                           1           0  0.11s           2026-09-18T20:03:13
================================================================================
[2026-09-18T20:04:04.744+0000] {manager.py:879} INFO - 
================================================================================
DAG File Processing Stats

File Path                               PID    Runtime      # DAGs    # Errors  Last Runtime    Last Run
--------------------------------------  -----  ---------  --------  ----------  --------------  -------------------
/opt/airflow/dags/wifi_pipeline_dag.py                           1           0  0.12s           2026-09-18T20:03:43
================================================================================
[2026-09-18T20:04:33.535+0000] {manager.py:879} INFO - 
================================================================================
DAG File Processing Stats

File Path                               PID    Runtime      # DAGs    # Errors  Last Runtime    Last Run
--------------------------------------  -----  ---------  --------  ----------  --------------  -------------------
/opt/airflow/dags/wifi_pipeline_dag.py                           1           0  0.13s           2026-09-18T20:04:14
================================================================================
[2026-09-18T20:05:02.239+0000] {manager.py:879} INFO - 
================================================================================
DAG File Processing Stats

File Path                               PID    Runtime      # DAGs    # Errors  Last Runtime    Last Run
--------------------------------------  -----  ---------  --------  ----------  --------------  -------------------
/opt/airflow/dags/wifi_pipeline_dag.py                           1           0  0.12s           2026-09-18T20:04:45
================================================================================
[2026-09-18T20:05:31.073+0000] {manager.py:879} INFO - 
================================================================================
DAG File Processing Stats

File Path                               PID    Runtime      # DAGs    # Errors  Last Runtime    Last Run
--------------------------------------  -----  ---------  --------  ----------  --------------  -------------------
/opt/airflow/dags/wifi_pipeline_dag.py                           1           0  0.12s           2026-09-18T20:05:15
================================================================================
[2026-09-18T20:05:59.879+0000] {manager.py:879} INFO - 
================================================================================
DAG File Processing Stats

File Path                               PID    Runtime      # DAGs    # Errors  Last Runtime    Last Run
--------------------------------------  -----  ---------  --------  ----------  --------------  -------------------
/opt/airflow/dags/wifi_pipeline_dag.py                           1           0  0.12s           2026-09-18T20:05:46
================================================================================
[2026-09-18T20:06:28.588+0000] {manager.py:879} INFO - 
================================================================================
DAG File Processing Stats

File Path                               PID    Runtime      # DAGs    # Errors  Last Runtime    Last Run
--------------------------------------  -----  ---------  --------  ----------  --------------  -------------------
/opt/airflow/dags/wifi_pipeline_dag.py                           1           0  0.12s           2026-09-18T20:06:17
================================================================================
[2026-09-18T20:06:40.207+0000] {manager.py:738} INFO - Searching for files in /opt/airflow/dags
[2026-09-18T20:06:40.208+0000] {manager.py:741} INFO - There are 1 files in /opt/airflow/dags
[2026-09-18T20:06:57.317+0000] {manager.py:879} INFO - 
================================================================================
DAG File Processing Stats

File Path                               PID    Runtime      # DAGs    # Errors  Last Runtime    Last Run
--------------------------------------  -----  ---------  --------  ----------  --------------  -------------------
/opt/airflow/dags/wifi_pipeline_dag.py                           1           0  0.12s           2026-09-18T20:06:48
================================================================================
[2026-09-18T20:07:26.088+0000] {manager.py:879} INFO - 
================================================================================
DAG File Processing Stats

File Path                               PID    Runtime      # DAGs    # Errors  Last Runtime    Last Run
--------------------------------------  -----  ---------  --------  ----------  --------------  -------------------
/opt/airflow/dags/wifi_pipeline_dag.py                           1           0  0.11s           2026-09-18T20:07:19
================================================================================
[2026-09-18T20:07:54.838+0000] {manager.py:879} INFO - 
================================================================================
DAG File Processing Stats

File Path                               PID    Runtime      # DAGs    # Errors  Last Runtime    Last Run
--------------------------------------  -----  ---------  --------  ----------  --------------  -------------------
/opt/airflow/dags/wifi_pipeline_dag.py                           1           0  0.12s           2026-09-18T20:07:49
================================================================================
[2026-09-18T20:08:23.551+0000] {manager.py:879} INFO - 
================================================================================
DAG File Processing Stats

File Path                               PID    Runtime      # DAGs    # Errors  Last Runtime    Last Run
--------------------------------------  -----  ---------  --------  ----------  --------------  -------------------
/opt/airflow/dags/wifi_pipeline_dag.py                           1           0  0.13s           2026-09-18T20:08:20
================================================================================
[2026-09-18T20:08:52.391+0000] {manager.py:879} INFO - 
================================================================================
DAG File Processing Stats

File Path                               PID    Runtime      # DAGs    # Errors  Last Runtime    Last Run
--------------------------------------  -----  ---------  --------  ----------  --------------  -------------------
/opt/airflow/dags/wifi_pipeline_dag.py                           1           0  0.11s           2026-09-18T20:08:51
================================================================================
[2026-09-18T20:09:21.152+0000] {manager.py:879} INFO - 
================================================================================
DAG File Processing Stats

File Path                               PID    Runtime      # DAGs    # Errors  Last Runtime    Last Run
--------------------------------------  -----  ---------  --------  ----------  --------------  -------------------
/opt/airflow/dags/wifi_pipeline_dag.py                           1           0  0.11s           2026-09-18T20:08:51
================================================================================
[2026-09-18T20:09:49.864+0000] {manager.py:879} INFO - 
================================================================================
DAG File Processing Stats

File Path                               PID    Runtime      # DAGs    # Errors  Last Runtime    Last Run
--------------------------------------  -----  ---------  --------  ----------  --------------  -------------------
/opt/airflow/dags/wifi_pipeline_dag.py                           1           0  0.12s           2026-09-18T20:09:22
================================================================================
[2026-09-18T20:10:18.649+0000] {manager.py:879} INFO - 
================================================================================
DAG File Processing Stats

File Path                               PID    Runtime      # DAGs    # Errors  Last Runtime    Last Run
--------------------------------------  -----  ---------  --------  ----------  --------------  -------------------
/opt/airflow/dags/wifi_pipeline_dag.py                           1           0  0.13s           2026-09-18T20:09:53
================================================================================
[2026-09-18T20:10:47.418+0000] {manager.py:879} INFO - 
================================================================================
DAG File Processing Stats

File Path                               PID    Runtime      # DAGs    # Errors  Last Runtime    Last Run
--------------------------------------  -----  ---------  --------  ----------  --------------  -------------------
/opt/airflow/dags/wifi_pipeline_dag.py                           1           0  0.15s           2026-09-18T20:10:23
================================================================================
[2026-09-18T20:11:16.202+0000] {manager.py:879} INFO - 
================================================================================
DAG File Processing Stats

File Path                               PID    Runtime      # DAGs    # Errors  Last Runtime    Last Run
--------------------------------------  -----  ---------  --------  ----------  --------------  -------------------
/opt/airflow/dags/wifi_pipeline_dag.py                           1           0  0.14s           2026-09-18T20:10:54
================================================================================
[2026-09-18T20:11:40.939+0000] {manager.py:738} INFO - Searching for files in /opt/airflow/dags
[2026-09-18T20:11:40.940+0000] {manager.py:741} INFO - There are 1 files in /opt/airflow/dags
[2026-09-18T20:11:44.971+0000] {manager.py:879} INFO - 
================================================================================
DAG File Processing Stats

File Path                               PID    Runtime      # DAGs    # Errors  Last Runtime    Last Run
--------------------------------------  -----  ---------  --------  ----------  --------------  -------------------
/opt/airflow/dags/wifi_pipeline_dag.py                           1           0  0.15s           2026-09-18T20:11:24
================================================================================
[2026-09-18T20:12:13.664+0000] {manager.py:879} INFO - 
================================================================================
DAG File Processing Stats

File Path                               PID    Runtime      # DAGs    # Errors  Last Runtime    Last Run
--------------------------------------  -----  ---------  --------  ----------  --------------  -------------------
/opt/airflow/dags/wifi_pipeline_dag.py                           1           0  0.14s           2026-09-18T20:11:55
================================================================================
[2026-09-18T20:12:42.458+0000] {manager.py:879} INFO - 
================================================================================
DAG File Processing Stats

File Path                               PID    Runtime      # DAGs    # Errors  Last Runtime    Last Run
--------------------------------------  -----  ---------  --------  ----------  --------------  -------------------
/opt/airflow/dags/wifi_pipeline_dag.py                           1           0  0.11s           2026-09-18T20:12:26
================================================================================
[2026-09-18T20:13:11.146+0000] {manager.py:879} INFO - 
================================================================================
DAG File Processing Stats

File Path                               PID    Runtime      # DAGs    # Errors  Last Runtime    Last Run
--------------------------------------  -----  ---------  --------  ----------  --------------  -------------------
/opt/airflow/dags/wifi_pipeline_dag.py                           1           0  0.13s           2026-09-18T20:12:57
================================================================================
[2026-09-18T20:13:39.878+0000] {manager.py:879} INFO - 
================================================================================
DAG File Processing Stats

File Path                               PID    Runtime      # DAGs    # Errors  Last Runtime    Last Run
--------------------------------------  -----  ---------  --------  ----------  --------------  -------------------
/opt/airflow/dags/wifi_pipeline_dag.py                           1           0  0.12s           2026-09-18T20:13:27
================================================================================
[2026-09-18T20:13:54.553+0000] {manager.py:451} INFO - Exiting gracefully upon receiving signal 15
[2026-09-18T20:14:22.899+0000] {manager.py:469} INFO - Processing files using up to 2 processes at a time 
[2026-09-18T20:14:22.901+0000] {manager.py:470} INFO - Process each file at most once every 30 seconds
[2026-09-18T20:14:22.901+0000] {manager.py:471} INFO - Checking for new files in /opt/airflow/dags every 300 seconds
[2026-09-18T20:14:22.901+0000] {manager.py:738} INFO - Searching for files in /opt/airflow/dags
[2026-09-18T20:14:22.902+0000] {manager.py:741} INFO - There are 1 files in /opt/airflow/dags
[2026-09-18T20:14:22.977+0000] {manager.py:879} INFO - 
================================================================================
DAG File Processing Stats

File Path                                 PID  Runtime      # DAGs    # Errors  Last Runtime    Last Run
--------------------------------------  -----  ---------  --------  ----------  --------------  ----------
/opt/airflow/dags/wifi_pipeline_dag.py    174  0.04s             0           0
================================================================================
[2026-09-18T20:14:51.627+0000] {manager.py:879} INFO - 
================================================================================
DAG File Processing Stats

File Path                               PID    Runtime      # DAGs    # Errors  Last Runtime    Last Run
--------------------------------------  -----  ---------  --------  ----------  --------------  -------------------
/opt/airflow/dags/wifi_pipeline_dag.py                           1           0  0.12s           2026-09-18T20:14:23
================================================================================
[2026-09-18T20:15:20.289+0000] {manager.py:879} INFO - 
================================================================================
DAG File Processing Stats

File Path                               PID    Runtime      # DAGs    # Errors  Last Runtime    Last Run
--------------------------------------  -----  ---------  --------  ----------  --------------  -------------------
/opt/airflow/dags/wifi_pipeline_dag.py                           1           0  0.33s           2026-09-18T20:14:53
================================================================================
[2026-09-18T20:15:48.937+0000] {manager.py:879} INFO - 
================================================================================
DAG File Processing Stats

File Path                               PID    Runtime      # DAGs    # Errors  Last Runtime    Last Run
--------------------------------------  -----  ---------  --------  ----------  --------------  -------------------
/opt/airflow/dags/wifi_pipeline_dag.py                           1           0  0.12s           2026-09-18T20:15:24
================================================================================
[2026-09-18T20:16:17.718+0000] {manager.py:879} INFO - 
================================================================================
DAG File Processing Stats

File Path                               PID    Runtime      # DAGs    # Errors  Last Runtime    Last Run
--------------------------------------  -----  ---------  --------  ----------  --------------  -------------------
/opt/airflow/dags/wifi_pipeline_dag.py                           1           0  0.12s           2026-09-18T20:15:55
================================================================================
[2026-09-18T20:16:46.519+0000] {manager.py:879} INFO - 
================================================================================
DAG File Processing Stats

File Path                               PID    Runtime      # DAGs    # Errors  Last Runtime    Last Run
--------------------------------------  -----  ---------  --------  ----------  --------------  -------------------
/opt/airflow/dags/wifi_pipeline_dag.py                           1           0  0.12s           2026-09-18T20:16:25
================================================================================
[2026-09-18T20:17:15.195+0000] {manager.py:879} INFO - 
================================================================================
DAG File Processing Stats

File Path                               PID    Runtime      # DAGs    # Errors  Last Runtime    Last Run
--------------------------------------  -----  ---------  --------  ----------  --------------  -------------------
/opt/airflow/dags/wifi_pipeline_dag.py                           1           0  0.10s           2026-09-18T20:16:56
================================================================================
[2026-09-18T20:17:43.963+0000] {manager.py:879} INFO - 
================================================================================
DAG File Processing Stats

File Path                               PID    Runtime      # DAGs    # Errors  Last Runtime    Last Run
--------------------------------------  -----  ---------  --------  ----------  --------------  -------------------
/opt/airflow/dags/wifi_pipeline_dag.py                           1           0  0.14s           2026-09-18T20:17:27
================================================================================
[2026-09-18T20:18:12.638+0000] {manager.py:879} INFO - 
================================================================================
DAG File Processing Stats

File Path                               PID    Runtime      # DAGs    # Errors  Last Runtime    Last Run
--------------------------------------  -----  ---------  --------  ----------  --------------  -------------------
/opt/airflow/dags/wifi_pipeline_dag.py                           1           0  0.13s           2026-09-18T20:17:57
================================================================================
[2026-09-18T20:19:08.261+0000] {manager.py:469} INFO - Processing files using up to 2 processes at a time 
[2026-09-18T20:19:08.263+0000] {manager.py:470} INFO - Process each file at most once every 30 seconds
[2026-09-18T20:19:08.264+0000] {manager.py:471} INFO - Checking for new files in /opt/airflow/dags every 300 seconds
[2026-09-18T20:19:08.264+0000] {manager.py:738} INFO - Searching for files in /opt/airflow/dags
[2026-09-18T20:19:08.266+0000] {manager.py:741} INFO - There are 1 files in /opt/airflow/dags
[2026-09-18T20:19:08.368+0000] {manager.py:879} INFO - 
================================================================================
DAG File Processing Stats

File Path                                 PID  Runtime      # DAGs    # Errors  Last Runtime    Last Run
--------------------------------------  -----  ---------  --------  ----------  --------------  ----------
/opt/airflow/dags/wifi_pipeline_dag.py    174  0.05s             0           0
================================================================================
[2026-09-18T20:19:37.120+0000] {manager.py:879} INFO - 
================================================================================
DAG File Processing Stats

File Path                               PID    Runtime      # DAGs    # Errors  Last Runtime    Last Run
--------------------------------------  -----  ---------  --------  ----------  --------------  -------------------
/opt/airflow/dags/wifi_pipeline_dag.py                           1           0  0.40s           2026-09-18T20:19:08
================================================================================
[2026-09-18T20:20:05.830+0000] {manager.py:879} INFO - 
================================================================================
DAG File Processing Stats

File Path                               PID    Runtime      # DAGs    # Errors  Last Runtime    Last Run
--------------------------------------  -----  ---------  --------  ----------  --------------  -------------------
/opt/airflow/dags/wifi_pipeline_dag.py                           1           0  0.11s           2026-09-18T20:19:39
================================================================================
[2026-09-18T20:20:34.496+0000] {manager.py:879} INFO - 
================================================================================
DAG File Processing Stats

File Path                               PID    Runtime      # DAGs    # Errors  Last Runtime    Last Run
--------------------------------------  -----  ---------  --------  ----------  --------------  -------------------
/opt/airflow/dags/wifi_pipeline_dag.py                           1           0  0.18s           2026-09-18T20:20:10
================================================================================
[2026-09-18T20:21:03.198+0000] {manager.py:879} INFO - 
================================================================================
DAG File Processing Stats

File Path                               PID    Runtime      # DAGs    # Errors  Last Runtime    Last Run
--------------------------------------  -----  ---------  --------  ----------  --------------  -------------------
/opt/airflow/dags/wifi_pipeline_dag.py                           1           0  0.11s           2026-09-18T20:20:40
================================================================================
[2026-09-18T20:21:31.898+0000] {manager.py:879} INFO - 
================================================================================
DAG File Processing Stats

File Path                               PID    Runtime      # DAGs    # Errors  Last Runtime    Last Run
--------------------------------------  -----  ---------  --------  ----------  --------------  -------------------
/opt/airflow/dags/wifi_pipeline_dag.py                           1           0  0.13s           2026-09-18T20:21:11
================================================================================
[2026-09-18T20:22:00.606+0000] {manager.py:879} INFO - 
================================================================================
DAG File Processing Stats

File Path                               PID    Runtime      # DAGs    # Errors  Last Runtime    Last Run
--------------------------------------  -----  ---------  --------  ----------  --------------  -------------------
/opt/airflow/dags/wifi_pipeline_dag.py                           1           0  0.12s           2026-09-18T20:21:42
================================================================================
[2026-09-18T20:22:29.529+0000] {manager.py:879} INFO - 
================================================================================
DAG File Processing Stats

File Path                               PID    Runtime      # DAGs    # Errors  Last Runtime    Last Run
--------------------------------------  -----  ---------  --------  ----------  --------------  -------------------
/opt/airflow/dags/wifi_pipeline_dag.py                           1           0  0.11s           2026-09-18T20:22:12
================================================================================
[2026-09-18T20:22:58.456+0000] {manager.py:879} INFO - 
================================================================================
DAG File Processing Stats

File Path                               PID    Runtime      # DAGs    # Errors  Last Runtime    Last Run
--------------------------------------  -----  ---------  --------  ----------  --------------  -------------------
/opt/airflow/dags/wifi_pipeline_dag.py                           1           0  0.12s           2026-09-18T20:22:43
================================================================================
[2026-09-18T20:23:27.224+0000] {manager.py:879} INFO - 
================================================================================
DAG File Processing Stats

File Path                               PID    Runtime      # DAGs    # Errors  Last Runtime    Last Run
--------------------------------------  -----  ---------  --------  ----------  --------------  -------------------
/opt/airflow/dags/wifi_pipeline_dag.py                           1           0  0.13s           2026-09-18T20:23:14
================================================================================
[2026-09-18T20:23:55.978+0000] {manager.py:879} INFO - 
================================================================================
DAG File Processing Stats

File Path                               PID    Runtime      # DAGs    # Errors  Last Runtime    Last Run
--------------------------------------  -----  ---------  --------  ----------  --------------  -------------------
/opt/airflow/dags/wifi_pipeline_dag.py                           1           0  0.14s           2026-09-18T20:23:44
================================================================================
[2026-09-18T20:24:08.500+0000] {manager.py:738} INFO - Searching for files in /opt/airflow/dags
[2026-09-18T20:24:08.501+0000] {manager.py:741} INFO - There are 1 files in /opt/airflow/dags
[2026-09-18T20:24:24.702+0000] {manager.py:879} INFO - 
================================================================================
DAG File Processing Stats

File Path                               PID    Runtime      # DAGs    # Errors  Last Runtime    Last Run
--------------------------------------  -----  ---------  --------  ----------  --------------  -------------------
/opt/airflow/dags/wifi_pipeline_dag.py                           1           0  0.12s           2026-09-18T20:24:15
================================================================================
[2026-09-18T20:24:53.387+0000] {manager.py:879} INFO - 
================================================================================
DAG File Processing Stats

File Path                               PID    Runtime      # DAGs    # Errors  Last Runtime    Last Run
--------------------------------------  -----  ---------  --------  ----------  --------------  -------------------
/opt/airflow/dags/wifi_pipeline_dag.py                           1           0  0.11s           2026-09-18T20:24:46
================================================================================
[2026-09-18T20:25:03.250+0000] {manager.py:451} INFO - Exiting gracefully upon receiving signal 15
[2026-09-18T20:25:28.665+0000] {manager.py:469} INFO - Processing files using up to 2 processes at a time 
[2026-09-18T20:25:28.666+0000] {manager.py:470} INFO - Process each file at most once every 30 seconds
[2026-09-18T20:25:28.666+0000] {manager.py:471} INFO - Checking for new files in /opt/airflow/dags every 300 seconds
[2026-09-18T20:25:28.666+0000] {manager.py:738} INFO - Searching for files in /opt/airflow/dags
[2026-09-18T20:25:28.668+0000] {manager.py:741} INFO - There are 1 files in /opt/airflow/dags
[2026-09-18T20:25:28.779+0000] {manager.py:879} INFO - 
================================================================================
DAG File Processing Stats

File Path                                 PID  Runtime      # DAGs    # Errors  Last Runtime    Last Run
--------------------------------------  -----  ---------  --------  ----------  --------------  ----------
/opt/airflow/dags/wifi_pipeline_dag.py    174  0.06s             0           0
================================================================================
[2026-09-18T20:25:57.363+0000] {manager.py:879} INFO - 
================================================================================
DAG File Processing Stats

File Path                               PID    Runtime      # DAGs    # Errors  Last Runtime    Last Run
--------------------------------------  -----  ---------  --------  ----------  --------------  -------------------
/opt/airflow/dags/wifi_pipeline_dag.py                           1           0  0.19s           2026-09-18T20:25:28
================================================================================
[2026-09-18T20:26:26.163+0000] {manager.py:879} INFO - 
================================================================================
DAG File Processing Stats

File Path                               PID    Runtime      # DAGs    # Errors  Last Runtime    Last Run
--------------------------------------  -----  ---------  --------  ----------  --------------  -------------------
/opt/airflow/dags/wifi_pipeline_dag.py                           1           0  0.28s           2026-09-18T20:25:59
================================================================================
[2026-09-18T20:26:54.960+0000] {manager.py:879} INFO - 
================================================================================
DAG File Processing Stats

File Path                               PID    Runtime      # DAGs    # Errors  Last Runtime    Last Run
--------------------------------------  -----  ---------  --------  ----------  --------------  -------------------
/opt/airflow/dags/wifi_pipeline_dag.py                           1           0  0.13s           2026-09-18T20:26:30
================================================================================
[2026-09-18T20:27:23.745+0000] {manager.py:879} INFO - 
================================================================================
DAG File Processing Stats

File Path                               PID    Runtime      # DAGs    # Errors  Last Runtime    Last Run
--------------------------------------  -----  ---------  --------  ----------  --------------  -------------------
/opt/airflow/dags/wifi_pipeline_dag.py                           1           0  0.12s           2026-09-18T20:27:01
================================================================================
[2026-09-18T20:27:51.746+0000] {manager.py:451} INFO - Exiting gracefully upon receiving signal 15
[2026-09-18T20:28:18.895+0000] {manager.py:469} INFO - Processing files using up to 2 processes at a time 
[2026-09-18T20:28:18.896+0000] {manager.py:470} INFO - Process each file at most once every 30 seconds
[2026-09-18T20:28:18.897+0000] {manager.py:471} INFO - Checking for new files in /opt/airflow/dags every 300 seconds
[2026-09-18T20:28:18.897+0000] {manager.py:738} INFO - Searching for files in /opt/airflow/dags
[2026-09-18T20:28:18.898+0000] {manager.py:741} INFO - There are 1 files in /opt/airflow/dags
[2026-09-18T20:28:18.990+0000] {manager.py:879} INFO - 
================================================================================
DAG File Processing Stats

File Path                                 PID  Runtime      # DAGs    # Errors  Last Runtime    Last Run
--------------------------------------  -----  ---------  --------  ----------  --------------  ----------
/opt/airflow/dags/wifi_pipeline_dag.py    174  0.05s             0           0
================================================================================
[2026-09-18T20:28:47.902+0000] {manager.py:879} INFO - 
================================================================================
DAG File Processing Stats

File Path                               PID    Runtime      # DAGs    # Errors  Last Runtime    Last Run
--------------------------------------  -----  ---------  --------  ----------  --------------  -------------------
/opt/airflow/dags/wifi_pipeline_dag.py                           1           0  0.15s           2026-09-18T20:28:19
================================================================================
[2026-09-18T20:29:16.651+0000] {manager.py:879} INFO - 
================================================================================
DAG File Processing Stats

File Path                               PID    Runtime      # DAGs    # Errors  Last Runtime    Last Run
--------------------------------------  -----  ---------  --------  ----------  --------------  -------------------
/opt/airflow/dags/wifi_pipeline_dag.py                           1           0  0.29s           2026-09-18T20:28:50
================================================================================
[2026-09-18T20:29:45.517+0000] {manager.py:879} INFO - 
================================================================================
DAG File Processing Stats

File Path                               PID    Runtime      # DAGs    # Errors  Last Runtime    Last Run
--------------------------------------  -----  ---------  --------  ----------  --------------  -------------------
/opt/airflow/dags/wifi_pipeline_dag.py                           1           0  0.14s           2026-09-18T20:29:20
================================================================================
[2026-09-18T20:30:14.298+0000] {manager.py:879} INFO - 
================================================================================
DAG File Processing Stats

File Path                               PID    Runtime      # DAGs    # Errors  Last Runtime    Last Run
--------------------------------------  -----  ---------  --------  ----------  --------------  -------------------
/opt/airflow/dags/wifi_pipeline_dag.py                           1           0  0.12s           2026-09-18T20:29:51
================================================================================
[2026-09-18T20:30:42.940+0000] {manager.py:879} INFO - 
================================================================================
DAG File Processing Stats

File Path                               PID    Runtime      # DAGs    # Errors  Last Runtime    Last Run
--------------------------------------  -----  ---------  --------  ----------  --------------  -------------------
/opt/airflow/dags/wifi_pipeline_dag.py                           1           0  0.13s           2026-09-18T20:30:21
================================================================================
[2026-09-18T20:31:11.853+0000] {manager.py:879} INFO - 
================================================================================
DAG File Processing Stats

File Path                               PID    Runtime      # DAGs    # Errors  Last Runtime    Last Run
--------------------------------------  -----  ---------  --------  ----------  --------------  -------------------
/opt/airflow/dags/wifi_pipeline_dag.py                           1           0  0.13s           2026-09-18T20:30:52
================================================================================
[2026-09-18T20:31:40.769+0000] {manager.py:879} INFO - 
================================================================================
DAG File Processing Stats

File Path                               PID    Runtime      # DAGs    # Errors  Last Runtime    Last Run
--------------------------------------  -----  ---------  --------  ----------  --------------  -------------------
/opt/airflow/dags/wifi_pipeline_dag.py                           1           0  0.13s           2026-09-18T20:31:23
================================================================================
[2026-09-18T20:32:09.647+0000] {manager.py:879} INFO - 
================================================================================
DAG File Processing Stats

File Path                               PID    Runtime      # DAGs    # Errors  Last Runtime    Last Run
--------------------------------------  -----  ---------  --------  ----------  --------------  -------------------
/opt/airflow/dags/wifi_pipeline_dag.py                           1           0  0.14s           2026-09-18T20:31:54
================================================================================
[2026-09-18T20:32:38.328+0000] {manager.py:879} INFO - 
================================================================================
DAG File Processing Stats

File Path                               PID    Runtime      # DAGs    # Errors  Last Runtime    Last Run
--------------------------------------  -----  ---------  --------  ----------  --------------  -------------------
/opt/airflow/dags/wifi_pipeline_dag.py                           1           0  0.12s           2026-09-18T20:32:25
================================================================================
[2026-09-18T20:33:06.418+0000] {manager.py:879} INFO - 
================================================================================
DAG File Processing Stats

File Path                               PID    Runtime      # DAGs    # Errors  Last Runtime    Last Run
--------------------------------------  -----  ---------  --------  ----------  --------------  -------------------
/opt/airflow/dags/wifi_pipeline_dag.py                           1           0  0.12s           2026-09-18T20:32:56
================================================================================
[2026-09-18T20:33:19.603+0000] {manager.py:738} INFO - Searching for files in /opt/airflow/dags
[2026-09-18T20:33:19.604+0000] {manager.py:741} INFO - There are 1 files in /opt/airflow/dags
[2026-09-18T20:33:34.109+0000] {manager.py:879} INFO - 
================================================================================
DAG File Processing Stats

File Path                               PID    Runtime      # DAGs    # Errors  Last Runtime    Last Run
--------------------------------------  -----  ---------  --------  ----------  --------------  -------------------
/opt/airflow/dags/wifi_pipeline_dag.py                           1           0  0.17s           2026-09-18T20:33:26
================================================================================
[2026-09-18T20:34:02.840+0000] {manager.py:879} INFO - 
================================================================================
DAG File Processing Stats

File Path                               PID    Runtime      # DAGs    # Errors  Last Runtime    Last Run
--------------------------------------  -----  ---------  --------  ----------  --------------  -------------------
/opt/airflow/dags/wifi_pipeline_dag.py                           1           0  0.11s           2026-09-18T20:33:57
================================================================================
[2026-09-18T20:34:31.537+0000] {manager.py:879} INFO - 
================================================================================
DAG File Processing Stats

File Path                               PID    Runtime      # DAGs    # Errors  Last Runtime    Last Run
--------------------------------------  -----  ---------  --------  ----------  --------------  -------------------
/opt/airflow/dags/wifi_pipeline_dag.py                           1           0  0.11s           2026-09-18T20:34:28
================================================================================
[2026-09-18T20:35:00.290+0000] {manager.py:879} INFO - 
================================================================================
DAG File Processing Stats

File Path                               PID    Runtime      # DAGs    # Errors  Last Runtime    Last Run
--------------------------------------  -----  ---------  --------  ----------  --------------  -------------------
/opt/airflow/dags/wifi_pipeline_dag.py                           1           0  0.13s           2026-09-18T20:34:59
================================================================================
[2026-09-18T20:35:29.042+0000] {manager.py:879} INFO - 
================================================================================
DAG File Processing Stats

File Path                                 PID  Runtime      # DAGs    # Errors  Last Runtime    Last Run
--------------------------------------  -----  ---------  --------  ----------  --------------  -------------------
/opt/airflow/dags/wifi_pipeline_dag.py    245  0.01s             1           0  0.13s           2026-09-18T20:34:59
================================================================================
[2026-09-18T20:35:57.795+0000] {manager.py:879} INFO - 
================================================================================
DAG File Processing Stats

File Path                               PID    Runtime      # DAGs    # Errors  Last Runtime    Last Run
--------------------------------------  -----  ---------  --------  ----------  --------------  -------------------
/opt/airflow/dags/wifi_pipeline_dag.py                           1           0  0.11s           2026-09-18T20:35:29
================================================================================
[2026-09-18T20:36:26.540+0000] {manager.py:879} INFO - 
================================================================================
DAG File Processing Stats

File Path                               PID    Runtime      # DAGs    # Errors  Last Runtime    Last Run
--------------------------------------  -----  ---------  --------  ----------  --------------  -------------------
/opt/airflow/dags/wifi_pipeline_dag.py                           1           0  0.13s           2026-09-18T20:35:59
================================================================================
[2026-09-18T20:36:55.407+0000] {manager.py:879} INFO - 
================================================================================
DAG File Processing Stats

File Path                               PID    Runtime      # DAGs    # Errors  Last Runtime    Last Run
--------------------------------------  -----  ---------  --------  ----------  --------------  -------------------
/opt/airflow/dags/wifi_pipeline_dag.py                           1           0  0.11s           2026-09-18T20:36:30
================================================================================
[2026-09-18T20:37:24.149+0000] {manager.py:879} INFO - 
================================================================================
DAG File Processing Stats

File Path                               PID    Runtime      # DAGs    # Errors  Last Runtime    Last Run
--------------------------------------  -----  ---------  --------  ----------  --------------  -------------------
/opt/airflow/dags/wifi_pipeline_dag.py                           1           0  0.17s           2026-09-18T20:37:01
================================================================================
[2026-09-18T20:37:52.749+0000] {manager.py:879} INFO - 
================================================================================
DAG File Processing Stats

File Path                               PID    Runtime      # DAGs    # Errors  Last Runtime    Last Run
--------------------------------------  -----  ---------  --------  ----------  --------------  -------------------
/opt/airflow/dags/wifi_pipeline_dag.py                           1           0  0.13s           2026-09-18T20:37:32
================================================================================
[2026-09-18T20:38:20.365+0000] {manager.py:738} INFO - Searching for files in /opt/airflow/dags
[2026-09-18T20:38:20.366+0000] {manager.py:741} INFO - There are 1 files in /opt/airflow/dags
[2026-09-18T20:38:21.381+0000] {manager.py:879} INFO - 
================================================================================
DAG File Processing Stats

File Path                               PID    Runtime      # DAGs    # Errors  Last Runtime    Last Run
--------------------------------------  -----  ---------  --------  ----------  --------------  -------------------
/opt/airflow/dags/wifi_pipeline_dag.py                           1           0  0.14s           2026-09-18T20:38:02
================================================================================
[2026-09-18T20:38:50.028+0000] {manager.py:879} INFO - 
================================================================================
DAG File Processing Stats

File Path                               PID    Runtime      # DAGs    # Errors  Last Runtime    Last Run
--------------------------------------  -----  ---------  --------  ----------  --------------  -------------------
/opt/airflow/dags/wifi_pipeline_dag.py                           1           0  0.17s           2026-09-18T20:38:33
================================================================================
[2026-09-18T20:39:18.695+0000] {manager.py:879} INFO - 
================================================================================
DAG File Processing Stats

File Path                               PID    Runtime      # DAGs    # Errors  Last Runtime    Last Run
--------------------------------------  -----  ---------  --------  ----------  --------------  -------------------
/opt/airflow/dags/wifi_pipeline_dag.py                           1           0  0.12s           2026-09-18T20:39:04
================================================================================
[2026-09-18T20:39:47.604+0000] {manager.py:879} INFO - 
================================================================================
DAG File Processing Stats

File Path                               PID    Runtime      # DAGs    # Errors  Last Runtime    Last Run
--------------------------------------  -----  ---------  --------  ----------  --------------  -------------------
/opt/airflow/dags/wifi_pipeline_dag.py                           1           0  0.12s           2026-09-18T20:39:35
================================================================================
[2026-09-18T20:40:16.300+0000] {manager.py:879} INFO - 
================================================================================
DAG File Processing Stats

File Path                               PID    Runtime      # DAGs    # Errors  Last Runtime    Last Run
--------------------------------------  -----  ---------  --------  ----------  --------------  -------------------
/opt/airflow/dags/wifi_pipeline_dag.py                           1           0  0.11s           2026-09-18T20:40:05
================================================================================
[2026-09-18T20:40:44.978+0000] {manager.py:879} INFO - 
================================================================================
DAG File Processing Stats

File Path                               PID    Runtime      # DAGs    # Errors  Last Runtime    Last Run
--------------------------------------  -----  ---------  --------  ----------  --------------  -------------------
/opt/airflow/dags/wifi_pipeline_dag.py                           1           0  0.11s           2026-09-18T20:40:36
================================================================================
[2026-09-18T20:41:13.678+0000] {manager.py:879} INFO - 
================================================================================
DAG File Processing Stats

File Path                               PID    Runtime      # DAGs    # Errors  Last Runtime    Last Run
--------------------------------------  -----  ---------  --------  ----------  --------------  -------------------
/opt/airflow/dags/wifi_pipeline_dag.py                           1           0  0.10s           2026-09-18T20:41:07
================================================================================
[2026-09-18T20:41:42.387+0000] {manager.py:879} INFO - 
================================================================================
DAG File Processing Stats

File Path                               PID    Runtime      # DAGs    # Errors  Last Runtime    Last Run
--------------------------------------  -----  ---------  --------  ----------  --------------  -------------------
/opt/airflow/dags/wifi_pipeline_dag.py                           1           0  0.10s           2026-09-18T20:41:38
================================================================================
[2026-09-18T20:42:11.029+0000] {manager.py:879} INFO - 
================================================================================
DAG File Processing Stats

File Path                               PID    Runtime      # DAGs    # Errors  Last Runtime    Last Run
--------------------------------------  -----  ---------  --------  ----------  --------------  -------------------
/opt/airflow/dags/wifi_pipeline_dag.py                           1           0  0.13s           2026-09-18T20:42:09
================================================================================
[2026-09-18T20:42:39.630+0000] {manager.py:879} INFO - 
================================================================================
DAG File Processing Stats

File Path                                 PID  Runtime      # DAGs    # Errors  Last Runtime    Last Run
--------------------------------------  -----  ---------  --------  ----------  --------------  -------------------
/opt/airflow/dags/wifi_pipeline_dag.py    315  0.01s             1           0  0.13s           2026-09-18T20:42:09
================================================================================
[2026-09-18T20:43:08.430+0000] {manager.py:879} INFO - 
================================================================================
DAG File Processing Stats

File Path                               PID    Runtime      # DAGs    # Errors  Last Runtime    Last Run
--------------------------------------  -----  ---------  --------  ----------  --------------  -------------------
/opt/airflow/dags/wifi_pipeline_dag.py                           1           0  0.10s           2026-09-18T20:42:39
================================================================================
[2026-09-18T20:43:20.641+0000] {manager.py:738} INFO - Searching for files in /opt/airflow/dags
[2026-09-18T20:43:20.643+0000] {manager.py:741} INFO - There are 1 files in /opt/airflow/dags
[2026-09-18T20:43:37.197+0000] {manager.py:879} INFO - 
================================================================================
DAG File Processing Stats

File Path                               PID    Runtime      # DAGs    # Errors  Last Runtime    Last Run
--------------------------------------  -----  ---------  --------  ----------  --------------  -------------------
/opt/airflow/dags/wifi_pipeline_dag.py                           1           0  0.11s           2026-09-18T20:43:10
================================================================================
[2026-09-18T20:44:05.876+0000] {manager.py:879} INFO - 
================================================================================
DAG File Processing Stats

File Path                               PID    Runtime      # DAGs    # Errors  Last Runtime    Last Run
--------------------------------------  -----  ---------  --------  ----------  --------------  -------------------
/opt/airflow/dags/wifi_pipeline_dag.py                           1           0  0.12s           2026-09-18T20:43:41
================================================================================
[2026-09-18T20:44:34.542+0000] {manager.py:879} INFO - 
================================================================================
DAG File Processing Stats

File Path                               PID    Runtime      # DAGs    # Errors  Last Runtime    Last Run
--------------------------------------  -----  ---------  --------  ----------  --------------  -------------------
/opt/airflow/dags/wifi_pipeline_dag.py                           1           0  0.13s           2026-09-18T20:44:12
================================================================================
[2026-09-18T20:45:03.196+0000] {manager.py:879} INFO - 
================================================================================
DAG File Processing Stats

File Path                               PID    Runtime      # DAGs    # Errors  Last Runtime    Last Run
--------------------------------------  -----  ---------  --------  ----------  --------------  -------------------
/opt/airflow/dags/wifi_pipeline_dag.py                           1           0  0.10s           2026-09-18T20:44:42
================================================================================
[2026-09-18T20:45:31.744+0000] {manager.py:879} INFO - 
================================================================================
DAG File Processing Stats

File Path                               PID    Runtime      # DAGs    # Errors  Last Runtime    Last Run
--------------------------------------  -----  ---------  --------  ----------  --------------  -------------------
/opt/airflow/dags/wifi_pipeline_dag.py                           1           0  0.11s           2026-09-18T20:45:13
================================================================================
[2026-09-18T20:46:00.363+0000] {manager.py:879} INFO - 
================================================================================
DAG File Processing Stats

File Path                               PID    Runtime      # DAGs    # Errors  Last Runtime    Last Run
--------------------------------------  -----  ---------  --------  ----------  --------------  -------------------
/opt/airflow/dags/wifi_pipeline_dag.py                           1           0  0.10s           2026-09-18T20:45:43
================================================================================
[2026-09-18T20:46:28.956+0000] {manager.py:879} INFO - 
================================================================================
DAG File Processing Stats

File Path                               PID    Runtime      # DAGs    # Errors  Last Runtime    Last Run
--------------------------------------  -----  ---------  --------  ----------  --------------  -------------------
/opt/airflow/dags/wifi_pipeline_dag.py                           1           0  0.13s           2026-09-18T20:46:14
================================================================================
[2026-09-18T20:46:57.673+0000] {manager.py:879} INFO - 
================================================================================
DAG File Processing Stats

File Path                               PID    Runtime      # DAGs    # Errors  Last Runtime    Last Run
--------------------------------------  -----  ---------  --------  ----------  --------------  -------------------
/opt/airflow/dags/wifi_pipeline_dag.py                           1           0  0.14s           2026-09-18T20:46:45
================================================================================
[2026-09-18T20:47:26.344+0000] {manager.py:879} INFO - 
================================================================================
DAG File Processing Stats

File Path                               PID    Runtime      # DAGs    # Errors  Last Runtime    Last Run
--------------------------------------  -----  ---------  --------  ----------  --------------  -------------------
/opt/airflow/dags/wifi_pipeline_dag.py                           1           0  0.13s           2026-09-18T20:47:15
================================================================================
[2026-09-18T20:47:55.099+0000] {manager.py:879} INFO - 
================================================================================
DAG File Processing Stats

File Path                               PID    Runtime      # DAGs    # Errors  Last Runtime    Last Run
--------------------------------------  -----  ---------  --------  ----------  --------------  -------------------
/opt/airflow/dags/wifi_pipeline_dag.py                           1           0  0.12s           2026-09-18T20:47:47
================================================================================
[2026-09-18T20:48:20.730+0000] {manager.py:738} INFO - Searching for files in /opt/airflow/dags
[2026-09-18T20:48:20.731+0000] {manager.py:741} INFO - There are 1 files in /opt/airflow/dags
[2026-09-18T20:48:23.779+0000] {manager.py:879} INFO - 
================================================================================
DAG File Processing Stats

File Path                               PID    Runtime      # DAGs    # Errors  Last Runtime    Last Run
--------------------------------------  -----  ---------  --------  ----------  --------------  -------------------
/opt/airflow/dags/wifi_pipeline_dag.py                           1           0  0.13s           2026-09-18T20:48:17
================================================================================
[2026-09-18T20:48:52.494+0000] {manager.py:879} INFO - 
================================================================================
DAG File Processing Stats

File Path                               PID    Runtime      # DAGs    # Errors  Last Runtime    Last Run
--------------------------------------  -----  ---------  --------  ----------  --------------  -------------------
/opt/airflow/dags/wifi_pipeline_dag.py                           1           0  0.14s           2026-09-18T20:48:48
================================================================================
[2026-09-18T20:49:21.180+0000] {manager.py:879} INFO - 
================================================================================
DAG File Processing Stats

File Path                               PID    Runtime      # DAGs    # Errors  Last Runtime    Last Run
--------------------------------------  -----  ---------  --------  ----------  --------------  -------------------
/opt/airflow/dags/wifi_pipeline_dag.py                           1           0  0.11s           2026-09-18T20:49:19
================================================================================
[2026-09-18T20:49:49.793+0000] {manager.py:879} INFO - 
================================================================================
DAG File Processing Stats

File Path                                 PID  Runtime      # DAGs    # Errors  Last Runtime    Last Run
--------------------------------------  -----  ---------  --------  ----------  --------------  -------------------
/opt/airflow/dags/wifi_pipeline_dag.py    385  0.01s             1           0  0.11s           2026-09-18T20:49:19
================================================================================
[2026-09-18T20:50:18.553+0000] {manager.py:879} INFO - 
================================================================================
DAG File Processing Stats

File Path                               PID    Runtime      # DAGs    # Errors  Last Runtime    Last Run
--------------------------------------  -----  ---------  --------  ----------  --------------  -------------------
/opt/airflow/dags/wifi_pipeline_dag.py                           1           0  0.10s           2026-09-18T20:49:49
================================================================================
[2026-09-18T20:50:47.567+0000] {manager.py:879} INFO - 
================================================================================
DAG File Processing Stats

File Path                               PID    Runtime      # DAGs    # Errors  Last Runtime    Last Run
--------------------------------------  -----  ---------  --------  ----------  --------------  -------------------
/opt/airflow/dags/wifi_pipeline_dag.py                           1           0  0.10s           2026-09-18T20:50:20
================================================================================
[2026-09-18T20:51:16.293+0000] {manager.py:879} INFO - 
================================================================================
DAG File Processing Stats

File Path                               PID    Runtime      # DAGs    # Errors  Last Runtime    Last Run
--------------------------------------  -----  ---------  --------  ----------  --------------  -------------------
/opt/airflow/dags/wifi_pipeline_dag.py                           1           0  0.10s           2026-09-18T20:50:51
================================================================================
[2026-09-18T20:51:45.038+0000] {manager.py:879} INFO - 
================================================================================
DAG File Processing Stats

File Path                               PID    Runtime      # DAGs    # Errors  Last Runtime    Last Run
--------------------------------------  -----  ---------  --------  ----------  --------------  -------------------
/opt/airflow/dags/wifi_pipeline_dag.py                           1           0  0.11s           2026-09-18T20:51:22
================================================================================
[2026-09-18T20:52:13.789+0000] {manager.py:879} INFO - 
================================================================================
DAG File Processing Stats

File Path                               PID    Runtime      # DAGs    # Errors  Last Runtime    Last Run
--------------------------------------  -----  ---------  --------  ----------  --------------  -------------------
/opt/airflow/dags/wifi_pipeline_dag.py                           1           0  0.10s           2026-09-18T20:51:53
================================================================================
[2026-09-18T20:52:42.356+0000] {manager.py:879} INFO - 
================================================================================
DAG File Processing Stats

File Path                               PID    Runtime      # DAGs    # Errors  Last Runtime    Last Run
--------------------------------------  -----  ---------  --------  ----------  --------------  -------------------
/opt/airflow/dags/wifi_pipeline_dag.py                           1           0  0.12s           2026-09-18T20:52:24
================================================================================
[2026-09-18T20:53:11.106+0000] {manager.py:879} INFO - 
================================================================================
DAG File Processing Stats

File Path                               PID    Runtime      # DAGs    # Errors  Last Runtime    Last Run
--------------------------------------  -----  ---------  --------  ----------  --------------  -------------------
/opt/airflow/dags/wifi_pipeline_dag.py                           1           0  0.17s           2026-09-18T20:52:54
================================================================================
[2026-09-18T20:53:21.208+0000] {manager.py:738} INFO - Searching for files in /opt/airflow/dags
[2026-09-18T20:53:21.210+0000] {manager.py:741} INFO - There are 1 files in /opt/airflow/dags
[2026-09-18T20:53:39.731+0000] {manager.py:879} INFO - 
================================================================================
DAG File Processing Stats

File Path                               PID    Runtime      # DAGs    # Errors  Last Runtime    Last Run
--------------------------------------  -----  ---------  --------  ----------  --------------  -------------------
/opt/airflow/dags/wifi_pipeline_dag.py                           1           0  0.14s           2026-09-18T20:53:25
================================================================================
[2026-09-18T20:54:08.429+0000] {manager.py:879} INFO - 
================================================================================
DAG File Processing Stats

File Path                               PID    Runtime      # DAGs    # Errors  Last Runtime    Last Run
--------------------------------------  -----  ---------  --------  ----------  --------------  -------------------
/opt/airflow/dags/wifi_pipeline_dag.py                           1           0  0.14s           2026-09-18T20:53:56
================================================================================
[2026-09-18T20:54:37.060+0000] {manager.py:879} INFO - 
================================================================================
DAG File Processing Stats

File Path                               PID    Runtime      # DAGs    # Errors  Last Runtime    Last Run
--------------------------------------  -----  ---------  --------  ----------  --------------  -------------------
/opt/airflow/dags/wifi_pipeline_dag.py                           1           0  0.12s           2026-09-18T20:54:27
================================================================================
[2026-09-18T20:55:05.751+0000] {manager.py:879} INFO - 
================================================================================
DAG File Processing Stats

File Path                               PID    Runtime      # DAGs    # Errors  Last Runtime    Last Run
--------------------------------------  -----  ---------  --------  ----------  --------------  -------------------
/opt/airflow/dags/wifi_pipeline_dag.py                           1           0  0.10s           2026-09-18T20:54:57
================================================================================
[2026-09-18T20:55:34.328+0000] {manager.py:879} INFO - 
================================================================================
DAG File Processing Stats

File Path                               PID    Runtime      # DAGs    # Errors  Last Runtime    Last Run
--------------------------------------  -----  ---------  --------  ----------  --------------  -------------------
/opt/airflow/dags/wifi_pipeline_dag.py                           1           0  0.11s           2026-09-18T20:55:28
================================================================================
[2026-09-18T20:56:02.915+0000] {manager.py:879} INFO - 
================================================================================
DAG File Processing Stats

File Path                               PID    Runtime      # DAGs    # Errors  Last Runtime    Last Run
--------------------------------------  -----  ---------  --------  ----------  --------------  -------------------
/opt/airflow/dags/wifi_pipeline_dag.py                           1           0  0.12s           2026-09-18T20:55:58
================================================================================
[2026-09-18T20:58:02.865+0000] {manager.py:469} INFO - Processing files using up to 2 processes at a time 
[2026-09-18T20:58:02.867+0000] {manager.py:470} INFO - Process each file at most once every 30 seconds
[2026-09-18T20:58:02.867+0000] {manager.py:471} INFO - Checking for new files in /opt/airflow/dags every 300 seconds
[2026-09-18T20:58:02.868+0000] {manager.py:738} INFO - Searching for files in /opt/airflow/dags
[2026-09-18T20:58:02.870+0000] {manager.py:741} INFO - There are 1 files in /opt/airflow/dags
[2026-09-18T20:58:02.984+0000] {manager.py:879} INFO - 
================================================================================
DAG File Processing Stats

File Path                                 PID  Runtime      # DAGs    # Errors  Last Runtime    Last Run
--------------------------------------  -----  ---------  --------  ----------  --------------  ----------
/opt/airflow/dags/wifi_pipeline_dag.py    175  0.06s             0           0
================================================================================
[2026-09-18T20:58:31.801+0000] {manager.py:879} INFO - 
================================================================================
DAG File Processing Stats

File Path                               PID    Runtime      # DAGs    # Errors  Last Runtime    Last Run
--------------------------------------  -----  ---------  --------  ----------  --------------  -------------------
/opt/airflow/dags/wifi_pipeline_dag.py                           1           0  0.49s           2026-09-18T20:58:03
================================================================================
[2026-09-18T20:59:00.727+0000] {manager.py:879} INFO - 
================================================================================
DAG File Processing Stats

File Path                               PID    Runtime      # DAGs    # Errors  Last Runtime    Last Run
--------------------------------------  -----  ---------  --------  ----------  --------------  -------------------
/opt/airflow/dags/wifi_pipeline_dag.py                           1           0  0.14s           2026-09-18T20:58:33
================================================================================
[2026-09-18T20:59:29.601+0000] {manager.py:879} INFO - 
================================================================================
DAG File Processing Stats

File Path                               PID    Runtime      # DAGs    # Errors  Last Runtime    Last Run
--------------------------------------  -----  ---------  --------  ----------  --------------  -------------------
/opt/airflow/dags/wifi_pipeline_dag.py                           1           0  0.11s           2026-09-18T20:59:04
================================================================================
[2026-09-18T20:59:58.430+0000] {manager.py:879} INFO - 
================================================================================
DAG File Processing Stats

File Path                               PID    Runtime      # DAGs    # Errors  Last Runtime    Last Run
--------------------------------------  -----  ---------  --------  ----------  --------------  -------------------
/opt/airflow/dags/wifi_pipeline_dag.py                           1           0  0.14s           2026-09-18T20:59:35
================================================================================
[2026-09-18T21:00:27.177+0000] {manager.py:879} INFO - 
================================================================================
DAG File Processing Stats

File Path                               PID    Runtime      # DAGs    # Errors  Last Runtime    Last Run
--------------------------------------  -----  ---------  --------  ----------  --------------  -------------------
/opt/airflow/dags/wifi_pipeline_dag.py                           1           0  0.12s           2026-09-18T21:00:05
================================================================================
[2026-09-18T21:00:55.993+0000] {manager.py:879} INFO - 
================================================================================
DAG File Processing Stats

File Path                               PID    Runtime      # DAGs    # Errors  Last Runtime    Last Run
--------------------------------------  -----  ---------  --------  ----------  --------------  -------------------
/opt/airflow/dags/wifi_pipeline_dag.py                           1           0  0.13s           2026-09-18T21:00:36
================================================================================
[2026-09-18T21:01:24.661+0000] {manager.py:879} INFO - 
================================================================================
DAG File Processing Stats

File Path                               PID    Runtime      # DAGs    # Errors  Last Runtime    Last Run
--------------------------------------  -----  ---------  --------  ----------  --------------  -------------------
/opt/airflow/dags/wifi_pipeline_dag.py                           1           0  0.14s           2026-09-18T21:01:07
================================================================================
[2026-09-18T21:01:53.229+0000] {manager.py:879} INFO - 
================================================================================
DAG File Processing Stats

File Path                               PID    Runtime      # DAGs    # Errors  Last Runtime    Last Run
--------------------------------------  -----  ---------  --------  ----------  --------------  -------------------
/opt/airflow/dags/wifi_pipeline_dag.py                           1           0  0.10s           2026-09-18T21:01:38
================================================================================
[2026-09-18T21:02:21.726+0000] {manager.py:879} INFO - 
================================================================================
DAG File Processing Stats

File Path                               PID    Runtime      # DAGs    # Errors  Last Runtime    Last Run
--------------------------------------  -----  ---------  --------  ----------  --------------  -------------------
/opt/airflow/dags/wifi_pipeline_dag.py                           1           0  0.27s           2026-09-18T21:02:08
================================================================================
[2026-09-18T21:02:50.228+0000] {manager.py:879} INFO - 
================================================================================
DAG File Processing Stats

File Path                               PID    Runtime      # DAGs    # Errors  Last Runtime    Last Run
--------------------------------------  -----  ---------  --------  ----------  --------------  -------------------
/opt/airflow/dags/wifi_pipeline_dag.py                           1           0  0.14s           2026-09-18T21:02:39
================================================================================
[2026-09-18T21:03:03.645+0000] {manager.py:738} INFO - Searching for files in /opt/airflow/dags
[2026-09-18T21:03:03.647+0000] {manager.py:741} INFO - There are 1 files in /opt/airflow/dags
[2026-09-18T21:03:18.917+0000] {manager.py:879} INFO - 
================================================================================
DAG File Processing Stats

File Path                               PID    Runtime      # DAGs    # Errors  Last Runtime    Last Run
--------------------------------------  -----  ---------  --------  ----------  --------------  -------------------
/opt/airflow/dags/wifi_pipeline_dag.py                           1           0  0.11s           2026-09-18T21:03:09
================================================================================
[2026-09-18T21:03:47.576+0000] {manager.py:879} INFO - 
================================================================================
DAG File Processing Stats

File Path                               PID    Runtime      # DAGs    # Errors  Last Runtime    Last Run
--------------------------------------  -----  ---------  --------  ----------  --------------  -------------------
/opt/airflow/dags/wifi_pipeline_dag.py                           1           0  0.12s           2026-09-18T21:03:40
================================================================================
[2026-09-18T21:04:16.152+0000] {manager.py:879} INFO - 
================================================================================
DAG File Processing Stats

File Path                               PID    Runtime      # DAGs    # Errors  Last Runtime    Last Run
--------------------------------------  -----  ---------  --------  ----------  --------------  -------------------
/opt/airflow/dags/wifi_pipeline_dag.py                           1           0  0.11s           2026-09-18T21:04:11
================================================================================
[2026-09-18T21:04:44.881+0000] {manager.py:879} INFO - 
================================================================================
DAG File Processing Stats

File Path                               PID    Runtime      # DAGs    # Errors  Last Runtime    Last Run
--------------------------------------  -----  ---------  --------  ----------  --------------  -------------------
/opt/airflow/dags/wifi_pipeline_dag.py                           1           0  0.13s           2026-09-18T21:04:41
================================================================================
[2026-09-18T21:05:11.983+0000] {manager.py:879} INFO - 
================================================================================
DAG File Processing Stats

File Path                               PID    Runtime      # DAGs    # Errors  Last Runtime    Last Run
--------------------------------------  -----  ---------  --------  ----------  --------------  -------------------
/opt/airflow/dags/wifi_pipeline_dag.py                           1           0  0.12s           2026-09-18T21:05:12
================================================================================
[2026-09-18T21:05:40.529+0000] {manager.py:879} INFO - 
================================================================================
DAG File Processing Stats

File Path                               PID    Runtime      # DAGs    # Errors  Last Runtime    Last Run
--------------------------------------  -----  ---------  --------  ----------  --------------  -------------------
/opt/airflow/dags/wifi_pipeline_dag.py                           1           0  0.12s           2026-09-18T21:05:12
================================================================================
[2026-09-18T21:06:09.037+0000] {manager.py:879} INFO - 
================================================================================
DAG File Processing Stats

File Path                               PID    Runtime      # DAGs    # Errors  Last Runtime    Last Run
--------------------------------------  -----  ---------  --------  ----------  --------------  -------------------
/opt/airflow/dags/wifi_pipeline_dag.py                           1           0  0.12s           2026-09-18T21:05:43
================================================================================
[2026-09-18T21:06:37.566+0000] {manager.py:879} INFO - 
================================================================================
DAG File Processing Stats

File Path                               PID    Runtime      # DAGs    # Errors  Last Runtime    Last Run
--------------------------------------  -----  ---------  --------  ----------  --------------  -------------------
/opt/airflow/dags/wifi_pipeline_dag.py                           1           0  0.13s           2026-09-18T21:06:14
================================================================================
[2026-09-18T21:07:06.160+0000] {manager.py:879} INFO - 
================================================================================
DAG File Processing Stats

File Path                               PID    Runtime      # DAGs    # Errors  Last Runtime    Last Run
--------------------------------------  -----  ---------  --------  ----------  --------------  -------------------
/opt/airflow/dags/wifi_pipeline_dag.py                           1           0  0.12s           2026-09-18T21:06:44
================================================================================
[2026-09-18T21:07:35.275+0000] {manager.py:879} INFO - 
================================================================================
DAG File Processing Stats

File Path                               PID    Runtime      # DAGs    # Errors  Last Runtime    Last Run
--------------------------------------  -----  ---------  --------  ----------  --------------  -------------------
/opt/airflow/dags/wifi_pipeline_dag.py                           1           0  0.15s           2026-09-18T21:07:15
================================================================================
[2026-09-18T21:08:03.916+0000] {manager.py:738} INFO - Searching for files in /opt/airflow/dags
[2026-09-18T21:08:03.917+0000] {manager.py:741} INFO - There are 1 files in /opt/airflow/dags
[2026-09-18T21:08:03.929+0000] {manager.py:879} INFO - 
================================================================================
DAG File Processing Stats

File Path                               PID    Runtime      # DAGs    # Errors  Last Runtime    Last Run
--------------------------------------  -----  ---------  --------  ----------  --------------  -------------------
/opt/airflow/dags/wifi_pipeline_dag.py                           1           0  0.14s           2026-09-18T21:07:46
================================================================================
[2026-09-18T21:08:32.613+0000] {manager.py:879} INFO - 
================================================================================
DAG File Processing Stats

File Path                               PID    Runtime      # DAGs    # Errors  Last Runtime    Last Run
--------------------------------------  -----  ---------  --------  ----------  --------------  -------------------
/opt/airflow/dags/wifi_pipeline_dag.py                           1           0  0.15s           2026-09-18T21:08:17
================================================================================
[2026-09-18T21:09:01.471+0000] {manager.py:879} INFO - 
================================================================================
DAG File Processing Stats

File Path                               PID    Runtime      # DAGs    # Errors  Last Runtime    Last Run
--------------------------------------  -----  ---------  --------  ----------  --------------  -------------------
/opt/airflow/dags/wifi_pipeline_dag.py                           1           0  0.18s           2026-09-18T21:08:47
================================================================================
[2026-09-18T21:09:30.625+0000] {manager.py:879} INFO - 
================================================================================
DAG File Processing Stats

File Path                               PID    Runtime      # DAGs    # Errors  Last Runtime    Last Run
--------------------------------------  -----  ---------  --------  ----------  --------------  -------------------
/opt/airflow/dags/wifi_pipeline_dag.py                           1           0  0.11s           2026-09-18T21:09:18
================================================================================
[2026-09-18T21:09:59.544+0000] {manager.py:879} INFO - 
================================================================================
DAG File Processing Stats

File Path                               PID    Runtime      # DAGs    # Errors  Last Runtime    Last Run
--------------------------------------  -----  ---------  --------  ----------  --------------  -------------------
/opt/airflow/dags/wifi_pipeline_dag.py                           1           0  0.12s           2026-09-18T21:09:49
================================================================================
[2026-09-18T21:10:28.202+0000] {manager.py:879} INFO - 
================================================================================
DAG File Processing Stats

File Path                               PID    Runtime      # DAGs    # Errors  Last Runtime    Last Run
--------------------------------------  -----  ---------  --------  ----------  --------------  -------------------
/opt/airflow/dags/wifi_pipeline_dag.py                           1           0  0.10s           2026-09-18T21:10:19
================================================================================
[2026-09-18T21:10:56.929+0000] {manager.py:879} INFO - 
================================================================================
DAG File Processing Stats

File Path                               PID    Runtime      # DAGs    # Errors  Last Runtime    Last Run
--------------------------------------  -----  ---------  --------  ----------  --------------  -------------------
/opt/airflow/dags/wifi_pipeline_dag.py                           1           0  0.15s           2026-09-18T21:10:50
================================================================================
[2026-09-18T21:11:25.767+0000] {manager.py:879} INFO - 
================================================================================
DAG File Processing Stats

File Path                               PID    Runtime      # DAGs    # Errors  Last Runtime    Last Run
--------------------------------------  -----  ---------  --------  ----------  --------------  -------------------
/opt/airflow/dags/wifi_pipeline_dag.py                           1           0  0.13s           2026-09-18T21:11:21
================================================================================
[2026-09-18T21:11:54.237+0000] {manager.py:879} INFO - 
================================================================================
DAG File Processing Stats

File Path                               PID    Runtime      # DAGs    # Errors  Last Runtime    Last Run
--------------------------------------  -----  ---------  --------  ----------  --------------  -------------------
/opt/airflow/dags/wifi_pipeline_dag.py                           1           0  0.17s           2026-09-18T21:11:52
================================================================================
[2026-09-18T21:12:23.015+0000] {manager.py:879} INFO - 
================================================================================
DAG File Processing Stats

File Path                                 PID  Runtime      # DAGs    # Errors  Last Runtime    Last Run
--------------------------------------  -----  ---------  --------  ----------  --------------  -------------------
/opt/airflow/dags/wifi_pipeline_dag.py    893  0.01s             1           0  0.17s           2026-09-18T21:11:52
================================================================================
[2026-09-18T21:12:51.837+0000] {manager.py:879} INFO - 
================================================================================
DAG File Processing Stats

File Path                               PID    Runtime      # DAGs    # Errors  Last Runtime    Last Run
--------------------------------------  -----  ---------  --------  ----------  --------------  -------------------
/opt/airflow/dags/wifi_pipeline_dag.py                           1           0  0.14s           2026-09-18T21:12:23
================================================================================
[2026-09-18T21:13:04.070+0000] {manager.py:738} INFO - Searching for files in /opt/airflow/dags
[2026-09-18T21:13:04.072+0000] {manager.py:741} INFO - There are 1 files in /opt/airflow/dags
[2026-09-18T21:13:20.534+0000] {manager.py:879} INFO - 
================================================================================
DAG File Processing Stats

File Path                               PID    Runtime      # DAGs    # Errors  Last Runtime    Last Run
--------------------------------------  -----  ---------  --------  ----------  --------------  -------------------
/opt/airflow/dags/wifi_pipeline_dag.py                           1           0  0.11s           2026-09-18T21:12:53
================================================================================
[2026-09-18T21:13:46.366+0000] {manager.py:451} INFO - Exiting gracefully upon receiving signal 15
[2026-09-18T21:18:31.814+0000] {manager.py:469} INFO - Processing files using up to 2 processes at a time 
[2026-09-18T21:18:31.815+0000] {manager.py:470} INFO - Process each file at most once every 30 seconds
[2026-09-18T21:18:31.816+0000] {manager.py:471} INFO - Checking for new files in /opt/airflow/dags every 300 seconds
[2026-09-18T21:18:31.816+0000] {manager.py:738} INFO - Searching for files in /opt/airflow/dags
[2026-09-18T21:18:31.820+0000] {manager.py:741} INFO - There are 1 files in /opt/airflow/dags
[2026-09-18T21:18:31.970+0000] {manager.py:879} INFO - 
================================================================================
DAG File Processing Stats

File Path                                 PID  Runtime      # DAGs    # Errors  Last Runtime    Last Run
--------------------------------------  -----  ---------  --------  ----------  --------------  ----------
/opt/airflow/dags/wifi_pipeline_dag.py    174  0.07s             0           0
================================================================================
[2026-09-18T21:19:00.407+0000] {manager.py:879} INFO - 
================================================================================
DAG File Processing Stats

File Path                               PID    Runtime      # DAGs    # Errors  Last Runtime    Last Run
--------------------------------------  -----  ---------  --------  ----------  --------------  -------------------
/opt/airflow/dags/wifi_pipeline_dag.py                           1           0  0.58s           2026-09-18T21:18:32
================================================================================
[2026-09-18T21:19:28.665+0000] {manager.py:879} INFO - 
================================================================================
DAG File Processing Stats

File Path                               PID    Runtime      # DAGs    # Errors  Last Runtime    Last Run
--------------------------------------  -----  ---------  --------  ----------  --------------  -------------------
/opt/airflow/dags/wifi_pipeline_dag.py                           1           0  0.18s           2026-09-18T21:19:03
================================================================================
[2026-09-18T21:19:57.322+0000] {manager.py:879} INFO - 
================================================================================
DAG File Processing Stats

File Path                               PID    Runtime      # DAGs    # Errors  Last Runtime    Last Run
--------------------------------------  -----  ---------  --------  ----------  --------------  -------------------
/opt/airflow/dags/wifi_pipeline_dag.py                           1           0  0.13s           2026-09-18T21:19:33
================================================================================
[2026-09-18T21:20:25.746+0000] {manager.py:879} INFO - 
================================================================================
DAG File Processing Stats

File Path                               PID    Runtime      # DAGs    # Errors  Last Runtime    Last Run
--------------------------------------  -----  ---------  --------  ----------  --------------  -------------------
/opt/airflow/dags/wifi_pipeline_dag.py                           1           0  0.21s           2026-09-18T21:20:04
================================================================================
[2026-09-18T21:20:54.313+0000] {manager.py:879} INFO - 
================================================================================
DAG File Processing Stats

File Path                               PID    Runtime      # DAGs    # Errors  Last Runtime    Last Run
--------------------------------------  -----  ---------  --------  ----------  --------------  -------------------
/opt/airflow/dags/wifi_pipeline_dag.py                           1           0  0.13s           2026-09-18T21:20:34
================================================================================
[2026-09-18T21:21:23.076+0000] {manager.py:879} INFO - 
================================================================================
DAG File Processing Stats

File Path                               PID    Runtime      # DAGs    # Errors  Last Runtime    Last Run
--------------------------------------  -----  ---------  --------  ----------  --------------  -------------------
/opt/airflow/dags/wifi_pipeline_dag.py                           1           0  0.14s           2026-09-18T21:21:05
================================================================================
[2026-09-18T21:21:51.818+0000] {manager.py:879} INFO - 
================================================================================
DAG File Processing Stats

File Path                               PID    Runtime      # DAGs    # Errors  Last Runtime    Last Run
--------------------------------------  -----  ---------  --------  ----------  --------------  -------------------
/opt/airflow/dags/wifi_pipeline_dag.py                           1           0  0.15s           2026-09-18T21:21:36
================================================================================
[2026-09-18T21:22:20.503+0000] {manager.py:879} INFO - 
================================================================================
DAG File Processing Stats

File Path                               PID    Runtime      # DAGs    # Errors  Last Runtime    Last Run
--------------------------------------  -----  ---------  --------  ----------  --------------  -------------------
/opt/airflow/dags/wifi_pipeline_dag.py                           1           0  0.11s           2026-09-18T21:22:07
================================================================================
[2026-09-18T21:22:49.021+0000] {manager.py:879} INFO - 
================================================================================
DAG File Processing Stats

File Path                               PID    Runtime      # DAGs    # Errors  Last Runtime    Last Run
--------------------------------------  -----  ---------  --------  ----------  --------------  -------------------
/opt/airflow/dags/wifi_pipeline_dag.py                           1           0  0.10s           2026-09-18T21:22:37
================================================================================
[2026-09-18T21:23:17.714+0000] {manager.py:879} INFO - 
================================================================================
DAG File Processing Stats

File Path                               PID    Runtime      # DAGs    # Errors  Last Runtime    Last Run
--------------------------------------  -----  ---------  --------  ----------  --------------  -------------------
/opt/airflow/dags/wifi_pipeline_dag.py                           1           0  0.12s           2026-09-18T21:23:08
================================================================================
[2026-09-18T21:23:31.845+0000] {manager.py:738} INFO - Searching for files in /opt/airflow/dags
[2026-09-18T21:23:31.847+0000] {manager.py:741} INFO - There are 1 files in /opt/airflow/dags
[2026-09-18T21:23:46.216+0000] {manager.py:879} INFO - 
================================================================================
DAG File Processing Stats

File Path                               PID    Runtime      # DAGs    # Errors  Last Runtime    Last Run
--------------------------------------  -----  ---------  --------  ----------  --------------  -------------------
/opt/airflow/dags/wifi_pipeline_dag.py                           1           0  0.11s           2026-09-18T21:23:39
================================================================================
[2026-09-18T21:24:14.655+0000] {manager.py:879} INFO - 
================================================================================
DAG File Processing Stats

File Path                               PID    Runtime      # DAGs    # Errors  Last Runtime    Last Run
--------------------------------------  -----  ---------  --------  ----------  --------------  -------------------
/opt/airflow/dags/wifi_pipeline_dag.py                           1           0  0.17s           2026-09-18T21:24:09
================================================================================
[2026-09-18T21:24:43.088+0000] {manager.py:879} INFO - 
================================================================================
DAG File Processing Stats

File Path                               PID    Runtime      # DAGs    # Errors  Last Runtime    Last Run
--------------------------------------  -----  ---------  --------  ----------  --------------  -------------------
/opt/airflow/dags/wifi_pipeline_dag.py                           1           0  0.13s           2026-09-18T21:24:40
================================================================================
[2026-09-18T21:25:11.535+0000] {manager.py:879} INFO - 
================================================================================
DAG File Processing Stats

File Path                               PID    Runtime      # DAGs    # Errors  Last Runtime    Last Run
--------------------------------------  -----  ---------  --------  ----------  --------------  -------------------
/opt/airflow/dags/wifi_pipeline_dag.py                           1           0  0.15s           2026-09-18T21:25:10
================================================================================
[2026-09-18T21:25:39.937+0000] {manager.py:879} INFO - 
================================================================================
DAG File Processing Stats

File Path                               PID    Runtime      # DAGs    # Errors  Last Runtime    Last Run
--------------------------------------  -----  ---------  --------  ----------  --------------  -------------------
/opt/airflow/dags/wifi_pipeline_dag.py                           1           0  0.15s           2026-09-18T21:25:10
================================================================================
[2026-09-18T21:26:08.484+0000] {manager.py:879} INFO - 
================================================================================
DAG File Processing Stats

File Path                               PID    Runtime      # DAGs    # Errors  Last Runtime    Last Run
--------------------------------------  -----  ---------  --------  ----------  --------------  -------------------
/opt/airflow/dags/wifi_pipeline_dag.py                           1           0  0.13s           2026-09-18T21:25:41
================================================================================
[2026-09-18T21:26:37.043+0000] {manager.py:879} INFO - 
================================================================================
DAG File Processing Stats

File Path                               PID    Runtime      # DAGs    # Errors  Last Runtime    Last Run
--------------------------------------  -----  ---------  --------  ----------  --------------  -------------------
/opt/airflow/dags/wifi_pipeline_dag.py                           1           0  0.13s           2026-09-18T21:26:11
================================================================================
[2026-09-18T21:27:05.553+0000] {manager.py:879} INFO - 
================================================================================
DAG File Processing Stats

File Path                               PID    Runtime      # DAGs    # Errors  Last Runtime    Last Run
--------------------------------------  -----  ---------  --------  ----------  --------------  -------------------
/opt/airflow/dags/wifi_pipeline_dag.py                           1           0  0.12s           2026-09-18T21:26:42
================================================================================
[2026-09-18T21:27:34.099+0000] {manager.py:879} INFO - 
================================================================================
DAG File Processing Stats

File Path                               PID    Runtime      # DAGs    # Errors  Last Runtime    Last Run
--------------------------------------  -----  ---------  --------  ----------  --------------  -------------------
/opt/airflow/dags/wifi_pipeline_dag.py                           1           0  0.10s           2026-09-18T21:27:12
================================================================================
[2026-09-18T21:28:02.588+0000] {manager.py:879} INFO - 
================================================================================
DAG File Processing Stats

File Path                               PID    Runtime      # DAGs    # Errors  Last Runtime    Last Run
--------------------------------------  -----  ---------  --------  ----------  --------------  -------------------
/opt/airflow/dags/wifi_pipeline_dag.py                           1           0  0.11s           2026-09-18T21:27:43
================================================================================
[2026-09-18T21:28:31.157+0000] {manager.py:879} INFO - 
================================================================================
DAG File Processing Stats

File Path                               PID    Runtime      # DAGs    # Errors  Last Runtime    Last Run
--------------------------------------  -----  ---------  --------  ----------  --------------  -------------------
/opt/airflow/dags/wifi_pipeline_dag.py                           1           0  0.10s           2026-09-18T21:28:13
================================================================================
[2026-09-18T21:28:32.165+0000] {manager.py:738} INFO - Searching for files in /opt/airflow/dags
[2026-09-18T21:28:32.167+0000] {manager.py:741} INFO - There are 1 files in /opt/airflow/dags
[2026-09-18T21:28:59.632+0000] {manager.py:879} INFO - 
================================================================================
DAG File Processing Stats

File Path                               PID    Runtime      # DAGs    # Errors  Last Runtime    Last Run
--------------------------------------  -----  ---------  --------  ----------  --------------  -------------------
/opt/airflow/dags/wifi_pipeline_dag.py                           1           0  0.11s           2026-09-18T21:28:44
================================================================================
[2026-09-18T21:29:28.016+0000] {manager.py:879} INFO - 
================================================================================
DAG File Processing Stats

File Path                               PID    Runtime      # DAGs    # Errors  Last Runtime    Last Run
--------------------------------------  -----  ---------  --------  ----------  --------------  -------------------
/opt/airflow/dags/wifi_pipeline_dag.py                           1           0  0.11s           2026-09-18T21:29:15
================================================================================
[2026-09-18T21:29:56.703+0000] {manager.py:879} INFO - 
================================================================================
DAG File Processing Stats

File Path                               PID    Runtime      # DAGs    # Errors  Last Runtime    Last Run
--------------------------------------  -----  ---------  --------  ----------  --------------  -------------------
/opt/airflow/dags/wifi_pipeline_dag.py                           1           0  0.10s           2026-09-18T21:29:45
================================================================================
[2026-09-18T21:30:25.195+0000] {manager.py:879} INFO - 
================================================================================
DAG File Processing Stats

File Path                               PID    Runtime      # DAGs    # Errors  Last Runtime    Last Run
--------------------------------------  -----  ---------  --------  ----------  --------------  -------------------
/opt/airflow/dags/wifi_pipeline_dag.py                           1           0  0.10s           2026-09-18T21:30:16
================================================================================
[2026-09-18T21:30:53.965+0000] {manager.py:879} INFO - 
================================================================================
DAG File Processing Stats

File Path                               PID    Runtime      # DAGs    # Errors  Last Runtime    Last Run
--------------------------------------  -----  ---------  --------  ----------  --------------  -------------------
/opt/airflow/dags/wifi_pipeline_dag.py                           1           0  0.11s           2026-09-18T21:30:46
================================================================================
[2026-09-18T21:31:22.514+0000] {manager.py:879} INFO - 
================================================================================
DAG File Processing Stats

File Path                               PID    Runtime      # DAGs    # Errors  Last Runtime    Last Run
--------------------------------------  -----  ---------  --------  ----------  --------------  -------------------
/opt/airflow/dags/wifi_pipeline_dag.py                           1           0  0.10s           2026-09-18T21:31:17
================================================================================
[2026-09-18T21:31:51.058+0000] {manager.py:879} INFO - 
================================================================================
DAG File Processing Stats

File Path                               PID    Runtime      # DAGs    # Errors  Last Runtime    Last Run
--------------------------------------  -----  ---------  --------  ----------  --------------  -------------------
/opt/airflow/dags/wifi_pipeline_dag.py                           1           0  0.11s           2026-09-18T21:31:48
================================================================================
[2026-09-18T21:32:19.908+0000] {manager.py:879} INFO - 
================================================================================
DAG File Processing Stats

File Path                               PID    Runtime      # DAGs    # Errors  Last Runtime    Last Run
--------------------------------------  -----  ---------  --------  ----------  --------------  -------------------
/opt/airflow/dags/wifi_pipeline_dag.py                           1           0  0.13s           2026-09-18T21:32:19
================================================================================
[2026-09-18T21:32:48.432+0000] {manager.py:879} INFO - 
================================================================================
DAG File Processing Stats

File Path                               PID    Runtime      # DAGs    # Errors  Last Runtime    Last Run
--------------------------------------  -----  ---------  --------  ----------  --------------  -------------------
/opt/airflow/dags/wifi_pipeline_dag.py                           1           0  0.13s           2026-09-18T21:32:19
================================================================================
[2026-09-18T21:33:16.988+0000] {manager.py:879} INFO - 
================================================================================
DAG File Processing Stats

File Path                               PID    Runtime      # DAGs    # Errors  Last Runtime    Last Run
--------------------------------------  -----  ---------  --------  ----------  --------------  -------------------
/opt/airflow/dags/wifi_pipeline_dag.py                           1           0  0.11s           2026-09-18T21:32:49
================================================================================
[2026-09-18T21:33:32.355+0000] {manager.py:738} INFO - Searching for files in /opt/airflow/dags
[2026-09-18T21:33:32.356+0000] {manager.py:741} INFO - There are 1 files in /opt/airflow/dags
[2026-09-18T21:33:45.472+0000] {manager.py:879} INFO - 
================================================================================
DAG File Processing Stats

File Path                               PID    Runtime      # DAGs    # Errors  Last Runtime    Last Run
--------------------------------------  -----  ---------  --------  ----------  --------------  -------------------
/opt/airflow/dags/wifi_pipeline_dag.py                           1           0  0.10s           2026-09-18T21:33:20
================================================================================
[2026-09-18T21:34:13.943+0000] {manager.py:879} INFO - 
================================================================================
DAG File Processing Stats

File Path                               PID    Runtime      # DAGs    # Errors  Last Runtime    Last Run
--------------------------------------  -----  ---------  --------  ----------  --------------  -------------------
/opt/airflow/dags/wifi_pipeline_dag.py                           1           0  0.12s           2026-09-18T21:33:50
================================================================================
[2026-09-18T21:34:42.343+0000] {manager.py:879} INFO - 
================================================================================
DAG File Processing Stats

File Path                               PID    Runtime      # DAGs    # Errors  Last Runtime    Last Run
--------------------------------------  -----  ---------  --------  ----------  --------------  -------------------
/opt/airflow/dags/wifi_pipeline_dag.py                           1           0  0.14s           2026-09-18T21:34:21
================================================================================
[2026-09-18T21:35:11.054+0000] {manager.py:879} INFO - 
================================================================================
DAG File Processing Stats

File Path                               PID    Runtime      # DAGs    # Errors  Last Runtime    Last Run
--------------------------------------  -----  ---------  --------  ----------  --------------  -------------------
/opt/airflow/dags/wifi_pipeline_dag.py                           1           0  0.11s           2026-09-18T21:34:51
================================================================================
[2026-09-18T21:35:39.652+0000] {manager.py:879} INFO - 
================================================================================
DAG File Processing Stats

File Path                               PID    Runtime      # DAGs    # Errors  Last Runtime    Last Run
--------------------------------------  -----  ---------  --------  ----------  --------------  -------------------
/opt/airflow/dags/wifi_pipeline_dag.py                           1           0  0.11s           2026-09-18T21:35:22
================================================================================
[2026-09-18T21:36:08.180+0000] {manager.py:879} INFO - 
================================================================================
DAG File Processing Stats

File Path                               PID    Runtime      # DAGs    # Errors  Last Runtime    Last Run
--------------------------------------  -----  ---------  --------  ----------  --------------  -------------------
/opt/airflow/dags/wifi_pipeline_dag.py                           1           0  0.38s           2026-09-18T21:35:53
================================================================================
[2026-09-18T21:36:36.596+0000] {manager.py:879} INFO - 
================================================================================
DAG File Processing Stats

File Path                               PID    Runtime      # DAGs    # Errors  Last Runtime    Last Run
--------------------------------------  -----  ---------  --------  ----------  --------------  -------------------
/opt/airflow/dags/wifi_pipeline_dag.py                           1           0  0.23s           2026-09-18T21:36:23
================================================================================
[2026-09-18T21:37:05.178+0000] {manager.py:879} INFO - 
================================================================================
DAG File Processing Stats

File Path                               PID    Runtime      # DAGs    # Errors  Last Runtime    Last Run
--------------------------------------  -----  ---------  --------  ----------  --------------  -------------------
/opt/airflow/dags/wifi_pipeline_dag.py                           1           0  0.19s           2026-09-18T21:36:54
================================================================================
[2026-09-18T21:37:33.621+0000] {manager.py:879} INFO - 
================================================================================
DAG File Processing Stats

File Path                               PID    Runtime      # DAGs    # Errors  Last Runtime    Last Run
--------------------------------------  -----  ---------  --------  ----------  --------------  -------------------
/opt/airflow/dags/wifi_pipeline_dag.py                           1           0  0.11s           2026-09-18T21:37:24
================================================================================
[2026-09-18T21:38:02.091+0000] {manager.py:879} INFO - 
================================================================================
DAG File Processing Stats

File Path                               PID    Runtime      # DAGs    # Errors  Last Runtime    Last Run
--------------------------------------  -----  ---------  --------  ----------  --------------  -------------------
/opt/airflow/dags/wifi_pipeline_dag.py                           1           0  0.12s           2026-09-18T21:37:55
================================================================================
[2026-09-18T21:38:30.698+0000] {manager.py:879} INFO - 
================================================================================
DAG File Processing Stats

File Path                               PID    Runtime      # DAGs    # Errors  Last Runtime    Last Run
--------------------------------------  -----  ---------  --------  ----------  --------------  -------------------
/opt/airflow/dags/wifi_pipeline_dag.py                           1           0  0.11s           2026-09-18T21:38:25
================================================================================
[2026-09-18T21:38:32.718+0000] {manager.py:738} INFO - Searching for files in /opt/airflow/dags
[2026-09-18T21:38:32.721+0000] {manager.py:741} INFO - There are 1 files in /opt/airflow/dags
[2026-09-18T21:38:59.271+0000] {manager.py:879} INFO - 
================================================================================
DAG File Processing Stats

File Path                               PID    Runtime      # DAGs    # Errors  Last Runtime    Last Run
--------------------------------------  -----  ---------  --------  ----------  --------------  -------------------
/opt/airflow/dags/wifi_pipeline_dag.py                           1           0  0.13s           2026-09-18T21:38:56
================================================================================
[2026-09-18T21:39:27.738+0000] {manager.py:879} INFO - 
================================================================================
DAG File Processing Stats

File Path                               PID    Runtime      # DAGs    # Errors  Last Runtime    Last Run
--------------------------------------  -----  ---------  --------  ----------  --------------  -------------------
/opt/airflow/dags/wifi_pipeline_dag.py                           1           0  0.17s           2026-09-18T21:39:26
================================================================================
[2026-09-18T21:39:56.429+0000] {manager.py:879} INFO - 
================================================================================
DAG File Processing Stats

File Path                               PID    Runtime      # DAGs    # Errors  Last Runtime    Last Run
--------------------------------------  -----  ---------  --------  ----------  --------------  -------------------
/opt/airflow/dags/wifi_pipeline_dag.py                           1           0  0.17s           2026-09-18T21:39:26
================================================================================
[2026-09-18T21:40:24.845+0000] {manager.py:879} INFO - 
================================================================================
DAG File Processing Stats

File Path                               PID    Runtime      # DAGs    # Errors  Last Runtime    Last Run
--------------------------------------  -----  ---------  --------  ----------  --------------  -------------------
/opt/airflow/dags/wifi_pipeline_dag.py                           1           0  0.15s           2026-09-18T21:39:57
================================================================================
[2026-09-18T21:40:53.329+0000] {manager.py:879} INFO - 
================================================================================
DAG File Processing Stats

File Path                               PID    Runtime      # DAGs    # Errors  Last Runtime    Last Run
--------------------------------------  -----  ---------  --------  ----------  --------------  -------------------
/opt/airflow/dags/wifi_pipeline_dag.py                           1           0  0.14s           2026-09-18T21:40:28
================================================================================
[2026-09-18T21:41:21.732+0000] {manager.py:879} INFO - 
================================================================================
DAG File Processing Stats

File Path                               PID    Runtime      # DAGs    # Errors  Last Runtime    Last Run
--------------------------------------  -----  ---------  --------  ----------  --------------  -------------------
/opt/airflow/dags/wifi_pipeline_dag.py                           1           0  0.12s           2026-09-18T21:40:58
================================================================================
[2026-09-18T21:41:50.220+0000] {manager.py:879} INFO - 
================================================================================
DAG File Processing Stats

File Path                               PID    Runtime      # DAGs    # Errors  Last Runtime    Last Run
--------------------------------------  -----  ---------  --------  ----------  --------------  -------------------
/opt/airflow/dags/wifi_pipeline_dag.py                           1           0  0.12s           2026-09-18T21:41:29
================================================================================
[2026-09-18T21:42:18.851+0000] {manager.py:879} INFO - 
================================================================================
DAG File Processing Stats

File Path                               PID    Runtime      # DAGs    # Errors  Last Runtime    Last Run
--------------------------------------  -----  ---------  --------  ----------  --------------  -------------------
/opt/airflow/dags/wifi_pipeline_dag.py                           1           0  0.12s           2026-09-18T21:41:59
================================================================================
[2026-09-18T21:42:47.521+0000] {manager.py:879} INFO - 
================================================================================
DAG File Processing Stats

File Path                               PID    Runtime      # DAGs    # Errors  Last Runtime    Last Run
--------------------------------------  -----  ---------  --------  ----------  --------------  -------------------
/opt/airflow/dags/wifi_pipeline_dag.py                           1           0  0.15s           2026-09-18T21:42:30
================================================================================
[2026-09-18T21:43:16.251+0000] {manager.py:879} INFO - 
================================================================================
DAG File Processing Stats

File Path                               PID    Runtime      # DAGs    # Errors  Last Runtime    Last Run
--------------------------------------  -----  ---------  --------  ----------  --------------  -------------------
/opt/airflow/dags/wifi_pipeline_dag.py                           1           0  0.11s           2026-09-18T21:43:01
================================================================================
[2026-09-18T21:43:32.836+0000] {manager.py:738} INFO - Searching for files in /opt/airflow/dags
[2026-09-18T21:43:32.839+0000] {manager.py:741} INFO - There are 1 files in /opt/airflow/dags
[2026-09-18T21:43:44.836+0000] {manager.py:879} INFO - 
================================================================================
DAG File Processing Stats

File Path                               PID    Runtime      # DAGs    # Errors  Last Runtime    Last Run
--------------------------------------  -----  ---------  --------  ----------  --------------  -------------------
/opt/airflow/dags/wifi_pipeline_dag.py                           1           0  0.14s           2026-09-18T21:43:31
================================================================================
[2026-09-18T21:44:12.296+0000] {manager.py:879} INFO - 
================================================================================
DAG File Processing Stats

File Path                               PID    Runtime      # DAGs    # Errors  Last Runtime    Last Run
--------------------------------------  -----  ---------  --------  ----------  --------------  -------------------
/opt/airflow/dags/wifi_pipeline_dag.py                           1           0  0.13s           2026-09-18T21:44:02
================================================================================
[2026-09-18T21:44:41.888+0000] {manager.py:879} INFO - 
================================================================================
DAG File Processing Stats

File Path                               PID    Runtime      # DAGs    # Errors  Last Runtime    Last Run
--------------------------------------  -----  ---------  --------  ----------  --------------  -------------------
/opt/airflow/dags/wifi_pipeline_dag.py                           1           0  0.42s           2026-09-18T21:44:33
================================================================================
[2026-09-18T21:45:10.308+0000] {manager.py:879} INFO - 
================================================================================
DAG File Processing Stats

File Path                               PID    Runtime      # DAGs    # Errors  Last Runtime    Last Run
--------------------------------------  -----  ---------  --------  ----------  --------------  -------------------
/opt/airflow/dags/wifi_pipeline_dag.py                           1           0  0.15s           2026-09-18T21:45:03
================================================================================
[2026-09-18T21:45:38.660+0000] {manager.py:879} INFO - 
================================================================================
DAG File Processing Stats

File Path                               PID    Runtime      # DAGs    # Errors  Last Runtime    Last Run
--------------------------------------  -----  ---------  --------  ----------  --------------  -------------------
/opt/airflow/dags/wifi_pipeline_dag.py                           1           0  0.10s           2026-09-18T21:45:33
================================================================================
[2026-09-18T21:46:07.198+0000] {manager.py:879} INFO - 
================================================================================
DAG File Processing Stats

File Path                               PID    Runtime      # DAGs    # Errors  Last Runtime    Last Run
--------------------------------------  -----  ---------  --------  ----------  --------------  -------------------
/opt/airflow/dags/wifi_pipeline_dag.py                           1           0  0.11s           2026-09-18T21:46:04
================================================================================
[2026-09-18T21:46:27.529+0000] {manager.py:451} INFO - Exiting gracefully upon receiving signal 15
[2026-09-22T20:38:44.795+0000] {manager.py:469} INFO - Processing files using up to 2 processes at a time 
[2026-09-22T20:38:44.797+0000] {manager.py:470} INFO - Process each file at most once every 30 seconds
[2026-09-22T20:38:44.798+0000] {manager.py:471} INFO - Checking for new files in /opt/airflow/dags every 300 seconds
[2026-09-22T20:38:44.798+0000] {manager.py:738} INFO - Searching for files in /opt/airflow/dags
[2026-09-22T20:38:44.801+0000] {manager.py:741} INFO - There are 1 files in /opt/airflow/dags
[2026-09-22T20:38:44.940+0000] {manager.py:879} INFO - 
================================================================================
DAG File Processing Stats

File Path                                 PID  Runtime      # DAGs    # Errors  Last Runtime    Last Run
--------------------------------------  -----  ---------  --------  ----------  --------------  ----------
/opt/airflow/dags/wifi_pipeline_dag.py    174  0.07s             0           0
================================================================================
[2026-09-22T20:39:14.108+0000] {manager.py:879} INFO - 
================================================================================
DAG File Processing Stats

File Path                               PID    Runtime      # DAGs    # Errors  Last Runtime    Last Run
--------------------------------------  -----  ---------  --------  ----------  --------------  -------------------
/opt/airflow/dags/wifi_pipeline_dag.py                           1           0  0.48s           2026-09-22T20:38:45
================================================================================
[2026-09-22T20:39:43.761+0000] {manager.py:879} INFO - 
================================================================================
DAG File Processing Stats

File Path                               PID    Runtime      # DAGs    # Errors  Last Runtime    Last Run
--------------------------------------  -----  ---------  --------  ----------  --------------  -------------------
/opt/airflow/dags/wifi_pipeline_dag.py                           1           0  0.16s           2026-09-22T20:39:15
================================================================================
[2026-09-22T20:40:12.954+0000] {manager.py:879} INFO - 
================================================================================
DAG File Processing Stats

File Path                               PID    Runtime      # DAGs    # Errors  Last Runtime    Last Run
--------------------------------------  -----  ---------  --------  ----------  --------------  -------------------
/opt/airflow/dags/wifi_pipeline_dag.py                           1           0  0.13s           2026-09-22T20:39:45
================================================================================
[2026-09-22T20:40:42.328+0000] {manager.py:879} INFO - 
================================================================================
DAG File Processing Stats

File Path                               PID    Runtime      # DAGs    # Errors  Last Runtime    Last Run
--------------------------------------  -----  ---------  --------  ----------  --------------  -------------------
/opt/airflow/dags/wifi_pipeline_dag.py                           1           0  0.13s           2026-09-22T20:40:16
================================================================================
[2026-09-22T20:41:11.714+0000] {manager.py:879} INFO - 
================================================================================
DAG File Processing Stats

File Path                               PID    Runtime      # DAGs    # Errors  Last Runtime    Last Run
--------------------------------------  -----  ---------  --------  ----------  --------------  -------------------
/opt/airflow/dags/wifi_pipeline_dag.py                           1           0  0.12s           2026-09-22T20:40:46
================================================================================
[2026-09-22T20:41:41.044+0000] {manager.py:879} INFO - 
================================================================================
DAG File Processing Stats

File Path                               PID    Runtime      # DAGs    # Errors  Last Runtime    Last Run
--------------------------------------  -----  ---------  --------  ----------  --------------  -------------------
/opt/airflow/dags/wifi_pipeline_dag.py                           1           0  0.12s           2026-09-22T20:41:16
================================================================================
[2026-09-22T20:42:10.315+0000] {manager.py:879} INFO - 
================================================================================
DAG File Processing Stats

File Path                               PID    Runtime      # DAGs    # Errors  Last Runtime    Last Run
--------------------------------------  -----  ---------  --------  ----------  --------------  -------------------
/opt/airflow/dags/wifi_pipeline_dag.py                           1           0  0.11s           2026-09-22T20:41:47
================================================================================
[2026-09-22T20:42:39.547+0000] {manager.py:879} INFO - 
================================================================================
DAG File Processing Stats

File Path                               PID    Runtime      # DAGs    # Errors  Last Runtime    Last Run
--------------------------------------  -----  ---------  --------  ----------  --------------  -------------------
/opt/airflow/dags/wifi_pipeline_dag.py                           1           0  0.11s           2026-09-22T20:42:17
================================================================================
[2026-09-22T20:43:08.927+0000] {manager.py:879} INFO - 
================================================================================
DAG File Processing Stats

File Path                               PID    Runtime      # DAGs    # Errors  Last Runtime    Last Run
--------------------------------------  -----  ---------  --------  ----------  --------------  -------------------
/opt/airflow/dags/wifi_pipeline_dag.py                           1           0  0.10s           2026-09-22T20:42:47
================================================================================
[2026-09-22T20:43:38.192+0000] {manager.py:879} INFO - 
================================================================================
DAG File Processing Stats

File Path                               PID    Runtime      # DAGs    # Errors  Last Runtime    Last Run
--------------------------------------  -----  ---------  --------  ----------  --------------  -------------------
/opt/airflow/dags/wifi_pipeline_dag.py                           1           0  0.11s           2026-09-22T20:43:18
================================================================================
[2026-09-22T20:43:45.250+0000] {manager.py:738} INFO - Searching for files in /opt/airflow/dags
[2026-09-22T20:43:45.251+0000] {manager.py:741} INFO - There are 1 files in /opt/airflow/dags
[2026-09-22T20:44:07.464+0000] {manager.py:879} INFO - 
================================================================================
DAG File Processing Stats

File Path                               PID    Runtime      # DAGs    # Errors  Last Runtime    Last Run
--------------------------------------  -----  ---------  --------  ----------  --------------  -------------------
/opt/airflow/dags/wifi_pipeline_dag.py                           1           0  0.10s           2026-09-22T20:43:48
================================================================================
[2026-09-22T20:44:36.843+0000] {manager.py:879} INFO - 
================================================================================
DAG File Processing Stats

File Path                               PID    Runtime      # DAGs    # Errors  Last Runtime    Last Run
--------------------------------------  -----  ---------  --------  ----------  --------------  -------------------
/opt/airflow/dags/wifi_pipeline_dag.py                           1           0  0.13s           2026-09-22T20:44:18
================================================================================
[2026-09-22T20:45:06.046+0000] {manager.py:879} INFO - 
================================================================================
DAG File Processing Stats

File Path                               PID    Runtime      # DAGs    # Errors  Last Runtime    Last Run
--------------------------------------  -----  ---------  --------  ----------  --------------  -------------------
/opt/airflow/dags/wifi_pipeline_dag.py                           1           0  0.13s           2026-09-22T20:44:49
================================================================================
[2026-09-22T20:45:35.340+0000] {manager.py:879} INFO - 
================================================================================
DAG File Processing Stats

File Path                               PID    Runtime      # DAGs    # Errors  Last Runtime    Last Run
--------------------------------------  -----  ---------  --------  ----------  --------------  -------------------
/opt/airflow/dags/wifi_pipeline_dag.py                           1           0  0.14s           2026-09-22T20:45:19
================================================================================
[2026-09-22T20:46:04.557+0000] {manager.py:879} INFO - 
================================================================================
DAG File Processing Stats

File Path                               PID    Runtime      # DAGs    # Errors  Last Runtime    Last Run
--------------------------------------  -----  ---------  --------  ----------  --------------  -------------------
/opt/airflow/dags/wifi_pipeline_dag.py                           1           0  0.12s           2026-09-22T20:45:49
================================================================================
[2026-09-22T20:46:33.888+0000] {manager.py:879} INFO - 
================================================================================
DAG File Processing Stats

File Path                               PID    Runtime      # DAGs    # Errors  Last Runtime    Last Run
--------------------------------------  -----  ---------  --------  ----------  --------------  -------------------
/opt/airflow/dags/wifi_pipeline_dag.py                           1           0  0.12s           2026-09-22T20:46:19
================================================================================
[2026-09-22T20:47:03.116+0000] {manager.py:879} INFO - 
================================================================================
DAG File Processing Stats

File Path                               PID    Runtime      # DAGs    # Errors  Last Runtime    Last Run
--------------------------------------  -----  ---------  --------  ----------  --------------  -------------------
/opt/airflow/dags/wifi_pipeline_dag.py                           1           0  0.12s           2026-09-22T20:46:50
================================================================================
[2026-09-22T20:47:32.360+0000] {manager.py:879} INFO - 
================================================================================
DAG File Processing Stats

File Path                               PID    Runtime      # DAGs    # Errors  Last Runtime    Last Run
--------------------------------------  -----  ---------  --------  ----------  --------------  -------------------
/opt/airflow/dags/wifi_pipeline_dag.py                           1           0  0.10s           2026-09-22T20:47:20
================================================================================
[2026-09-22T20:48:01.526+0000] {manager.py:879} INFO - 
================================================================================
DAG File Processing Stats

File Path                               PID    Runtime      # DAGs    # Errors  Last Runtime    Last Run
--------------------------------------  -----  ---------  --------  ----------  --------------  -------------------
/opt/airflow/dags/wifi_pipeline_dag.py                           1           0  0.13s           2026-09-22T20:47:50
================================================================================
[2026-09-22T20:48:30.818+0000] {manager.py:879} INFO - 
================================================================================
DAG File Processing Stats

File Path                               PID    Runtime      # DAGs    # Errors  Last Runtime    Last Run
--------------------------------------  -----  ---------  --------  ----------  --------------  -------------------
/opt/airflow/dags/wifi_pipeline_dag.py                           1           0  0.14s           2026-09-22T20:48:20
================================================================================
[2026-09-22T20:48:45.876+0000] {manager.py:738} INFO - Searching for files in /opt/airflow/dags
[2026-09-22T20:48:45.877+0000] {manager.py:741} INFO - There are 1 files in /opt/airflow/dags
[2026-09-22T20:48:59.982+0000] {manager.py:879} INFO - 
================================================================================
DAG File Processing Stats

File Path                               PID    Runtime      # DAGs    # Errors  Last Runtime    Last Run
--------------------------------------  -----  ---------  --------  ----------  --------------  -------------------
/opt/airflow/dags/wifi_pipeline_dag.py                           1           0  0.12s           2026-09-22T20:48:51
================================================================================
[2026-09-22T20:49:29.140+0000] {manager.py:879} INFO - 
================================================================================
DAG File Processing Stats

File Path                               PID    Runtime      # DAGs    # Errors  Last Runtime    Last Run
--------------------------------------  -----  ---------  --------  ----------  --------------  -------------------
/opt/airflow/dags/wifi_pipeline_dag.py                           1           0  0.17s           2026-09-22T20:49:21
================================================================================
[2026-09-22T20:49:58.449+0000] {manager.py:879} INFO - 
================================================================================
DAG File Processing Stats

File Path                               PID    Runtime      # DAGs    # Errors  Last Runtime    Last Run
--------------------------------------  -----  ---------  --------  ----------  --------------  -------------------
/opt/airflow/dags/wifi_pipeline_dag.py                           1           0  0.22s           2026-09-22T20:49:51
================================================================================
[2026-09-22T20:50:27.730+0000] {manager.py:879} INFO - 
================================================================================
DAG File Processing Stats

File Path                               PID    Runtime      # DAGs    # Errors  Last Runtime    Last Run
--------------------------------------  -----  ---------  --------  ----------  --------------  -------------------
/opt/airflow/dags/wifi_pipeline_dag.py                           1           0  0.13s           2026-09-22T20:50:21
================================================================================
[2026-09-22T20:50:56.968+0000] {manager.py:879} INFO - 
================================================================================
DAG File Processing Stats

File Path                               PID    Runtime      # DAGs    # Errors  Last Runtime    Last Run
--------------------------------------  -----  ---------  --------  ----------  --------------  -------------------
/opt/airflow/dags/wifi_pipeline_dag.py                           1           0  0.15s           2026-09-22T20:50:52
================================================================================
[2026-09-22T20:51:26.201+0000] {manager.py:879} INFO - 
================================================================================
DAG File Processing Stats

File Path                               PID    Runtime      # DAGs    # Errors  Last Runtime    Last Run
--------------------------------------  -----  ---------  --------  ----------  --------------  -------------------
/opt/airflow/dags/wifi_pipeline_dag.py                           1           0  0.12s           2026-09-22T20:51:22
================================================================================
[2026-09-22T20:51:55.422+0000] {manager.py:879} INFO - 
================================================================================
DAG File Processing Stats

File Path                               PID    Runtime      # DAGs    # Errors  Last Runtime    Last Run
--------------------------------------  -----  ---------  --------  ----------  --------------  -------------------
/opt/airflow/dags/wifi_pipeline_dag.py                           1           0  0.12s           2026-09-22T20:51:52
================================================================================
[2026-09-22T20:52:24.659+0000] {manager.py:879} INFO - 
================================================================================
DAG File Processing Stats

File Path                               PID    Runtime      # DAGs    # Errors  Last Runtime    Last Run
--------------------------------------  -----  ---------  --------  ----------  --------------  -------------------
/opt/airflow/dags/wifi_pipeline_dag.py                           1           0  0.12s           2026-09-22T20:52:22
================================================================================
[2026-09-22T20:52:53.901+0000] {manager.py:879} INFO - 
================================================================================
DAG File Processing Stats

File Path                               PID    Runtime      # DAGs    # Errors  Last Runtime    Last Run
--------------------------------------  -----  ---------  --------  ----------  --------------  -------------------
/opt/airflow/dags/wifi_pipeline_dag.py                           1           0  0.11s           2026-09-22T20:52:52
================================================================================
[2026-09-22T20:53:23.306+0000] {manager.py:879} INFO - 
================================================================================
DAG File Processing Stats

File Path                                 PID  Runtime      # DAGs    # Errors  Last Runtime    Last Run
--------------------------------------  -----  ---------  --------  ----------  --------------  -------------------
/opt/airflow/dags/wifi_pipeline_dag.py    882  0.01s             1           0  0.11s           2026-09-22T20:52:52
================================================================================
[2026-09-22T20:53:46.459+0000] {manager.py:738} INFO - Searching for files in /opt/airflow/dags
[2026-09-22T20:53:46.460+0000] {manager.py:741} INFO - There are 1 files in /opt/airflow/dags
[2026-09-22T20:53:52.504+0000] {manager.py:879} INFO - 
================================================================================
DAG File Processing Stats

File Path                               PID    Runtime      # DAGs    # Errors  Last Runtime    Last Run
--------------------------------------  -----  ---------  --------  ----------  --------------  -------------------
/opt/airflow/dags/wifi_pipeline_dag.py                           1           0  0.10s           2026-09-22T20:53:23
================================================================================
[2026-09-22T20:54:21.722+0000] {manager.py:879} INFO - 
================================================================================
DAG File Processing Stats

File Path                               PID    Runtime      # DAGs    # Errors  Last Runtime    Last Run
--------------------------------------  -----  ---------  --------  ----------  --------------  -------------------
/opt/airflow/dags/wifi_pipeline_dag.py                           1           0  0.11s           2026-09-22T20:53:53
================================================================================
[2026-09-22T20:54:50.923+0000] {manager.py:879} INFO - 
================================================================================
DAG File Processing Stats

File Path                               PID    Runtime      # DAGs    # Errors  Last Runtime    Last Run
--------------------------------------  -----  ---------  --------  ----------  --------------  -------------------
/opt/airflow/dags/wifi_pipeline_dag.py                           1           0  0.11s           2026-09-22T20:54:23
================================================================================
[2026-09-22T20:55:20.202+0000] {manager.py:879} INFO - 
================================================================================
DAG File Processing Stats

File Path                               PID    Runtime      # DAGs    # Errors  Last Runtime    Last Run
--------------------------------------  -----  ---------  --------  ----------  --------------  -------------------
/opt/airflow/dags/wifi_pipeline_dag.py                           1           0  0.10s           2026-09-22T20:54:54
================================================================================
[2026-09-22T20:55:49.350+0000] {manager.py:879} INFO - 
================================================================================
DAG File Processing Stats

File Path                               PID    Runtime      # DAGs    # Errors  Last Runtime    Last Run
--------------------------------------  -----  ---------  --------  ----------  --------------  -------------------
/opt/airflow/dags/wifi_pipeline_dag.py                           1           0  0.12s           2026-09-22T20:55:24
================================================================================
[2026-09-22T20:56:18.611+0000] {manager.py:879} INFO - 
================================================================================
DAG File Processing Stats

File Path                               PID    Runtime      # DAGs    # Errors  Last Runtime    Last Run
--------------------------------------  -----  ---------  --------  ----------  --------------  -------------------
/opt/airflow/dags/wifi_pipeline_dag.py                           1           0  0.11s           2026-09-22T20:55:54
================================================================================
[2026-09-22T20:56:47.840+0000] {manager.py:879} INFO - 
================================================================================
DAG File Processing Stats

File Path                               PID    Runtime      # DAGs    # Errors  Last Runtime    Last Run
--------------------------------------  -----  ---------  --------  ----------  --------------  -------------------
/opt/airflow/dags/wifi_pipeline_dag.py                           1           0  0.13s           2026-09-22T20:56:24
================================================================================
[2026-09-22T20:57:17.071+0000] {manager.py:879} INFO - 
================================================================================
DAG File Processing Stats

File Path                               PID    Runtime      # DAGs    # Errors  Last Runtime    Last Run
--------------------------------------  -----  ---------  --------  ----------  --------------  -------------------
/opt/airflow/dags/wifi_pipeline_dag.py                           1           0  0.15s           2026-09-22T20:56:55
================================================================================
[2026-09-22T20:57:46.237+0000] {manager.py:879} INFO - 
================================================================================
DAG File Processing Stats

File Path                               PID    Runtime      # DAGs    # Errors  Last Runtime    Last Run
--------------------------------------  -----  ---------  --------  ----------  --------------  -------------------
/opt/airflow/dags/wifi_pipeline_dag.py                           1           0  0.11s           2026-09-22T20:57:25
================================================================================
[2026-09-22T20:58:15.470+0000] {manager.py:879} INFO - 
================================================================================
DAG File Processing Stats

File Path                               PID    Runtime      # DAGs    # Errors  Last Runtime    Last Run
--------------------------------------  -----  ---------  --------  ----------  --------------  -------------------
/opt/airflow/dags/wifi_pipeline_dag.py                           1           0  0.14s           2026-09-22T20:57:55
================================================================================
[2026-09-22T20:58:44.810+0000] {manager.py:879} INFO - 
================================================================================
DAG File Processing Stats

File Path                               PID    Runtime      # DAGs    # Errors  Last Runtime    Last Run
--------------------------------------  -----  ---------  --------  ----------  --------------  -------------------
/opt/airflow/dags/wifi_pipeline_dag.py                           1           0  0.13s           2026-09-22T20:58:25
================================================================================
[2026-09-22T20:58:46.823+0000] {manager.py:738} INFO - Searching for files in /opt/airflow/dags
[2026-09-22T20:58:46.825+0000] {manager.py:741} INFO - There are 1 files in /opt/airflow/dags
[2026-09-22T20:59:14.152+0000] {manager.py:879} INFO - 
================================================================================
DAG File Processing Stats

File Path                               PID    Runtime      # DAGs    # Errors  Last Runtime    Last Run
--------------------------------------  -----  ---------  --------  ----------  --------------  -------------------
/opt/airflow/dags/wifi_pipeline_dag.py                           1           0  0.13s           2026-09-22T20:58:56
================================================================================
[2026-09-22T20:59:43.376+0000] {manager.py:879} INFO - 
================================================================================
DAG File Processing Stats

File Path                               PID    Runtime      # DAGs    # Errors  Last Runtime    Last Run
--------------------------------------  -----  ---------  --------  ----------  --------------  -------------------
/opt/airflow/dags/wifi_pipeline_dag.py                           1           0  0.23s           2026-09-22T20:59:26
================================================================================
[2026-09-22T21:00:12.678+0000] {manager.py:879} INFO - 
================================================================================
DAG File Processing Stats

File Path                               PID    Runtime      # DAGs    # Errors  Last Runtime    Last Run
--------------------------------------  -----  ---------  --------  ----------  --------------  -------------------
/opt/airflow/dags/wifi_pipeline_dag.py                           1           0  0.12s           2026-09-22T20:59:56
================================================================================
[2026-09-22T21:00:41.937+0000] {manager.py:879} INFO - 
================================================================================
DAG File Processing Stats

File Path                               PID    Runtime      # DAGs    # Errors  Last Runtime    Last Run
--------------------------------------  -----  ---------  --------  ----------  --------------  -------------------
/opt/airflow/dags/wifi_pipeline_dag.py                           1           0  0.14s           2026-09-22T21:00:26
================================================================================
[2026-09-22T21:01:11.311+0000] {manager.py:879} INFO - 
================================================================================
DAG File Processing Stats

File Path                               PID    Runtime      # DAGs    # Errors  Last Runtime    Last Run
--------------------------------------  -----  ---------  --------  ----------  --------------  -------------------
/opt/airflow/dags/wifi_pipeline_dag.py                           1           0  0.14s           2026-09-22T21:00:57
================================================================================
[2026-09-22T21:01:40.638+0000] {manager.py:879} INFO - 
================================================================================
DAG File Processing Stats

File Path                               PID    Runtime      # DAGs    # Errors  Last Runtime    Last Run
--------------------------------------  -----  ---------  --------  ----------  --------------  -------------------
/opt/airflow/dags/wifi_pipeline_dag.py                           1           0  0.13s           2026-09-22T21:01:27
================================================================================
[2026-09-22T21:02:09.861+0000] {manager.py:879} INFO - 
================================================================================
DAG File Processing Stats

File Path                               PID    Runtime      # DAGs    # Errors  Last Runtime    Last Run
--------------------------------------  -----  ---------  --------  ----------  --------------  -------------------
/opt/airflow/dags/wifi_pipeline_dag.py                           1           0  0.12s           2026-09-22T21:01:57
================================================================================
[2026-09-22T21:03:23.944+0000] {manager.py:469} INFO - Processing files using up to 2 processes at a time 
[2026-09-22T21:03:23.945+0000] {manager.py:470} INFO - Process each file at most once every 30 seconds
[2026-09-22T21:03:23.945+0000] {manager.py:471} INFO - Checking for new files in /opt/airflow/dags every 300 seconds
[2026-09-22T21:03:23.946+0000] {manager.py:738} INFO - Searching for files in /opt/airflow/dags
[2026-09-22T21:03:23.947+0000] {manager.py:741} INFO - There are 1 files in /opt/airflow/dags
[2026-09-22T21:03:24.050+0000] {manager.py:879} INFO - 
================================================================================
DAG File Processing Stats

File Path                                 PID  Runtime      # DAGs    # Errors  Last Runtime    Last Run
--------------------------------------  -----  ---------  --------  ----------  --------------  ----------
/opt/airflow/dags/wifi_pipeline_dag.py    174  0.05s             0           0
================================================================================
[2026-09-22T21:03:53.162+0000] {manager.py:879} INFO - 
================================================================================
DAG File Processing Stats

File Path                               PID    Runtime      # DAGs    # Errors  Last Runtime    Last Run
--------------------------------------  -----  ---------  --------  ----------  --------------  -------------------
/opt/airflow/dags/wifi_pipeline_dag.py                           1           0  0.44s           2026-09-22T21:03:24
================================================================================
[2026-09-22T21:04:22.892+0000] {manager.py:879} INFO - 
================================================================================
DAG File Processing Stats

File Path                               PID    Runtime      # DAGs    # Errors  Last Runtime    Last Run
--------------------------------------  -----  ---------  --------  ----------  --------------  -------------------
/opt/airflow/dags/wifi_pipeline_dag.py                           1           0  0.16s           2026-09-22T21:03:54
================================================================================
[2026-09-22T21:04:52.139+0000] {manager.py:879} INFO - 
================================================================================
DAG File Processing Stats

File Path                               PID    Runtime      # DAGs    # Errors  Last Runtime    Last Run
--------------------------------------  -----  ---------  --------  ----------  --------------  -------------------
/opt/airflow/dags/wifi_pipeline_dag.py                           1           0  0.14s           2026-09-22T21:04:25
================================================================================
[2026-09-22T21:05:21.546+0000] {manager.py:879} INFO - 
================================================================================
DAG File Processing Stats

File Path                               PID    Runtime      # DAGs    # Errors  Last Runtime    Last Run
--------------------------------------  -----  ---------  --------  ----------  --------------  -------------------
/opt/airflow/dags/wifi_pipeline_dag.py                           1           0  0.14s           2026-09-22T21:04:55
================================================================================
[2026-09-22T21:05:50.729+0000] {manager.py:879} INFO - 
================================================================================
DAG File Processing Stats

File Path                               PID    Runtime      # DAGs    # Errors  Last Runtime    Last Run
--------------------------------------  -----  ---------  --------  ----------  --------------  -------------------
/opt/airflow/dags/wifi_pipeline_dag.py                           1           0  0.15s           2026-09-22T21:05:25
================================================================================
[2026-09-22T21:06:19.871+0000] {manager.py:879} INFO - 
================================================================================
DAG File Processing Stats

File Path                               PID    Runtime      # DAGs    # Errors  Last Runtime    Last Run
--------------------------------------  -----  ---------  --------  ----------  --------------  -------------------
/opt/airflow/dags/wifi_pipeline_dag.py                           1           0  0.12s           2026-09-22T21:05:55
================================================================================
[2026-09-22T21:06:49.130+0000] {manager.py:879} INFO - 
================================================================================
DAG File Processing Stats

File Path                               PID    Runtime      # DAGs    # Errors  Last Runtime    Last Run
--------------------------------------  -----  ---------  --------  ----------  --------------  -------------------
/opt/airflow/dags/wifi_pipeline_dag.py                           1           0  0.15s           2026-09-22T21:06:26
================================================================================
[2026-09-22T21:07:18.325+0000] {manager.py:879} INFO - 
================================================================================
DAG File Processing Stats

File Path                               PID    Runtime      # DAGs    # Errors  Last Runtime    Last Run
--------------------------------------  -----  ---------  --------  ----------  --------------  -------------------
/opt/airflow/dags/wifi_pipeline_dag.py                           1           0  0.12s           2026-09-22T21:06:56
================================================================================
[2026-09-22T21:07:47.545+0000] {manager.py:879} INFO - 
================================================================================
DAG File Processing Stats

File Path                               PID    Runtime      # DAGs    # Errors  Last Runtime    Last Run
--------------------------------------  -----  ---------  --------  ----------  --------------  -------------------
/opt/airflow/dags/wifi_pipeline_dag.py                           1           0  0.10s           2026-09-22T21:07:26
================================================================================
[2026-09-22T21:08:16.814+0000] {manager.py:879} INFO - 
================================================================================
DAG File Processing Stats

File Path                               PID    Runtime      # DAGs    # Errors  Last Runtime    Last Run
--------------------------------------  -----  ---------  --------  ----------  --------------  -------------------
/opt/airflow/dags/wifi_pipeline_dag.py                           1           0  0.13s           2026-09-22T21:07:56
================================================================================
[2026-09-22T21:08:24.851+0000] {manager.py:738} INFO - Searching for files in /opt/airflow/dags
[2026-09-22T21:08:24.853+0000] {manager.py:741} INFO - There are 1 files in /opt/airflow/dags
[2026-09-22T21:08:46.033+0000] {manager.py:879} INFO - 
================================================================================
DAG File Processing Stats

File Path                               PID    Runtime      # DAGs    # Errors  Last Runtime    Last Run
--------------------------------------  -----  ---------  --------  ----------  --------------  -------------------
/opt/airflow/dags/wifi_pipeline_dag.py                           1           0  0.12s           2026-09-22T21:08:27
================================================================================
[2026-09-22T21:09:15.192+0000] {manager.py:879} INFO - 
================================================================================
DAG File Processing Stats

File Path                               PID    Runtime      # DAGs    # Errors  Last Runtime    Last Run
--------------------------------------  -----  ---------  --------  ----------  --------------  -------------------
/opt/airflow/dags/wifi_pipeline_dag.py                           1           0  0.10s           2026-09-22T21:08:57
================================================================================
[2026-09-22T21:09:44.297+0000] {manager.py:879} INFO - 
================================================================================
DAG File Processing Stats

File Path                               PID    Runtime      # DAGs    # Errors  Last Runtime    Last Run
--------------------------------------  -----  ---------  --------  ----------  --------------  -------------------
/opt/airflow/dags/wifi_pipeline_dag.py                           1           0  0.13s           2026-09-22T21:09:28
================================================================================
[2026-09-22T21:10:13.499+0000] {manager.py:879} INFO - 
================================================================================
DAG File Processing Stats

File Path                               PID    Runtime      # DAGs    # Errors  Last Runtime    Last Run
--------------------------------------  -----  ---------  --------  ----------  --------------  -------------------
/opt/airflow/dags/wifi_pipeline_dag.py                           1           0  0.11s           2026-09-22T21:09:58
================================================================================
[2026-09-22T21:10:42.726+0000] {manager.py:879} INFO - 
================================================================================
DAG File Processing Stats

File Path                               PID    Runtime      # DAGs    # Errors  Last Runtime    Last Run
--------------------------------------  -----  ---------  --------  ----------  --------------  -------------------
/opt/airflow/dags/wifi_pipeline_dag.py                           1           0  0.11s           2026-09-22T21:10:28
================================================================================
[2026-09-22T21:11:12.017+0000] {manager.py:879} INFO - 
================================================================================
DAG File Processing Stats

File Path                               PID    Runtime      # DAGs    # Errors  Last Runtime    Last Run
--------------------------------------  -----  ---------  --------  ----------  --------------  -------------------
/opt/airflow/dags/wifi_pipeline_dag.py                           1           0  0.12s           2026-09-22T21:10:59
================================================================================
[2026-09-22T21:11:41.154+0000] {manager.py:879} INFO - 
================================================================================
DAG File Processing Stats

File Path                               PID    Runtime      # DAGs    # Errors  Last Runtime    Last Run
--------------------------------------  -----  ---------  --------  ----------  --------------  -------------------
/opt/airflow/dags/wifi_pipeline_dag.py                           1           0  0.14s           2026-09-22T21:11:29
================================================================================
[2026-09-22T21:12:10.340+0000] {manager.py:879} INFO - 
================================================================================
DAG File Processing Stats

File Path                               PID    Runtime      # DAGs    # Errors  Last Runtime    Last Run
--------------------------------------  -----  ---------  --------  ----------  --------------  -------------------
/opt/airflow/dags/wifi_pipeline_dag.py                           1           0  0.11s           2026-09-22T21:11:59
================================================================================
[2026-09-22T21:12:39.405+0000] {manager.py:879} INFO - 
================================================================================
DAG File Processing Stats

File Path                               PID    Runtime      # DAGs    # Errors  Last Runtime    Last Run
--------------------------------------  -----  ---------  --------  ----------  --------------  -------------------
/opt/airflow/dags/wifi_pipeline_dag.py                           1           0  0.10s           2026-09-22T21:12:29
================================================================================
[2026-09-22T21:13:08.551+0000] {manager.py:879} INFO - 
================================================================================
DAG File Processing Stats

File Path                               PID    Runtime      # DAGs    # Errors  Last Runtime    Last Run
--------------------------------------  -----  ---------  --------  ----------  --------------  -------------------
/opt/airflow/dags/wifi_pipeline_dag.py                           1           0  0.11s           2026-09-22T21:12:59
================================================================================
[2026-09-22T21:13:25.660+0000] {manager.py:738} INFO - Searching for files in /opt/airflow/dags
[2026-09-22T21:13:25.661+0000] {manager.py:741} INFO - There are 1 files in /opt/airflow/dags
[2026-09-22T21:13:37.779+0000] {manager.py:879} INFO - 
================================================================================
DAG File Processing Stats

File Path                               PID    Runtime      # DAGs    # Errors  Last Runtime    Last Run
--------------------------------------  -----  ---------  --------  ----------  --------------  -------------------
/opt/airflow/dags/wifi_pipeline_dag.py                           1           0  0.15s           2026-09-22T21:13:29
================================================================================
[2026-09-22T21:14:06.929+0000] {manager.py:879} INFO - 
================================================================================
DAG File Processing Stats

File Path                               PID    Runtime      # DAGs    # Errors  Last Runtime    Last Run
--------------------------------------  -----  ---------  --------  ----------  --------------  -------------------
/opt/airflow/dags/wifi_pipeline_dag.py                           1           0  0.10s           2026-09-22T21:13:59
================================================================================
[2026-09-22T21:14:36.095+0000] {manager.py:879} INFO - 
================================================================================
DAG File Processing Stats

File Path                               PID    Runtime      # DAGs    # Errors  Last Runtime    Last Run
--------------------------------------  -----  ---------  --------  ----------  --------------  -------------------
/opt/airflow/dags/wifi_pipeline_dag.py                           1           0  0.11s           2026-09-22T21:14:30
================================================================================
[2026-09-22T21:15:05.296+0000] {manager.py:879} INFO - 
================================================================================
DAG File Processing Stats

File Path                               PID    Runtime      # DAGs    # Errors  Last Runtime    Last Run
--------------------------------------  -----  ---------  --------  ----------  --------------  -------------------
/opt/airflow/dags/wifi_pipeline_dag.py                           1           0  0.15s           2026-09-22T21:15:00
================================================================================
[2026-09-22T21:15:34.571+0000] {manager.py:879} INFO - 
================================================================================
DAG File Processing Stats

File Path                               PID    Runtime      # DAGs    # Errors  Last Runtime    Last Run
--------------------------------------  -----  ---------  --------  ----------  --------------  -------------------
/opt/airflow/dags/wifi_pipeline_dag.py                           1           0  0.11s           2026-09-22T21:15:30
================================================================================
[2026-09-22T21:16:03.668+0000] {manager.py:879} INFO - 
================================================================================
DAG File Processing Stats

File Path                               PID    Runtime      # DAGs    # Errors  Last Runtime    Last Run
--------------------------------------  -----  ---------  --------  ----------  --------------  -------------------
/opt/airflow/dags/wifi_pipeline_dag.py                           1           0  0.11s           2026-09-22T21:16:00
================================================================================
[2026-09-22T21:16:32.885+0000] {manager.py:879} INFO - 
================================================================================
DAG File Processing Stats

File Path                               PID    Runtime      # DAGs    # Errors  Last Runtime    Last Run
--------------------------------------  -----  ---------  --------  ----------  --------------  -------------------
/opt/airflow/dags/wifi_pipeline_dag.py                           1           0  0.11s           2026-09-22T21:16:30
================================================================================
[2026-09-22T21:17:01.971+0000] {manager.py:879} INFO - 
================================================================================
DAG File Processing Stats

File Path                                 PID  Runtime      # DAGs    # Errors  Last Runtime    Last Run
--------------------------------------  -----  ---------  --------  ----------  --------------  -------------------
/opt/airflow/dags/wifi_pipeline_dag.py    871  0.01s             1           0  0.11s           2026-09-22T21:16:30
================================================================================
[2026-09-22T21:17:31.146+0000] {manager.py:879} INFO - 
================================================================================
DAG File Processing Stats

File Path                               PID    Runtime      # DAGs    # Errors  Last Runtime    Last Run
--------------------------------------  -----  ---------  --------  ----------  --------------  -------------------
/opt/airflow/dags/wifi_pipeline_dag.py                           1           0  0.12s           2026-09-22T21:17:02
================================================================================
[2026-09-22T21:18:00.269+0000] {manager.py:879} INFO - 
================================================================================
DAG File Processing Stats

File Path                               PID    Runtime      # DAGs    # Errors  Last Runtime    Last Run
--------------------------------------  -----  ---------  --------  ----------  --------------  -------------------
/opt/airflow/dags/wifi_pipeline_dag.py                           1           0  0.14s           2026-09-22T21:17:32
================================================================================
[2026-09-22T21:18:26.348+0000] {manager.py:738} INFO - Searching for files in /opt/airflow/dags
[2026-09-22T21:18:26.350+0000] {manager.py:741} INFO - There are 1 files in /opt/airflow/dags
[2026-09-22T21:18:29.390+0000] {manager.py:879} INFO - 
================================================================================
DAG File Processing Stats

File Path                               PID    Runtime      # DAGs    # Errors  Last Runtime    Last Run
--------------------------------------  -----  ---------  --------  ----------  --------------  -------------------
/opt/airflow/dags/wifi_pipeline_dag.py                           1           0  0.12s           2026-09-22T21:18:03
================================================================================
[2026-09-22T21:18:58.751+0000] {manager.py:879} INFO - 
================================================================================
DAG File Processing Stats

File Path                               PID    Runtime      # DAGs    # Errors  Last Runtime    Last Run
--------------------------------------  -----  ---------  --------  ----------  --------------  -------------------
/opt/airflow/dags/wifi_pipeline_dag.py                           1           0  0.12s           2026-09-22T21:18:33
================================================================================
[2026-09-22T21:19:27.889+0000] {manager.py:879} INFO - 
================================================================================
DAG File Processing Stats

File Path                               PID    Runtime      # DAGs    # Errors  Last Runtime    Last Run
--------------------------------------  -----  ---------  --------  ----------  --------------  -------------------
/opt/airflow/dags/wifi_pipeline_dag.py                           1           0  -0.34s          2026-09-22T21:19:03
================================================================================
[2026-09-22T21:19:56.980+0000] {manager.py:879} INFO - 
================================================================================
DAG File Processing Stats

File Path                               PID    Runtime      # DAGs    # Errors  Last Runtime    Last Run
--------------------------------------  -----  ---------  --------  ----------  --------------  -------------------
/opt/airflow/dags/wifi_pipeline_dag.py                           1           0  0.11s           2026-09-22T21:19:33
================================================================================
[2026-09-22T21:20:26.112+0000] {manager.py:879} INFO - 
================================================================================
DAG File Processing Stats

File Path                               PID    Runtime      # DAGs    # Errors  Last Runtime    Last Run
--------------------------------------  -----  ---------  --------  ----------  --------------  -------------------
/opt/airflow/dags/wifi_pipeline_dag.py                           1           0  0.11s           2026-09-22T21:20:04
================================================================================
[2026-09-22T21:20:55.254+0000] {manager.py:879} INFO - 
================================================================================
DAG File Processing Stats

File Path                               PID    Runtime      # DAGs    # Errors  Last Runtime    Last Run
--------------------------------------  -----  ---------  --------  ----------  --------------  -------------------
/opt/airflow/dags/wifi_pipeline_dag.py                           1           0  0.12s           2026-09-22T21:20:35
================================================================================
[2026-09-22T21:21:24.352+0000] {manager.py:879} INFO - 
================================================================================
DAG File Processing Stats

File Path                               PID    Runtime      # DAGs    # Errors  Last Runtime    Last Run
--------------------------------------  -----  ---------  --------  ----------  --------------  -------------------
/opt/airflow/dags/wifi_pipeline_dag.py                           1           0  0.12s           2026-09-22T21:21:06
================================================================================
[2026-09-22T21:21:53.476+0000] {manager.py:879} INFO - 
================================================================================
DAG File Processing Stats

File Path                               PID    Runtime      # DAGs    # Errors  Last Runtime    Last Run
--------------------------------------  -----  ---------  --------  ----------  --------------  -------------------
/opt/airflow/dags/wifi_pipeline_dag.py                           1           0  0.12s           2026-09-22T21:21:36
================================================================================
[2026-09-22T21:22:22.638+0000] {manager.py:879} INFO - 
================================================================================
DAG File Processing Stats

File Path                               PID    Runtime      # DAGs    # Errors  Last Runtime    Last Run
--------------------------------------  -----  ---------  --------  ----------  --------------  -------------------
/opt/airflow/dags/wifi_pipeline_dag.py                           1           0  0.13s           2026-09-22T21:22:07
================================================================================
[2026-09-22T21:22:25.390+0000] {manager.py:451} INFO - Exiting gracefully upon receiving signal 15
[2026-09-23T19:09:43.897+0000] {manager.py:469} INFO - Processing files using up to 2 processes at a time 
[2026-09-23T19:09:43.899+0000] {manager.py:470} INFO - Process each file at most once every 30 seconds
[2026-09-23T19:09:43.899+0000] {manager.py:471} INFO - Checking for new files in /opt/airflow/dags every 300 seconds
[2026-09-23T19:09:43.899+0000] {manager.py:738} INFO - Searching for files in /opt/airflow/dags
[2026-09-23T19:09:43.901+0000] {manager.py:741} INFO - There are 1 files in /opt/airflow/dags
[2026-09-23T19:09:43.989+0000] {manager.py:879} INFO - 
================================================================================
DAG File Processing Stats

File Path                                 PID  Runtime      # DAGs    # Errors  Last Runtime    Last Run
--------------------------------------  -----  ---------  --------  ----------  --------------  ----------
/opt/airflow/dags/wifi_pipeline_dag.py    174  0.04s             0           0
================================================================================
[2026-09-23T19:10:14.108+0000] {manager.py:879} INFO - 
================================================================================
DAG File Processing Stats

File Path                                 PID  Runtime      # DAGs    # Errors  Last Runtime    Last Run
--------------------------------------  -----  ---------  --------  ----------  --------------  -------------------
/opt/airflow/dags/wifi_pipeline_dag.py    506  0.01s             1           0  0.14s           2026-09-23T19:09:44
================================================================================
[2026-09-23T19:10:44.280+0000] {manager.py:879} INFO - 
================================================================================
DAG File Processing Stats

File Path                               PID    Runtime      # DAGs    # Errors  Last Runtime    Last Run
--------------------------------------  -----  ---------  --------  ----------  --------------  -------------------
/opt/airflow/dags/wifi_pipeline_dag.py                           1           0  0.23s           2026-09-23T19:10:14
================================================================================
[2026-09-23T19:11:09.079+0000] {manager.py:451} INFO - Exiting gracefully upon receiving signal 15
[2026-09-23T19:11:36.497+0000] {manager.py:469} INFO - Processing files using up to 2 processes at a time 
[2026-09-23T19:11:36.498+0000] {manager.py:470} INFO - Process each file at most once every 30 seconds
[2026-09-23T19:11:36.498+0000] {manager.py:471} INFO - Checking for new files in /opt/airflow/dags every 300 seconds
[2026-09-23T19:11:36.499+0000] {manager.py:738} INFO - Searching for files in /opt/airflow/dags
[2026-09-23T19:11:36.500+0000] {manager.py:741} INFO - There are 1 files in /opt/airflow/dags
[2026-09-23T19:11:36.593+0000] {manager.py:879} INFO - 
================================================================================
DAG File Processing Stats

File Path                                 PID  Runtime      # DAGs    # Errors  Last Runtime    Last Run
--------------------------------------  -----  ---------  --------  ----------  --------------  ----------
/opt/airflow/dags/wifi_pipeline_dag.py    174  0.05s             0           0
================================================================================
[2026-09-23T19:12:06.719+0000] {manager.py:879} INFO - 
================================================================================
DAG File Processing Stats

File Path                                 PID  Runtime      # DAGs    # Errors  Last Runtime    Last Run
--------------------------------------  -----  ---------  --------  ----------  --------------  -------------------
/opt/airflow/dags/wifi_pipeline_dag.py    180  0.01s             1           0  0.14s           2026-09-23T19:11:36
================================================================================
[2026-09-23T19:12:36.873+0000] {manager.py:879} INFO - 
================================================================================
DAG File Processing Stats

File Path                               PID    Runtime      # DAGs    # Errors  Last Runtime    Last Run
--------------------------------------  -----  ---------  --------  ----------  --------------  -------------------
/opt/airflow/dags/wifi_pipeline_dag.py                           1           0  0.26s           2026-09-23T19:12:06
================================================================================
[2026-09-23T19:13:07.150+0000] {manager.py:879} INFO - 
================================================================================
DAG File Processing Stats

File Path                               PID    Runtime      # DAGs    # Errors  Last Runtime    Last Run
--------------------------------------  -----  ---------  --------  ----------  --------------  -------------------
/opt/airflow/dags/wifi_pipeline_dag.py                           1           0  0.11s           2026-09-23T19:12:37
================================================================================
[2026-09-23T19:13:37.352+0000] {manager.py:879} INFO - 
================================================================================
DAG File Processing Stats

File Path                               PID    Runtime      # DAGs    # Errors  Last Runtime    Last Run
--------------------------------------  -----  ---------  --------  ----------  --------------  -------------------
/opt/airflow/dags/wifi_pipeline_dag.py                           1           0  0.13s           2026-09-23T19:13:07
================================================================================
[2026-09-23T19:14:07.573+0000] {manager.py:879} INFO - 
================================================================================
DAG File Processing Stats

File Path                               PID    Runtime      # DAGs    # Errors  Last Runtime    Last Run
--------------------------------------  -----  ---------  --------  ----------  --------------  -------------------
/opt/airflow/dags/wifi_pipeline_dag.py                           1           0  0.13s           2026-09-23T19:13:37
================================================================================
[2026-09-23T19:14:37.832+0000] {manager.py:879} INFO - 
================================================================================
DAG File Processing Stats

File Path                                 PID  Runtime      # DAGs    # Errors  Last Runtime    Last Run
--------------------------------------  -----  ---------  --------  ----------  --------------  -------------------
/opt/airflow/dags/wifi_pipeline_dag.py    205  0.01s             1           0  0.13s           2026-09-23T19:14:07
================================================================================
[2026-09-23T19:15:08.047+0000] {manager.py:879} INFO - 
================================================================================
DAG File Processing Stats

File Path                                 PID  Runtime      # DAGs    # Errors  Last Runtime    Last Run
--------------------------------------  -----  ---------  --------  ----------  --------------  -------------------
/opt/airflow/dags/wifi_pipeline_dag.py    210  0.01s             1           0  0.11s           2026-09-23T19:14:37
================================================================================
[2026-09-23T19:15:38.157+0000] {manager.py:879} INFO - 
================================================================================
DAG File Processing Stats

File Path                                 PID  Runtime      # DAGs    # Errors  Last Runtime    Last Run
--------------------------------------  -----  ---------  --------  ----------  --------------  -------------------
/opt/airflow/dags/wifi_pipeline_dag.py    215  0.01s             1           0  0.11s           2026-09-23T19:15:08
================================================================================
[2026-09-23T19:16:08.366+0000] {manager.py:879} INFO - 
================================================================================
DAG File Processing Stats

File Path                                 PID  Runtime      # DAGs    # Errors  Last Runtime    Last Run
--------------------------------------  -----  ---------  --------  ----------  --------------  -------------------
/opt/airflow/dags/wifi_pipeline_dag.py    220  0.01s             1           0  0.11s           2026-09-23T19:15:38
================================================================================
[2026-09-23T19:16:36.541+0000] {manager.py:738} INFO - Searching for files in /opt/airflow/dags
[2026-09-23T19:16:36.542+0000] {manager.py:741} INFO - There are 1 files in /opt/airflow/dags
[2026-09-23T19:16:38.492+0000] {manager.py:879} INFO - 
================================================================================
DAG File Processing Stats

File Path                                 PID  Runtime      # DAGs    # Errors  Last Runtime    Last Run
--------------------------------------  -----  ---------  --------  ----------  --------------  -------------------
/opt/airflow/dags/wifi_pipeline_dag.py    225  0.01s             1           0  0.12s           2026-09-23T19:16:08
================================================================================
[2026-09-23T19:17:08.673+0000] {manager.py:879} INFO - 
================================================================================
DAG File Processing Stats

File Path                                 PID  Runtime      # DAGs    # Errors  Last Runtime    Last Run
--------------------------------------  -----  ---------  --------  ----------  --------------  -------------------
/opt/airflow/dags/wifi_pipeline_dag.py    230  0.01s             1           0  0.12s           2026-09-23T19:16:38
================================================================================
[2026-09-23T19:17:38.830+0000] {manager.py:879} INFO - 
================================================================================
DAG File Processing Stats

File Path                               PID    Runtime      # DAGs    # Errors  Last Runtime    Last Run
--------------------------------------  -----  ---------  --------  ----------  --------------  -------------------
/opt/airflow/dags/wifi_pipeline_dag.py                           1           0  0.18s           2026-09-23T19:17:08
================================================================================
[2026-09-23T19:18:09.046+0000] {manager.py:879} INFO - 
================================================================================
DAG File Processing Stats

File Path                               PID    Runtime      # DAGs    # Errors  Last Runtime    Last Run
--------------------------------------  -----  ---------  --------  ----------  --------------  -------------------
/opt/airflow/dags/wifi_pipeline_dag.py                           1           0  0.12s           2026-09-23T19:17:39
================================================================================
[2026-09-23T19:18:39.236+0000] {manager.py:879} INFO - 
================================================================================
DAG File Processing Stats

File Path                               PID    Runtime      # DAGs    # Errors  Last Runtime    Last Run
--------------------------------------  -----  ---------  --------  ----------  --------------  -------------------
/opt/airflow/dags/wifi_pipeline_dag.py                           1           0  0.10s           2026-09-23T19:18:09
================================================================================
[2026-09-23T19:19:09.411+0000] {manager.py:879} INFO - 
================================================================================
DAG File Processing Stats

File Path                               PID    Runtime      # DAGs    # Errors  Last Runtime    Last Run
--------------------------------------  -----  ---------  --------  ----------  --------------  -------------------
/opt/airflow/dags/wifi_pipeline_dag.py                           1           0  0.11s           2026-09-23T19:18:39
================================================================================
[2026-09-23T19:19:39.592+0000] {manager.py:879} INFO - 
================================================================================
DAG File Processing Stats

File Path                                 PID  Runtime      # DAGs    # Errors  Last Runtime    Last Run
--------------------------------------  -----  ---------  --------  ----------  --------------  -------------------
/opt/airflow/dags/wifi_pipeline_dag.py    255  0.01s             1           0  0.11s           2026-09-23T19:19:09
================================================================================
[2026-09-23T19:20:09.731+0000] {manager.py:879} INFO - 
================================================================================
DAG File Processing Stats

File Path                                 PID  Runtime      # DAGs    # Errors  Last Runtime    Last Run
--------------------------------------  -----  ---------  --------  ----------  --------------  -------------------
/opt/airflow/dags/wifi_pipeline_dag.py    260  0.01s             1           0  0.11s           2026-09-23T19:19:39
================================================================================
[2026-09-23T19:20:39.830+0000] {manager.py:879} INFO - 
================================================================================
DAG File Processing Stats

File Path                               PID    Runtime      # DAGs    # Errors  Last Runtime    Last Run
--------------------------------------  -----  ---------  --------  ----------  --------------  -------------------
/opt/airflow/dags/wifi_pipeline_dag.py                           1           0  0.12s           2026-09-23T19:20:09
================================================================================
[2026-09-23T19:21:09.989+0000] {manager.py:879} INFO - 
================================================================================
DAG File Processing Stats

File Path                               PID    Runtime      # DAGs    # Errors  Last Runtime    Last Run
--------------------------------------  -----  ---------  --------  ----------  --------------  -------------------
/opt/airflow/dags/wifi_pipeline_dag.py                           1           0  0.11s           2026-09-23T19:20:39
================================================================================
[2026-09-23T19:21:37.151+0000] {manager.py:738} INFO - Searching for files in /opt/airflow/dags
[2026-09-23T19:21:37.153+0000] {manager.py:741} INFO - There are 1 files in /opt/airflow/dags
[2026-09-23T19:21:40.180+0000] {manager.py:879} INFO - 
================================================================================
DAG File Processing Stats

File Path                               PID    Runtime      # DAGs    # Errors  Last Runtime    Last Run
--------------------------------------  -----  ---------  --------  ----------  --------------  -------------------
/opt/airflow/dags/wifi_pipeline_dag.py                           1           0  0.12s           2026-09-23T19:21:10
================================================================================
[2026-09-23T19:22:10.337+0000] {manager.py:879} INFO - 
================================================================================
DAG File Processing Stats

File Path                               PID    Runtime      # DAGs    # Errors  Last Runtime    Last Run
--------------------------------------  -----  ---------  --------  ----------  --------------  -------------------
/opt/airflow/dags/wifi_pipeline_dag.py                           1           0  0.12s           2026-09-23T19:21:40
================================================================================
[2026-09-23T19:22:40.513+0000] {manager.py:879} INFO - 
================================================================================
DAG File Processing Stats

File Path                               PID    Runtime      # DAGs    # Errors  Last Runtime    Last Run
--------------------------------------  -----  ---------  --------  ----------  --------------  -------------------
/opt/airflow/dags/wifi_pipeline_dag.py                           1           0  0.11s           2026-09-23T19:22:10
================================================================================
[2026-09-23T19:23:10.685+0000] {manager.py:879} INFO - 
================================================================================
DAG File Processing Stats

File Path                               PID    Runtime      # DAGs    # Errors  Last Runtime    Last Run
--------------------------------------  -----  ---------  --------  ----------  --------------  -------------------
/opt/airflow/dags/wifi_pipeline_dag.py                           1           0  0.11s           2026-09-23T19:22:40
================================================================================
[2026-09-23T19:23:40.853+0000] {manager.py:879} INFO - 
================================================================================
DAG File Processing Stats

File Path                               PID    Runtime      # DAGs    # Errors  Last Runtime    Last Run
--------------------------------------  -----  ---------  --------  ----------  --------------  -------------------
/opt/airflow/dags/wifi_pipeline_dag.py                           1           0  0.11s           2026-09-23T19:23:10
================================================================================
[2026-09-23T19:24:11.031+0000] {manager.py:879} INFO - 
================================================================================
DAG File Processing Stats

File Path                               PID    Runtime      # DAGs    # Errors  Last Runtime    Last Run
--------------------------------------  -----  ---------  --------  ----------  --------------  -------------------
/opt/airflow/dags/wifi_pipeline_dag.py                           1           0  0.11s           2026-09-23T19:23:41
================================================================================
[2026-09-23T19:24:41.172+0000] {manager.py:879} INFO - 
================================================================================
DAG File Processing Stats

File Path                               PID    Runtime      # DAGs    # Errors  Last Runtime    Last Run
--------------------------------------  -----  ---------  --------  ----------  --------------  -------------------
/opt/airflow/dags/wifi_pipeline_dag.py                           1           0  0.11s           2026-09-23T19:24:11
================================================================================
[2026-09-23T19:25:11.339+0000] {manager.py:879} INFO - 
================================================================================
DAG File Processing Stats

File Path                               PID    Runtime      # DAGs    # Errors  Last Runtime    Last Run
--------------------------------------  -----  ---------  --------  ----------  --------------  -------------------
/opt/airflow/dags/wifi_pipeline_dag.py                           1           0  0.11s           2026-09-23T19:24:41
================================================================================
[2026-09-23T19:25:41.495+0000] {manager.py:879} INFO - 
================================================================================
DAG File Processing Stats

File Path                               PID    Runtime      # DAGs    # Errors  Last Runtime    Last Run
--------------------------------------  -----  ---------  --------  ----------  --------------  -------------------
/opt/airflow/dags/wifi_pipeline_dag.py                           1           0  0.13s           2026-09-23T19:25:11
================================================================================
[2026-09-23T19:26:11.663+0000] {manager.py:879} INFO - 
================================================================================
DAG File Processing Stats

File Path                               PID    Runtime      # DAGs    # Errors  Last Runtime    Last Run
--------------------------------------  -----  ---------  --------  ----------  --------------  -------------------
/opt/airflow/dags/wifi_pipeline_dag.py                           1           0  0.12s           2026-09-23T19:25:41
================================================================================
[2026-09-23T19:26:37.812+0000] {manager.py:738} INFO - Searching for files in /opt/airflow/dags
[2026-09-23T19:26:37.814+0000] {manager.py:741} INFO - There are 1 files in /opt/airflow/dags
[2026-09-23T19:26:41.840+0000] {manager.py:879} INFO - 
================================================================================
DAG File Processing Stats

File Path                               PID    Runtime      # DAGs    # Errors  Last Runtime    Last Run
--------------------------------------  -----  ---------  --------  ----------  --------------  -------------------
/opt/airflow/dags/wifi_pipeline_dag.py                           1           0  0.21s           2026-09-23T19:26:11
================================================================================
[2026-09-23T19:27:12.121+0000] {manager.py:879} INFO - 
================================================================================
DAG File Processing Stats

File Path                               PID    Runtime      # DAGs    # Errors  Last Runtime    Last Run
--------------------------------------  -----  ---------  --------  ----------  --------------  -------------------
/opt/airflow/dags/wifi_pipeline_dag.py                           1           0  0.10s           2026-09-23T19:26:42
================================================================================
[2026-09-23T19:27:42.288+0000] {manager.py:879} INFO - 
================================================================================
DAG File Processing Stats

File Path                               PID    Runtime      # DAGs    # Errors  Last Runtime    Last Run
--------------------------------------  -----  ---------  --------  ----------  --------------  -------------------
/opt/airflow/dags/wifi_pipeline_dag.py                           1           0  0.12s           2026-09-23T19:27:12
================================================================================
[2026-09-23T19:28:12.468+0000] {manager.py:879} INFO - 
================================================================================
DAG File Processing Stats

File Path                               PID    Runtime      # DAGs    # Errors  Last Runtime    Last Run
--------------------------------------  -----  ---------  --------  ----------  --------------  -------------------
/opt/airflow/dags/wifi_pipeline_dag.py                           1           0  0.13s           2026-09-23T19:27:42
================================================================================
[2026-09-23T19:28:42.650+0000] {manager.py:879} INFO - 
================================================================================
DAG File Processing Stats

File Path                               PID    Runtime      # DAGs    # Errors  Last Runtime    Last Run
--------------------------------------  -----  ---------  --------  ----------  --------------  -------------------
/opt/airflow/dags/wifi_pipeline_dag.py                           1           0  0.11s           2026-09-23T19:28:12
================================================================================
[2026-09-23T19:29:12.804+0000] {manager.py:879} INFO - 
================================================================================
DAG File Processing Stats

File Path                               PID    Runtime      # DAGs    # Errors  Last Runtime    Last Run
--------------------------------------  -----  ---------  --------  ----------  --------------  -------------------
/opt/airflow/dags/wifi_pipeline_dag.py                           1           0  0.16s           2026-09-23T19:28:42
================================================================================
[2026-09-23T19:29:43.046+0000] {manager.py:879} INFO - 
================================================================================
DAG File Processing Stats

File Path                               PID    Runtime      # DAGs    # Errors  Last Runtime    Last Run
--------------------------------------  -----  ---------  --------  ----------  --------------  -------------------
/opt/airflow/dags/wifi_pipeline_dag.py                           1           0  0.14s           2026-09-23T19:29:13
================================================================================
[2026-09-23T19:30:13.218+0000] {manager.py:879} INFO - 
================================================================================
DAG File Processing Stats

File Path                               PID    Runtime      # DAGs    # Errors  Last Runtime    Last Run
--------------------------------------  -----  ---------  --------  ----------  --------------  -------------------
/opt/airflow/dags/wifi_pipeline_dag.py                           1           0  0.11s           2026-09-23T19:29:43
================================================================================
[2026-09-23T19:30:43.397+0000] {manager.py:879} INFO - 
================================================================================
DAG File Processing Stats

File Path                               PID    Runtime      # DAGs    # Errors  Last Runtime    Last Run
--------------------------------------  -----  ---------  --------  ----------  --------------  -------------------
/opt/airflow/dags/wifi_pipeline_dag.py                           1           0  0.12s           2026-09-23T19:30:13
================================================================================
[2026-09-23T19:31:13.567+0000] {manager.py:879} INFO - 
================================================================================
DAG File Processing Stats

File Path                               PID    Runtime      # DAGs    # Errors  Last Runtime    Last Run
--------------------------------------  -----  ---------  --------  ----------  --------------  -------------------
/opt/airflow/dags/wifi_pipeline_dag.py                           1           0  0.13s           2026-09-23T19:30:43
================================================================================
[2026-09-23T19:31:37.816+0000] {manager.py:738} INFO - Searching for files in /opt/airflow/dags
[2026-09-23T19:31:37.817+0000] {manager.py:741} INFO - There are 1 files in /opt/airflow/dags
[2026-09-23T19:31:43.756+0000] {manager.py:879} INFO - 
================================================================================
DAG File Processing Stats

File Path                               PID    Runtime      # DAGs    # Errors  Last Runtime    Last Run
--------------------------------------  -----  ---------  --------  ----------  --------------  -------------------
/opt/airflow/dags/wifi_pipeline_dag.py                           1           0  0.11s           2026-09-23T19:31:13
================================================================================
[2026-09-23T19:32:13.935+0000] {manager.py:879} INFO - 
================================================================================
DAG File Processing Stats

File Path                               PID    Runtime      # DAGs    # Errors  Last Runtime    Last Run
--------------------------------------  -----  ---------  --------  ----------  --------------  -------------------
/opt/airflow/dags/wifi_pipeline_dag.py                           1           0  0.11s           2026-09-23T19:31:43
================================================================================
[2026-09-23T19:32:44.125+0000] {manager.py:879} INFO - 
================================================================================
DAG File Processing Stats

File Path                               PID    Runtime      # DAGs    # Errors  Last Runtime    Last Run
--------------------------------------  -----  ---------  --------  ----------  --------------  -------------------
/opt/airflow/dags/wifi_pipeline_dag.py                           1           0  0.12s           2026-09-23T19:32:14
================================================================================
[2026-09-23T19:33:14.306+0000] {manager.py:879} INFO - 
================================================================================
DAG File Processing Stats

File Path                               PID    Runtime      # DAGs    # Errors  Last Runtime    Last Run
--------------------------------------  -----  ---------  --------  ----------  --------------  -------------------
/opt/airflow/dags/wifi_pipeline_dag.py                           1           0  0.11s           2026-09-23T19:32:44
================================================================================
[2026-09-23T19:33:44.449+0000] {manager.py:879} INFO - 
================================================================================
DAG File Processing Stats

File Path                               PID    Runtime      # DAGs    # Errors  Last Runtime    Last Run
--------------------------------------  -----  ---------  --------  ----------  --------------  -------------------
/opt/airflow/dags/wifi_pipeline_dag.py                           1           0  0.11s           2026-09-23T19:33:14
================================================================================
[2026-09-23T19:34:14.595+0000] {manager.py:879} INFO - 
================================================================================
DAG File Processing Stats

File Path                               PID    Runtime      # DAGs    # Errors  Last Runtime    Last Run
--------------------------------------  -----  ---------  --------  ----------  --------------  -------------------
/opt/airflow/dags/wifi_pipeline_dag.py                           1           0  0.10s           2026-09-23T19:33:44
================================================================================
[2026-09-23T19:34:44.770+0000] {manager.py:879} INFO - 
================================================================================
DAG File Processing Stats

File Path                               PID    Runtime      # DAGs    # Errors  Last Runtime    Last Run
--------------------------------------  -----  ---------  --------  ----------  --------------  -------------------
/opt/airflow/dags/wifi_pipeline_dag.py                           1           0  0.11s           2026-09-23T19:34:14
================================================================================
[2026-09-23T19:35:14.937+0000] {manager.py:879} INFO - 
================================================================================
DAG File Processing Stats

File Path                               PID    Runtime      # DAGs    # Errors  Last Runtime    Last Run
--------------------------------------  -----  ---------  --------  ----------  --------------  -------------------
/opt/airflow/dags/wifi_pipeline_dag.py                           1           0  0.10s           2026-09-23T19:34:44
================================================================================
[2026-09-23T19:35:45.079+0000] {manager.py:879} INFO - 
================================================================================
DAG File Processing Stats

File Path                               PID    Runtime      # DAGs    # Errors  Last Runtime    Last Run
--------------------------------------  -----  ---------  --------  ----------  --------------  -------------------
/opt/airflow/dags/wifi_pipeline_dag.py                           1           0  0.10s           2026-09-23T19:35:15
================================================================================
[2026-09-23T19:36:15.212+0000] {manager.py:879} INFO - 
================================================================================
DAG File Processing Stats

File Path                               PID    Runtime      # DAGs    # Errors  Last Runtime    Last Run
--------------------------------------  -----  ---------  --------  ----------  --------------  -------------------
/opt/airflow/dags/wifi_pipeline_dag.py                           1           0  0.10s           2026-09-23T19:35:45
================================================================================
[2026-09-23T19:36:38.332+0000] {manager.py:738} INFO - Searching for files in /opt/airflow/dags
[2026-09-23T19:36:38.333+0000] {manager.py:741} INFO - There are 1 files in /opt/airflow/dags
[2026-09-23T19:36:45.374+0000] {manager.py:879} INFO - 
================================================================================
DAG File Processing Stats

File Path                               PID    Runtime      # DAGs    # Errors  Last Runtime    Last Run
--------------------------------------  -----  ---------  --------  ----------  --------------  -------------------
/opt/airflow/dags/wifi_pipeline_dag.py                           1           0  0.11s           2026-09-23T19:36:15
================================================================================
[2026-09-23T19:37:15.512+0000] {manager.py:879} INFO - 
================================================================================
DAG File Processing Stats

File Path                               PID    Runtime      # DAGs    # Errors  Last Runtime    Last Run
--------------------------------------  -----  ---------  --------  ----------  --------------  -------------------
/opt/airflow/dags/wifi_pipeline_dag.py                           1           0  0.11s           2026-09-23T19:36:45
================================================================================
[2026-09-23T19:37:45.659+0000] {manager.py:879} INFO - 
================================================================================
DAG File Processing Stats

File Path                               PID    Runtime      # DAGs    # Errors  Last Runtime    Last Run
--------------------------------------  -----  ---------  --------  ----------  --------------  -------------------
/opt/airflow/dags/wifi_pipeline_dag.py                           1           0  0.11s           2026-09-23T19:37:15
================================================================================
[2026-09-23T19:38:15.818+0000] {manager.py:879} INFO - 
================================================================================
DAG File Processing Stats

File Path                               PID    Runtime      # DAGs    # Errors  Last Runtime    Last Run
--------------------------------------  -----  ---------  --------  ----------  --------------  -------------------
/opt/airflow/dags/wifi_pipeline_dag.py                           1           0  0.12s           2026-09-23T19:37:45
================================================================================
[2026-09-23T19:38:46.005+0000] {manager.py:879} INFO - 
================================================================================
DAG File Processing Stats

File Path                               PID    Runtime      # DAGs    # Errors  Last Runtime    Last Run
--------------------------------------  -----  ---------  --------  ----------  --------------  -------------------
/opt/airflow/dags/wifi_pipeline_dag.py                           1           0  0.17s           2026-09-23T19:38:16
================================================================================
[2026-09-23T19:39:16.243+0000] {manager.py:879} INFO - 
================================================================================
DAG File Processing Stats

File Path                               PID    Runtime      # DAGs    # Errors  Last Runtime    Last Run
--------------------------------------  -----  ---------  --------  ----------  --------------  -------------------
/opt/airflow/dags/wifi_pipeline_dag.py                           1           0  0.15s           2026-09-23T19:38:46
================================================================================
[2026-09-23T19:39:46.425+0000] {manager.py:879} INFO - 
================================================================================
DAG File Processing Stats

File Path                               PID    Runtime      # DAGs    # Errors  Last Runtime    Last Run
--------------------------------------  -----  ---------  --------  ----------  --------------  -------------------
/opt/airflow/dags/wifi_pipeline_dag.py                           1           0  0.11s           2026-09-23T19:39:16
================================================================================
[2026-09-23T19:40:16.594+0000] {manager.py:879} INFO - 
================================================================================
DAG File Processing Stats

File Path                               PID    Runtime      # DAGs    # Errors  Last Runtime    Last Run
--------------------------------------  -----  ---------  --------  ----------  --------------  -------------------
/opt/airflow/dags/wifi_pipeline_dag.py                           1           0  0.11s           2026-09-23T19:39:46
================================================================================
[2026-09-23T19:40:46.736+0000] {manager.py:879} INFO - 
================================================================================
DAG File Processing Stats

File Path                               PID    Runtime      # DAGs    # Errors  Last Runtime    Last Run
--------------------------------------  -----  ---------  --------  ----------  --------------  -------------------
/opt/airflow/dags/wifi_pipeline_dag.py                           1           0  0.10s           2026-09-23T19:40:16
================================================================================
[2026-09-23T19:41:16.878+0000] {manager.py:879} INFO - 
================================================================================
DAG File Processing Stats

File Path                               PID    Runtime      # DAGs    # Errors  Last Runtime    Last Run
--------------------------------------  -----  ---------  --------  ----------  --------------  -------------------
/opt/airflow/dags/wifi_pipeline_dag.py                           1           0  0.11s           2026-09-23T19:40:46
================================================================================
[2026-09-23T19:41:38.987+0000] {manager.py:738} INFO - Searching for files in /opt/airflow/dags
[2026-09-23T19:41:38.989+0000] {manager.py:741} INFO - There are 1 files in /opt/airflow/dags
[2026-09-23T19:41:47.038+0000] {manager.py:879} INFO - 
================================================================================
DAG File Processing Stats

File Path                               PID    Runtime      # DAGs    # Errors  Last Runtime    Last Run
--------------------------------------  -----  ---------  --------  ----------  --------------  -------------------
/opt/airflow/dags/wifi_pipeline_dag.py                           1           0  0.12s           2026-09-23T19:41:17
================================================================================
[2026-09-23T19:42:17.187+0000] {manager.py:879} INFO - 
================================================================================
DAG File Processing Stats

File Path                               PID    Runtime      # DAGs    # Errors  Last Runtime    Last Run
--------------------------------------  -----  ---------  --------  ----------  --------------  -------------------
/opt/airflow/dags/wifi_pipeline_dag.py                           1           0  0.12s           2026-09-23T19:41:47
================================================================================
[2026-09-23T19:42:47.364+0000] {manager.py:879} INFO - 
================================================================================
DAG File Processing Stats

File Path                               PID    Runtime      # DAGs    # Errors  Last Runtime    Last Run
--------------------------------------  -----  ---------  --------  ----------  --------------  -------------------
/opt/airflow/dags/wifi_pipeline_dag.py                           1           0  0.11s           2026-09-23T19:42:17
================================================================================
[2026-09-23T19:43:17.517+0000] {manager.py:879} INFO - 
================================================================================
DAG File Processing Stats

File Path                               PID    Runtime      # DAGs    # Errors  Last Runtime    Last Run
--------------------------------------  -----  ---------  --------  ----------  --------------  -------------------
/opt/airflow/dags/wifi_pipeline_dag.py                           1           0  0.12s           2026-09-23T19:42:47
================================================================================
[2026-09-23T19:43:47.640+0000] {manager.py:879} INFO - 
================================================================================
DAG File Processing Stats

File Path                               PID    Runtime      # DAGs    # Errors  Last Runtime    Last Run
--------------------------------------  -----  ---------  --------  ----------  --------------  -------------------
/opt/airflow/dags/wifi_pipeline_dag.py                           1           0  0.11s           2026-09-23T19:43:17
================================================================================
[2026-09-23T19:44:17.808+0000] {manager.py:879} INFO - 
================================================================================
DAG File Processing Stats

File Path                               PID    Runtime      # DAGs    # Errors  Last Runtime    Last Run
--------------------------------------  -----  ---------  --------  ----------  --------------  -------------------
/opt/airflow/dags/wifi_pipeline_dag.py                           1           0  0.12s           2026-09-23T19:43:47
================================================================================
[2026-09-23T19:44:47.956+0000] {manager.py:879} INFO - 
================================================================================
DAG File Processing Stats

File Path                               PID    Runtime      # DAGs    # Errors  Last Runtime    Last Run
--------------------------------------  -----  ---------  --------  ----------  --------------  -------------------
/opt/airflow/dags/wifi_pipeline_dag.py                           1           0  0.12s           2026-09-23T19:44:17
================================================================================
[2026-09-23T19:45:18.116+0000] {manager.py:879} INFO - 
================================================================================
DAG File Processing Stats

File Path                               PID    Runtime      # DAGs    # Errors  Last Runtime    Last Run
--------------------------------------  -----  ---------  --------  ----------  --------------  -------------------
/opt/airflow/dags/wifi_pipeline_dag.py                           1           0  0.11s           2026-09-23T19:44:48
================================================================================
[2026-09-23T19:45:48.273+0000] {manager.py:879} INFO - 
================================================================================
DAG File Processing Stats

File Path                               PID    Runtime      # DAGs    # Errors  Last Runtime    Last Run
--------------------------------------  -----  ---------  --------  ----------  --------------  -------------------
/opt/airflow/dags/wifi_pipeline_dag.py                           1           0  0.11s           2026-09-23T19:45:18
================================================================================
[2026-09-23T19:46:18.425+0000] {manager.py:879} INFO - 
================================================================================
DAG File Processing Stats

File Path                               PID    Runtime      # DAGs    # Errors  Last Runtime    Last Run
--------------------------------------  -----  ---------  --------  ----------  --------------  -------------------
/opt/airflow/dags/wifi_pipeline_dag.py                           1           0  0.11s           2026-09-23T19:45:48
================================================================================
[2026-09-23T19:46:39.514+0000] {manager.py:738} INFO - Searching for files in /opt/airflow/dags
[2026-09-23T19:46:39.515+0000] {manager.py:741} INFO - There are 1 files in /opt/airflow/dags
[2026-09-23T19:46:48.571+0000] {manager.py:879} INFO - 
================================================================================
DAG File Processing Stats

File Path                               PID    Runtime      # DAGs    # Errors  Last Runtime    Last Run
--------------------------------------  -----  ---------  --------  ----------  --------------  -------------------
/opt/airflow/dags/wifi_pipeline_dag.py                           1           0  0.11s           2026-09-23T19:46:18
================================================================================
[2026-09-23T19:47:18.681+0000] {manager.py:879} INFO - 
================================================================================
DAG File Processing Stats

File Path                               PID    Runtime      # DAGs    # Errors  Last Runtime    Last Run
--------------------------------------  -----  ---------  --------  ----------  --------------  -------------------
/opt/airflow/dags/wifi_pipeline_dag.py                           1           0  0.11s           2026-09-23T19:46:48
================================================================================
[2026-09-23T19:47:48.854+0000] {manager.py:879} INFO - 
================================================================================
DAG File Processing Stats

File Path                               PID    Runtime      # DAGs    # Errors  Last Runtime    Last Run
--------------------------------------  -----  ---------  --------  ----------  --------------  -------------------
/opt/airflow/dags/wifi_pipeline_dag.py                           1           0  0.11s           2026-09-23T19:47:18
================================================================================
[2026-09-23T19:48:19.001+0000] {manager.py:879} INFO - 
================================================================================
DAG File Processing Stats

File Path                               PID    Runtime      # DAGs    # Errors  Last Runtime    Last Run
--------------------------------------  -----  ---------  --------  ----------  --------------  -------------------
/opt/airflow/dags/wifi_pipeline_dag.py                           1           0  0.11s           2026-09-23T19:47:49
================================================================================
[2026-09-23T19:48:49.129+0000] {manager.py:879} INFO - 
================================================================================
DAG File Processing Stats

File Path                               PID    Runtime      # DAGs    # Errors  Last Runtime    Last Run
--------------------------------------  -----  ---------  --------  ----------  --------------  -------------------
/opt/airflow/dags/wifi_pipeline_dag.py                           1           0  0.29s           2026-09-23T19:48:19
================================================================================
[2026-09-23T19:49:19.453+0000] {manager.py:879} INFO - 
================================================================================
DAG File Processing Stats

File Path                               PID    Runtime      # DAGs    # Errors  Last Runtime    Last Run
--------------------------------------  -----  ---------  --------  ----------  --------------  -------------------
/opt/airflow/dags/wifi_pipeline_dag.py                           1           0  0.16s           2026-09-23T19:48:49
================================================================================
[2026-09-23T19:49:49.665+0000] {manager.py:879} INFO - 
================================================================================
DAG File Processing Stats

File Path                               PID    Runtime      # DAGs    # Errors  Last Runtime    Last Run
--------------------------------------  -----  ---------  --------  ----------  --------------  -------------------
/opt/airflow/dags/wifi_pipeline_dag.py                           1           0  0.19s           2026-09-23T19:49:19
================================================================================
[2026-09-23T19:50:19.883+0000] {manager.py:879} INFO - 
================================================================================
DAG File Processing Stats

File Path                               PID    Runtime      # DAGs    # Errors  Last Runtime    Last Run
--------------------------------------  -----  ---------  --------  ----------  --------------  -------------------
/opt/airflow/dags/wifi_pipeline_dag.py                           1           0  0.16s           2026-09-23T19:49:49
================================================================================
[2026-09-23T19:50:50.102+0000] {manager.py:879} INFO - 
================================================================================
DAG File Processing Stats

File Path                               PID    Runtime      # DAGs    # Errors  Last Runtime    Last Run
--------------------------------------  -----  ---------  --------  ----------  --------------  -------------------
/opt/airflow/dags/wifi_pipeline_dag.py                           1           0  0.15s           2026-09-23T19:50:20
================================================================================
[2026-09-23T19:51:20.268+0000] {manager.py:879} INFO - 
================================================================================
DAG File Processing Stats

File Path                               PID    Runtime      # DAGs    # Errors  Last Runtime    Last Run
--------------------------------------  -----  ---------  --------  ----------  --------------  -------------------
/opt/airflow/dags/wifi_pipeline_dag.py                           1           0  0.10s           2026-09-23T19:50:50
================================================================================
[2026-09-23T19:51:40.343+0000] {manager.py:738} INFO - Searching for files in /opt/airflow/dags
[2026-09-23T19:51:40.346+0000] {manager.py:741} INFO - There are 1 files in /opt/airflow/dags
[2026-09-23T19:51:50.396+0000] {manager.py:879} INFO - 
================================================================================
DAG File Processing Stats

File Path                               PID    Runtime      # DAGs    # Errors  Last Runtime    Last Run
--------------------------------------  -----  ---------  --------  ----------  --------------  -------------------
/opt/airflow/dags/wifi_pipeline_dag.py                           1           0  0.13s           2026-09-23T19:51:20
================================================================================
[2026-09-23T19:52:20.562+0000] {manager.py:879} INFO - 
================================================================================
DAG File Processing Stats

File Path                               PID    Runtime      # DAGs    # Errors  Last Runtime    Last Run
--------------------------------------  -----  ---------  --------  ----------  --------------  -------------------
/opt/airflow/dags/wifi_pipeline_dag.py                           1           0  0.11s           2026-09-23T19:51:50
================================================================================
[2026-09-23T19:52:50.677+0000] {manager.py:879} INFO - 
================================================================================
DAG File Processing Stats

File Path                               PID    Runtime      # DAGs    # Errors  Last Runtime    Last Run
--------------------------------------  -----  ---------  --------  ----------  --------------  -------------------
/opt/airflow/dags/wifi_pipeline_dag.py                           1           0  0.11s           2026-09-23T19:52:20
================================================================================
[2026-09-23T19:53:20.829+0000] {manager.py:879} INFO - 
================================================================================
DAG File Processing Stats

File Path                               PID    Runtime      # DAGs    # Errors  Last Runtime    Last Run
--------------------------------------  -----  ---------  --------  ----------  --------------  -------------------
/opt/airflow/dags/wifi_pipeline_dag.py                           1           0  0.12s           2026-09-23T19:52:50
================================================================================
[2026-09-23T19:53:50.965+0000] {manager.py:879} INFO - 
================================================================================
DAG File Processing Stats

File Path                               PID    Runtime      # DAGs    # Errors  Last Runtime    Last Run
--------------------------------------  -----  ---------  --------  ----------  --------------  -------------------
/opt/airflow/dags/wifi_pipeline_dag.py                           1           0  0.10s           2026-09-23T19:53:21
================================================================================
[2026-09-23T19:54:21.082+0000] {manager.py:879} INFO - 
================================================================================
DAG File Processing Stats

File Path                               PID    Runtime      # DAGs    # Errors  Last Runtime    Last Run
--------------------------------------  -----  ---------  --------  ----------  --------------  -------------------
/opt/airflow/dags/wifi_pipeline_dag.py                           1           0  0.09s           2026-09-23T19:53:51
================================================================================
[2026-09-23T19:54:51.178+0000] {manager.py:879} INFO - 
================================================================================
DAG File Processing Stats

File Path                               PID    Runtime      # DAGs    # Errors  Last Runtime    Last Run
--------------------------------------  -----  ---------  --------  ----------  --------------  -------------------
/opt/airflow/dags/wifi_pipeline_dag.py                           1           0  0.11s           2026-09-23T19:54:21
================================================================================
[2026-09-23T19:55:21.315+0000] {manager.py:879} INFO - 
================================================================================
DAG File Processing Stats

File Path                               PID    Runtime      # DAGs    # Errors  Last Runtime    Last Run
--------------------------------------  -----  ---------  --------  ----------  --------------  -------------------
/opt/airflow/dags/wifi_pipeline_dag.py                           1           0  0.10s           2026-09-23T19:54:51
================================================================================
[2026-09-23T19:55:51.431+0000] {manager.py:879} INFO - 
================================================================================
DAG File Processing Stats

File Path                               PID    Runtime      # DAGs    # Errors  Last Runtime    Last Run
--------------------------------------  -----  ---------  --------  ----------  --------------  -------------------
/opt/airflow/dags/wifi_pipeline_dag.py                           1           0  0.11s           2026-09-23T19:55:21
================================================================================
[2026-09-23T19:56:21.547+0000] {manager.py:879} INFO - 
================================================================================
DAG File Processing Stats

File Path                               PID    Runtime      # DAGs    # Errors  Last Runtime    Last Run
--------------------------------------  -----  ---------  --------  ----------  --------------  -------------------
/opt/airflow/dags/wifi_pipeline_dag.py                           1           0  0.10s           2026-09-23T19:55:51
================================================================================
[2026-09-23T19:56:40.601+0000] {manager.py:738} INFO - Searching for files in /opt/airflow/dags
[2026-09-23T19:56:40.604+0000] {manager.py:741} INFO - There are 1 files in /opt/airflow/dags
[2026-09-23T19:56:51.669+0000] {manager.py:879} INFO - 
================================================================================
DAG File Processing Stats

File Path                               PID    Runtime      # DAGs    # Errors  Last Runtime    Last Run
--------------------------------------  -----  ---------  --------  ----------  --------------  -------------------
/opt/airflow/dags/wifi_pipeline_dag.py                           1           0  0.11s           2026-09-23T19:56:22
================================================================================
[2026-09-23T19:57:21.751+0000] {manager.py:879} INFO - 
================================================================================
DAG File Processing Stats

File Path                               PID    Runtime      # DAGs    # Errors  Last Runtime    Last Run
--------------------------------------  -----  ---------  --------  ----------  --------------  -------------------
/opt/airflow/dags/wifi_pipeline_dag.py                           1           0  0.10s           2026-09-23T19:56:52
================================================================================
[2026-09-23T19:57:51.832+0000] {manager.py:879} INFO - 
================================================================================
DAG File Processing Stats

File Path                               PID    Runtime      # DAGs    # Errors  Last Runtime    Last Run
--------------------------------------  -----  ---------  --------  ----------  --------------  -------------------
/opt/airflow/dags/wifi_pipeline_dag.py                           1           0  0.11s           2026-09-23T19:57:22
================================================================================
[2026-09-23T19:58:21.958+0000] {manager.py:879} INFO - 
================================================================================
DAG File Processing Stats

File Path                               PID    Runtime      # DAGs    # Errors  Last Runtime    Last Run
--------------------------------------  -----  ---------  --------  ----------  --------------  -------------------
/opt/airflow/dags/wifi_pipeline_dag.py                           1           0  0.10s           2026-09-23T19:57:53
================================================================================
[2026-09-23T19:58:52.050+0000] {manager.py:879} INFO - 
================================================================================
DAG File Processing Stats

File Path                               PID    Runtime      # DAGs    # Errors  Last Runtime    Last Run
--------------------------------------  -----  ---------  --------  ----------  --------------  -------------------
/opt/airflow/dags/wifi_pipeline_dag.py                           1           0  0.11s           2026-09-23T19:58:24
================================================================================
[2026-09-23T19:59:22.144+0000] {manager.py:879} INFO - 
================================================================================
DAG File Processing Stats

File Path                               PID    Runtime      # DAGs    # Errors  Last Runtime    Last Run
--------------------------------------  -----  ---------  --------  ----------  --------------  -------------------
/opt/airflow/dags/wifi_pipeline_dag.py                           1           0  0.11s           2026-09-23T19:58:54
================================================================================
[2026-09-23T19:59:52.278+0000] {manager.py:879} INFO - 
================================================================================
DAG File Processing Stats

File Path                               PID    Runtime      # DAGs    # Errors  Last Runtime    Last Run
--------------------------------------  -----  ---------  --------  ----------  --------------  -------------------
/opt/airflow/dags/wifi_pipeline_dag.py                           1           0  0.11s           2026-09-23T19:59:24
================================================================================
[2026-09-23T20:00:22.406+0000] {manager.py:879} INFO - 
================================================================================
DAG File Processing Stats

File Path                               PID    Runtime      # DAGs    # Errors  Last Runtime    Last Run
--------------------------------------  -----  ---------  --------  ----------  --------------  -------------------
/opt/airflow/dags/wifi_pipeline_dag.py                           1           0  0.10s           2026-09-23T19:59:54
================================================================================
[2026-09-23T20:00:52.508+0000] {manager.py:879} INFO - 
================================================================================
DAG File Processing Stats

File Path                               PID    Runtime      # DAGs    # Errors  Last Runtime    Last Run
--------------------------------------  -----  ---------  --------  ----------  --------------  -------------------
/opt/airflow/dags/wifi_pipeline_dag.py                           1           0  0.11s           2026-09-23T20:00:25
================================================================================
[2026-09-23T20:01:22.598+0000] {manager.py:879} INFO - 
================================================================================
DAG File Processing Stats

File Path                               PID    Runtime      # DAGs    # Errors  Last Runtime    Last Run
--------------------------------------  -----  ---------  --------  ----------  --------------  -------------------
/opt/airflow/dags/wifi_pipeline_dag.py                           1           0  0.10s           2026-09-23T20:00:55
================================================================================
[2026-09-23T20:01:40.635+0000] {manager.py:738} INFO - Searching for files in /opt/airflow/dags
[2026-09-23T20:01:40.643+0000] {manager.py:741} INFO - There are 1 files in /opt/airflow/dags
[2026-09-23T20:01:52.701+0000] {manager.py:879} INFO - 
================================================================================
DAG File Processing Stats

File Path                               PID    Runtime      # DAGs    # Errors  Last Runtime    Last Run
--------------------------------------  -----  ---------  --------  ----------  --------------  -------------------
/opt/airflow/dags/wifi_pipeline_dag.py                           1           0  0.13s           2026-09-23T20:01:26
================================================================================
[2026-09-23T20:02:22.776+0000] {manager.py:879} INFO - 
================================================================================
DAG File Processing Stats

File Path                               PID    Runtime      # DAGs    # Errors  Last Runtime    Last Run
--------------------------------------  -----  ---------  --------  ----------  --------------  -------------------
/opt/airflow/dags/wifi_pipeline_dag.py                           1           0  0.10s           2026-09-23T20:01:57
================================================================================
[2026-09-23T20:02:52.868+0000] {manager.py:879} INFO - 
================================================================================
DAG File Processing Stats

File Path                               PID    Runtime      # DAGs    # Errors  Last Runtime    Last Run
--------------------------------------  -----  ---------  --------  ----------  --------------  -------------------
/opt/airflow/dags/wifi_pipeline_dag.py                           1           0  0.12s           2026-09-23T20:02:27
================================================================================
[2026-09-23T20:03:23.009+0000] {manager.py:879} INFO - 
================================================================================
DAG File Processing Stats

File Path                               PID    Runtime      # DAGs    # Errors  Last Runtime    Last Run
--------------------------------------  -----  ---------  --------  ----------  --------------  -------------------
/opt/airflow/dags/wifi_pipeline_dag.py                           1           0  0.10s           2026-09-23T20:02:57
================================================================================
[2026-09-23T20:03:53.104+0000] {manager.py:879} INFO - 
================================================================================
DAG File Processing Stats

File Path                               PID    Runtime      # DAGs    # Errors  Last Runtime    Last Run
--------------------------------------  -----  ---------  --------  ----------  --------------  -------------------
/opt/airflow/dags/wifi_pipeline_dag.py                           1           0  0.11s           2026-09-23T20:03:28
================================================================================
[2026-09-23T20:04:23.201+0000] {manager.py:879} INFO - 
================================================================================
DAG File Processing Stats

File Path                               PID    Runtime      # DAGs    # Errors  Last Runtime    Last Run
--------------------------------------  -----  ---------  --------  ----------  --------------  -------------------
/opt/airflow/dags/wifi_pipeline_dag.py                           1           0  0.10s           2026-09-23T20:03:58
================================================================================
[2026-09-23T20:04:53.301+0000] {manager.py:879} INFO - 
================================================================================
DAG File Processing Stats

File Path                               PID    Runtime      # DAGs    # Errors  Last Runtime    Last Run
--------------------------------------  -----  ---------  --------  ----------  --------------  -------------------
/opt/airflow/dags/wifi_pipeline_dag.py                           1           0  0.11s           2026-09-23T20:04:29
================================================================================
[2026-09-23T20:05:23.378+0000] {manager.py:879} INFO - 
================================================================================
DAG File Processing Stats

File Path                               PID    Runtime      # DAGs    # Errors  Last Runtime    Last Run
--------------------------------------  -----  ---------  --------  ----------  --------------  -------------------
/opt/airflow/dags/wifi_pipeline_dag.py                           1           0  0.10s           2026-09-23T20:04:59
================================================================================
[2026-09-23T20:05:53.491+0000] {manager.py:879} INFO - 
================================================================================
DAG File Processing Stats

File Path                               PID    Runtime      # DAGs    # Errors  Last Runtime    Last Run
--------------------------------------  -----  ---------  --------  ----------  --------------  -------------------
/opt/airflow/dags/wifi_pipeline_dag.py                           1           0  0.17s           2026-09-23T20:05:29
================================================================================
[2026-09-23T20:06:23.704+0000] {manager.py:879} INFO - 
================================================================================
DAG File Processing Stats

File Path                               PID    Runtime      # DAGs    # Errors  Last Runtime    Last Run
--------------------------------------  -----  ---------  --------  ----------  --------------  -------------------
/opt/airflow/dags/wifi_pipeline_dag.py                           1           0  0.11s           2026-09-23T20:05:59
================================================================================
[2026-09-23T20:06:40.755+0000] {manager.py:738} INFO - Searching for files in /opt/airflow/dags
[2026-09-23T20:06:40.758+0000] {manager.py:741} INFO - There are 1 files in /opt/airflow/dags
[2026-09-23T20:06:53.754+0000] {manager.py:879} INFO - 
================================================================================
DAG File Processing Stats

File Path                               PID    Runtime      # DAGs    # Errors  Last Runtime    Last Run
--------------------------------------  -----  ---------  --------  ----------  --------------  -------------------
/opt/airflow/dags/wifi_pipeline_dag.py                           1           0  0.15s           2026-09-23T20:06:29
================================================================================
[2026-09-23T20:07:23.890+0000] {manager.py:879} INFO - 
================================================================================
DAG File Processing Stats

File Path                               PID    Runtime      # DAGs    # Errors  Last Runtime    Last Run
--------------------------------------  -----  ---------  --------  ----------  --------------  -------------------
/opt/airflow/dags/wifi_pipeline_dag.py                           1           0  0.12s           2026-09-23T20:06:59
================================================================================
[2026-09-23T20:07:54.060+0000] {manager.py:879} INFO - 
================================================================================
DAG File Processing Stats

File Path                               PID    Runtime      # DAGs    # Errors  Last Runtime    Last Run
--------------------------------------  -----  ---------  --------  ----------  --------------  -------------------
/opt/airflow/dags/wifi_pipeline_dag.py                           1           0  0.17s           2026-09-23T20:07:30
================================================================================
[2026-09-23T20:08:24.254+0000] {manager.py:879} INFO - 
================================================================================
DAG File Processing Stats

File Path                               PID    Runtime      # DAGs    # Errors  Last Runtime    Last Run
--------------------------------------  -----  ---------  --------  ----------  --------------  -------------------
/opt/airflow/dags/wifi_pipeline_dag.py                           1           0  0.14s           2026-09-23T20:08:00
================================================================================
[2026-09-23T20:08:54.407+0000] {manager.py:879} INFO - 
================================================================================
DAG File Processing Stats

File Path                               PID    Runtime      # DAGs    # Errors  Last Runtime    Last Run
--------------------------------------  -----  ---------  --------  ----------  --------------  -------------------
/opt/airflow/dags/wifi_pipeline_dag.py                           1           0  0.12s           2026-09-23T20:08:30
================================================================================
[2026-09-23T20:09:24.544+0000] {manager.py:879} INFO - 
================================================================================
DAG File Processing Stats

File Path                               PID    Runtime      # DAGs    # Errors  Last Runtime    Last Run
--------------------------------------  -----  ---------  --------  ----------  --------------  -------------------
/opt/airflow/dags/wifi_pipeline_dag.py                           1           0  0.12s           2026-09-23T20:09:00
================================================================================
[2026-09-23T20:09:54.686+0000] {manager.py:879} INFO - 
================================================================================
DAG File Processing Stats

File Path                               PID    Runtime      # DAGs    # Errors  Last Runtime    Last Run
--------------------------------------  -----  ---------  --------  ----------  --------------  -------------------
/opt/airflow/dags/wifi_pipeline_dag.py                           1           0  0.12s           2026-09-23T20:09:30
================================================================================
[2026-09-23T20:10:24.846+0000] {manager.py:879} INFO - 
================================================================================
DAG File Processing Stats

File Path                               PID    Runtime      # DAGs    # Errors  Last Runtime    Last Run
--------------------------------------  -----  ---------  --------  ----------  --------------  -------------------
/opt/airflow/dags/wifi_pipeline_dag.py                           1           0  0.10s           2026-09-23T20:10:00
================================================================================
[2026-09-23T20:10:54.947+0000] {manager.py:879} INFO - 
================================================================================
DAG File Processing Stats

File Path                               PID    Runtime      # DAGs    # Errors  Last Runtime    Last Run
--------------------------------------  -----  ---------  --------  ----------  --------------  -------------------
/opt/airflow/dags/wifi_pipeline_dag.py                           1           0  0.10s           2026-09-23T20:10:31
================================================================================
[2026-09-23T20:11:25.105+0000] {manager.py:879} INFO - 
================================================================================
DAG File Processing Stats

File Path                               PID    Runtime      # DAGs    # Errors  Last Runtime    Last Run
--------------------------------------  -----  ---------  --------  ----------  --------------  -------------------
/opt/airflow/dags/wifi_pipeline_dag.py                           1           0  0.11s           2026-09-23T20:11:01
================================================================================
[2026-09-23T20:11:41.201+0000] {manager.py:738} INFO - Searching for files in /opt/airflow/dags
[2026-09-23T20:11:41.206+0000] {manager.py:741} INFO - There are 1 files in /opt/airflow/dags
[2026-09-23T20:11:55.204+0000] {manager.py:879} INFO - 
================================================================================
DAG File Processing Stats

File Path                               PID    Runtime      # DAGs    # Errors  Last Runtime    Last Run
--------------------------------------  -----  ---------  --------  ----------  --------------  -------------------
/opt/airflow/dags/wifi_pipeline_dag.py                           1           0  0.11s           2026-09-23T20:11:31
================================================================================
[2026-09-23T20:12:25.330+0000] {manager.py:879} INFO - 
================================================================================
DAG File Processing Stats

File Path                               PID    Runtime      # DAGs    # Errors  Last Runtime    Last Run
--------------------------------------  -----  ---------  --------  ----------  --------------  -------------------
/opt/airflow/dags/wifi_pipeline_dag.py                           1           0  0.11s           2026-09-23T20:12:01
================================================================================
[2026-09-23T20:12:55.456+0000] {manager.py:879} INFO - 
================================================================================
DAG File Processing Stats

File Path                               PID    Runtime      # DAGs    # Errors  Last Runtime    Last Run
--------------------------------------  -----  ---------  --------  ----------  --------------  -------------------
/opt/airflow/dags/wifi_pipeline_dag.py                           1           0  0.10s           2026-09-23T20:12:31
================================================================================
[2026-09-23T20:13:25.560+0000] {manager.py:879} INFO - 
================================================================================
DAG File Processing Stats

File Path                               PID    Runtime      # DAGs    # Errors  Last Runtime    Last Run
--------------------------------------  -----  ---------  --------  ----------  --------------  -------------------
/opt/airflow/dags/wifi_pipeline_dag.py                           1           0  0.12s           2026-09-23T20:13:01
================================================================================
[2026-09-23T20:13:55.732+0000] {manager.py:879} INFO - 
================================================================================
DAG File Processing Stats

File Path                               PID    Runtime      # DAGs    # Errors  Last Runtime    Last Run
--------------------------------------  -----  ---------  --------  ----------  --------------  -------------------
/opt/airflow/dags/wifi_pipeline_dag.py                           1           0  0.14s           2026-09-23T20:13:31
================================================================================
[2026-09-23T20:14:25.878+0000] {manager.py:879} INFO - 
================================================================================
DAG File Processing Stats

File Path                               PID    Runtime      # DAGs    # Errors  Last Runtime    Last Run
--------------------------------------  -----  ---------  --------  ----------  --------------  -------------------
/opt/airflow/dags/wifi_pipeline_dag.py                           1           0  0.12s           2026-09-23T20:14:01
================================================================================
[2026-09-23T20:14:56.026+0000] {manager.py:879} INFO - 
================================================================================
DAG File Processing Stats

File Path                               PID    Runtime      # DAGs    # Errors  Last Runtime    Last Run
--------------------------------------  -----  ---------  --------  ----------  --------------  -------------------
/opt/airflow/dags/wifi_pipeline_dag.py                           1           0  0.10s           2026-09-23T20:14:32
================================================================================
[2026-09-23T20:15:26.132+0000] {manager.py:879} INFO - 
================================================================================
DAG File Processing Stats

File Path                               PID    Runtime      # DAGs    # Errors  Last Runtime    Last Run
--------------------------------------  -----  ---------  --------  ----------  --------------  -------------------
/opt/airflow/dags/wifi_pipeline_dag.py                           1           0  0.12s           2026-09-23T20:15:02
================================================================================
[2026-09-23T20:15:56.303+0000] {manager.py:879} INFO - 
================================================================================
DAG File Processing Stats

File Path                               PID    Runtime      # DAGs    # Errors  Last Runtime    Last Run
--------------------------------------  -----  ---------  --------  ----------  --------------  -------------------
/opt/airflow/dags/wifi_pipeline_dag.py                           1           0  0.12s           2026-09-23T20:15:32
================================================================================
[2026-09-23T20:16:26.416+0000] {manager.py:879} INFO - 
================================================================================
DAG File Processing Stats

File Path                               PID    Runtime      # DAGs    # Errors  Last Runtime    Last Run
--------------------------------------  -----  ---------  --------  ----------  --------------  -------------------
/opt/airflow/dags/wifi_pipeline_dag.py                           1           0  0.14s           2026-09-23T20:16:02
================================================================================
[2026-09-23T20:16:41.598+0000] {manager.py:738} INFO - Searching for files in /opt/airflow/dags
[2026-09-23T20:16:41.600+0000] {manager.py:741} INFO - There are 1 files in /opt/airflow/dags
[2026-09-23T20:16:56.610+0000] {manager.py:879} INFO - 
================================================================================
DAG File Processing Stats

File Path                               PID    Runtime      # DAGs    # Errors  Last Runtime    Last Run
--------------------------------------  -----  ---------  --------  ----------  --------------  -------------------
/opt/airflow/dags/wifi_pipeline_dag.py                           1           0  0.13s           2026-09-23T20:16:32
================================================================================
[2026-09-23T20:17:26.736+0000] {manager.py:879} INFO - 
================================================================================
DAG File Processing Stats

File Path                               PID    Runtime      # DAGs    # Errors  Last Runtime    Last Run
--------------------------------------  -----  ---------  --------  ----------  --------------  -------------------
/opt/airflow/dags/wifi_pipeline_dag.py                           1           0  0.14s           2026-09-23T20:17:02
================================================================================
[2026-09-23T20:17:56.895+0000] {manager.py:879} INFO - 
================================================================================
DAG File Processing Stats

File Path                               PID    Runtime      # DAGs    # Errors  Last Runtime    Last Run
--------------------------------------  -----  ---------  --------  ----------  --------------  -------------------
/opt/airflow/dags/wifi_pipeline_dag.py                           1           0  0.11s           2026-09-23T20:17:32
================================================================================
[2026-09-23T20:18:27.016+0000] {manager.py:879} INFO - 
================================================================================
DAG File Processing Stats

File Path                               PID    Runtime      # DAGs    # Errors  Last Runtime    Last Run
--------------------------------------  -----  ---------  --------  ----------  --------------  -------------------
/opt/airflow/dags/wifi_pipeline_dag.py                           1           0  0.15s           2026-09-23T20:18:03
================================================================================
[2026-09-23T20:18:57.187+0000] {manager.py:879} INFO - 
================================================================================
DAG File Processing Stats

File Path                               PID    Runtime      # DAGs    # Errors  Last Runtime    Last Run
--------------------------------------  -----  ---------  --------  ----------  --------------  -------------------
/opt/airflow/dags/wifi_pipeline_dag.py                           1           0  0.11s           2026-09-23T20:18:33
================================================================================
[2026-09-23T20:19:27.327+0000] {manager.py:879} INFO - 
================================================================================
DAG File Processing Stats

File Path                               PID    Runtime      # DAGs    # Errors  Last Runtime    Last Run
--------------------------------------  -----  ---------  --------  ----------  --------------  -------------------
/opt/airflow/dags/wifi_pipeline_dag.py                           1           0  0.10s           2026-09-23T20:19:03
================================================================================
[2026-09-23T20:19:57.442+0000] {manager.py:879} INFO - 
================================================================================
DAG File Processing Stats

File Path                               PID    Runtime      # DAGs    # Errors  Last Runtime    Last Run
--------------------------------------  -----  ---------  --------  ----------  --------------  -------------------
/opt/airflow/dags/wifi_pipeline_dag.py                           1           0  0.13s           2026-09-23T20:19:33
================================================================================
[2026-09-23T20:20:27.578+0000] {manager.py:879} INFO - 
================================================================================
DAG File Processing Stats

File Path                               PID    Runtime      # DAGs    # Errors  Last Runtime    Last Run
--------------------------------------  -----  ---------  --------  ----------  --------------  -------------------
/opt/airflow/dags/wifi_pipeline_dag.py                           1           0  0.12s           2026-09-23T20:20:03
================================================================================
[2026-09-23T20:20:57.738+0000] {manager.py:879} INFO - 
================================================================================
DAG File Processing Stats

File Path                               PID    Runtime      # DAGs    # Errors  Last Runtime    Last Run
--------------------------------------  -----  ---------  --------  ----------  --------------  -------------------
/opt/airflow/dags/wifi_pipeline_dag.py                           1           0  0.13s           2026-09-23T20:20:33
================================================================================
[2026-09-23T20:21:27.893+0000] {manager.py:879} INFO - 
================================================================================
DAG File Processing Stats

File Path                               PID    Runtime      # DAGs    # Errors  Last Runtime    Last Run
--------------------------------------  -----  ---------  --------  ----------  --------------  -------------------
/opt/airflow/dags/wifi_pipeline_dag.py                           1           0  0.12s           2026-09-23T20:21:03
================================================================================
[2026-09-23T20:21:42.058+0000] {manager.py:738} INFO - Searching for files in /opt/airflow/dags
[2026-09-23T20:21:42.060+0000] {manager.py:741} INFO - There are 1 files in /opt/airflow/dags
[2026-09-23T20:21:58.043+0000] {manager.py:879} INFO - 
================================================================================
DAG File Processing Stats

File Path                               PID    Runtime      # DAGs    # Errors  Last Runtime    Last Run
--------------------------------------  -----  ---------  --------  ----------  --------------  -------------------
/opt/airflow/dags/wifi_pipeline_dag.py                           1           0  0.12s           2026-09-23T20:21:34
================================================================================
[2026-09-23T20:22:28.207+0000] {manager.py:879} INFO - 
================================================================================
DAG File Processing Stats

File Path                               PID    Runtime      # DAGs    # Errors  Last Runtime    Last Run
--------------------------------------  -----  ---------  --------  ----------  --------------  -------------------
/opt/airflow/dags/wifi_pipeline_dag.py                           1           0  0.15s           2026-09-23T20:22:04
================================================================================
[2026-09-23T20:22:58.375+0000] {manager.py:879} INFO - 
================================================================================
DAG File Processing Stats

File Path                               PID    Runtime      # DAGs    # Errors  Last Runtime    Last Run
--------------------------------------  -----  ---------  --------  ----------  --------------  -------------------
/opt/airflow/dags/wifi_pipeline_dag.py                           1           0  0.10s           2026-09-23T20:22:34
================================================================================
[2026-09-23T20:23:28.483+0000] {manager.py:879} INFO - 
================================================================================
DAG File Processing Stats

File Path                               PID    Runtime      # DAGs    # Errors  Last Runtime    Last Run
--------------------------------------  -----  ---------  --------  ----------  --------------  -------------------
/opt/airflow/dags/wifi_pipeline_dag.py                           1           0  0.12s           2026-09-23T20:23:04
================================================================================
[2026-09-23T20:23:58.577+0000] {manager.py:879} INFO - 
================================================================================
DAG File Processing Stats

File Path                               PID    Runtime      # DAGs    # Errors  Last Runtime    Last Run
--------------------------------------  -----  ---------  --------  ----------  --------------  -------------------
/opt/airflow/dags/wifi_pipeline_dag.py                           1           0  0.18s           2026-09-23T20:23:34
================================================================================
[2026-09-23T20:24:28.805+0000] {manager.py:879} INFO - 
================================================================================
DAG File Processing Stats

File Path                               PID    Runtime      # DAGs    # Errors  Last Runtime    Last Run
--------------------------------------  -----  ---------  --------  ----------  --------------  -------------------
/opt/airflow/dags/wifi_pipeline_dag.py                           1           0  0.10s           2026-09-23T20:24:04
================================================================================
[2026-09-23T20:24:58.937+0000] {manager.py:879} INFO - 
================================================================================
DAG File Processing Stats

File Path                               PID    Runtime      # DAGs    # Errors  Last Runtime    Last Run
--------------------------------------  -----  ---------  --------  ----------  --------------  -------------------
/opt/airflow/dags/wifi_pipeline_dag.py                           1           0  0.16s           2026-09-23T20:24:35
================================================================================
[2026-09-23T20:25:29.084+0000] {manager.py:879} INFO - 
================================================================================
DAG File Processing Stats

File Path                               PID    Runtime      # DAGs    # Errors  Last Runtime    Last Run
--------------------------------------  -----  ---------  --------  ----------  --------------  -------------------
/opt/airflow/dags/wifi_pipeline_dag.py                           1           0  0.11s           2026-09-23T20:25:05
================================================================================
[2026-09-23T20:25:59.215+0000] {manager.py:879} INFO - 
================================================================================
DAG File Processing Stats

File Path                               PID    Runtime      # DAGs    # Errors  Last Runtime    Last Run
--------------------------------------  -----  ---------  --------  ----------  --------------  -------------------
/opt/airflow/dags/wifi_pipeline_dag.py                           1           0  0.11s           2026-09-23T20:25:35
================================================================================
[2026-09-23T20:26:29.322+0000] {manager.py:879} INFO - 
================================================================================
DAG File Processing Stats

File Path                               PID    Runtime      # DAGs    # Errors  Last Runtime    Last Run
--------------------------------------  -----  ---------  --------  ----------  --------------  -------------------
/opt/airflow/dags/wifi_pipeline_dag.py                           1           0  0.15s           2026-09-23T20:26:05
================================================================================
[2026-09-23T20:26:42.487+0000] {manager.py:738} INFO - Searching for files in /opt/airflow/dags
[2026-09-23T20:26:42.488+0000] {manager.py:741} INFO - There are 1 files in /opt/airflow/dags
[2026-09-23T20:26:59.495+0000] {manager.py:879} INFO - 
================================================================================
DAG File Processing Stats

File Path                               PID    Runtime      # DAGs    # Errors  Last Runtime    Last Run
--------------------------------------  -----  ---------  --------  ----------  --------------  -------------------
/opt/airflow/dags/wifi_pipeline_dag.py                           1           0  0.11s           2026-09-23T20:26:36
================================================================================
[2026-09-23T20:27:29.552+0000] {manager.py:879} INFO - 
================================================================================
DAG File Processing Stats

File Path                               PID    Runtime      # DAGs    # Errors  Last Runtime    Last Run
--------------------------------------  -----  ---------  --------  ----------  --------------  -------------------
/opt/airflow/dags/wifi_pipeline_dag.py                           1           0  0.10s           2026-09-23T20:27:06
================================================================================
[2026-09-23T20:27:59.649+0000] {manager.py:879} INFO - 
================================================================================
DAG File Processing Stats

File Path                               PID    Runtime      # DAGs    # Errors  Last Runtime    Last Run
--------------------------------------  -----  ---------  --------  ----------  --------------  -------------------
/opt/airflow/dags/wifi_pipeline_dag.py                           1           0  0.11s           2026-09-23T20:27:37
================================================================================
[2026-09-23T20:28:29.753+0000] {manager.py:879} INFO - 
================================================================================
DAG File Processing Stats

File Path                               PID    Runtime      # DAGs    # Errors  Last Runtime    Last Run
--------------------------------------  -----  ---------  --------  ----------  --------------  -------------------
/opt/airflow/dags/wifi_pipeline_dag.py                           1           0  0.12s           2026-09-23T20:28:07
================================================================================
[2026-09-23T20:28:59.863+0000] {manager.py:879} INFO - 
================================================================================
DAG File Processing Stats

File Path                               PID    Runtime      # DAGs    # Errors  Last Runtime    Last Run
--------------------------------------  -----  ---------  --------  ----------  --------------  -------------------
/opt/airflow/dags/wifi_pipeline_dag.py                           1           0  0.11s           2026-09-23T20:28:37
================================================================================
[2026-09-23T20:29:29.984+0000] {manager.py:879} INFO - 
================================================================================
DAG File Processing Stats

File Path                               PID    Runtime      # DAGs    # Errors  Last Runtime    Last Run
--------------------------------------  -----  ---------  --------  ----------  --------------  -------------------
/opt/airflow/dags/wifi_pipeline_dag.py                           1           0  0.11s           2026-09-23T20:29:08
================================================================================
[2026-09-23T20:30:00.089+0000] {manager.py:879} INFO - 
================================================================================
DAG File Processing Stats

File Path                               PID    Runtime      # DAGs    # Errors  Last Runtime    Last Run
--------------------------------------  -----  ---------  --------  ----------  --------------  -------------------
/opt/airflow/dags/wifi_pipeline_dag.py                           1           0  0.11s           2026-09-23T20:29:39
================================================================================
[2026-09-23T20:30:30.131+0000] {manager.py:879} INFO - 
================================================================================
DAG File Processing Stats

File Path                               PID    Runtime      # DAGs    # Errors  Last Runtime    Last Run
--------------------------------------  -----  ---------  --------  ----------  --------------  -------------------
/opt/airflow/dags/wifi_pipeline_dag.py                           1           0  0.10s           2026-09-23T20:30:10
================================================================================
[2026-09-23T20:31:00.185+0000] {manager.py:879} INFO - 
================================================================================
DAG File Processing Stats

File Path                               PID    Runtime      # DAGs    # Errors  Last Runtime    Last Run
--------------------------------------  -----  ---------  --------  ----------  --------------  -------------------
/opt/airflow/dags/wifi_pipeline_dag.py                           1           0  0.14s           2026-09-23T20:30:41
================================================================================
[2026-09-23T20:31:30.293+0000] {manager.py:879} INFO - 
================================================================================
DAG File Processing Stats

File Path                               PID    Runtime      # DAGs    # Errors  Last Runtime    Last Run
--------------------------------------  -----  ---------  --------  ----------  --------------  -------------------
/opt/airflow/dags/wifi_pipeline_dag.py                           1           0  0.10s           2026-09-23T20:31:12
================================================================================
[2026-09-23T20:31:43.381+0000] {manager.py:738} INFO - Searching for files in /opt/airflow/dags
[2026-09-23T20:31:43.383+0000] {manager.py:741} INFO - There are 1 files in /opt/airflow/dags
[2026-09-23T20:32:00.369+0000] {manager.py:879} INFO - 
================================================================================
DAG File Processing Stats

File Path                               PID    Runtime      # DAGs    # Errors  Last Runtime    Last Run
--------------------------------------  -----  ---------  --------  ----------  --------------  -------------------
/opt/airflow/dags/wifi_pipeline_dag.py                           1           0  0.11s           2026-09-23T20:31:42
================================================================================
[2026-09-23T20:32:30.442+0000] {manager.py:879} INFO - 
================================================================================
DAG File Processing Stats

File Path                               PID    Runtime      # DAGs    # Errors  Last Runtime    Last Run
--------------------------------------  -----  ---------  --------  ----------  --------------  -------------------
/opt/airflow/dags/wifi_pipeline_dag.py                           1           0  0.13s           2026-09-23T20:32:13
================================================================================
[2026-09-23T20:33:00.513+0000] {manager.py:879} INFO - 
================================================================================
DAG File Processing Stats

File Path                               PID    Runtime      # DAGs    # Errors  Last Runtime    Last Run
--------------------------------------  -----  ---------  --------  ----------  --------------  -------------------
/opt/airflow/dags/wifi_pipeline_dag.py                           1           0  0.10s           2026-09-23T20:32:44
================================================================================
[2026-09-23T20:33:30.586+0000] {manager.py:879} INFO - 
================================================================================
DAG File Processing Stats

File Path                               PID    Runtime      # DAGs    # Errors  Last Runtime    Last Run
--------------------------------------  -----  ---------  --------  ----------  --------------  -------------------
/opt/airflow/dags/wifi_pipeline_dag.py                           1           0  0.11s           2026-09-23T20:33:15
================================================================================
[2026-09-23T20:34:00.642+0000] {manager.py:879} INFO - 
================================================================================
DAG File Processing Stats

File Path                               PID    Runtime      # DAGs    # Errors  Last Runtime    Last Run
--------------------------------------  -----  ---------  --------  ----------  --------------  -------------------
/opt/airflow/dags/wifi_pipeline_dag.py                           1           0  0.10s           2026-09-23T20:33:46
================================================================================
[2026-09-23T20:34:30.691+0000] {manager.py:879} INFO - 
================================================================================
DAG File Processing Stats

File Path                               PID    Runtime      # DAGs    # Errors  Last Runtime    Last Run
--------------------------------------  -----  ---------  --------  ----------  --------------  -------------------
/opt/airflow/dags/wifi_pipeline_dag.py                           1           0  0.12s           2026-09-23T20:34:17
================================================================================
[2026-09-23T20:35:00.771+0000] {manager.py:879} INFO - 
================================================================================
DAG File Processing Stats

File Path                               PID    Runtime      # DAGs    # Errors  Last Runtime    Last Run
--------------------------------------  -----  ---------  --------  ----------  --------------  -------------------
/opt/airflow/dags/wifi_pipeline_dag.py                           1           0  0.16s           2026-09-23T20:34:48
================================================================================
[2026-09-23T20:35:30.902+0000] {manager.py:879} INFO - 
================================================================================
DAG File Processing Stats

File Path                               PID    Runtime      # DAGs    # Errors  Last Runtime    Last Run
--------------------------------------  -----  ---------  --------  ----------  --------------  -------------------
/opt/airflow/dags/wifi_pipeline_dag.py                           1           0  0.12s           2026-09-23T20:35:19
================================================================================
[2026-09-23T20:36:00.982+0000] {manager.py:879} INFO - 
================================================================================
DAG File Processing Stats

File Path                               PID    Runtime      # DAGs    # Errors  Last Runtime    Last Run
--------------------------------------  -----  ---------  --------  ----------  --------------  -------------------
/opt/airflow/dags/wifi_pipeline_dag.py                           1           0  0.12s           2026-09-23T20:35:50
================================================================================
[2026-09-23T20:36:31.088+0000] {manager.py:879} INFO - 
================================================================================
DAG File Processing Stats

File Path                               PID    Runtime      # DAGs    # Errors  Last Runtime    Last Run
--------------------------------------  -----  ---------  --------  ----------  --------------  -------------------
/opt/airflow/dags/wifi_pipeline_dag.py                           1           0  0.11s           2026-09-23T20:36:21
================================================================================
[2026-09-23T20:36:44.187+0000] {manager.py:738} INFO - Searching for files in /opt/airflow/dags
[2026-09-23T20:36:44.188+0000] {manager.py:741} INFO - There are 1 files in /opt/airflow/dags
[2026-09-23T20:37:01.174+0000] {manager.py:879} INFO - 
================================================================================
DAG File Processing Stats

File Path                               PID    Runtime      # DAGs    # Errors  Last Runtime    Last Run
--------------------------------------  -----  ---------  --------  ----------  --------------  -------------------
/opt/airflow/dags/wifi_pipeline_dag.py                           1           0  0.12s           2026-09-23T20:36:52
================================================================================
[2026-09-23T20:37:31.268+0000] {manager.py:879} INFO - 
================================================================================
DAG File Processing Stats

File Path                               PID    Runtime      # DAGs    # Errors  Last Runtime    Last Run
--------------------------------------  -----  ---------  --------  ----------  --------------  -------------------
/opt/airflow/dags/wifi_pipeline_dag.py                           1           0  0.10s           2026-09-23T20:37:23
================================================================================
[2026-09-23T20:38:01.305+0000] {manager.py:879} INFO - 
================================================================================
DAG File Processing Stats

File Path                               PID    Runtime      # DAGs    # Errors  Last Runtime    Last Run
--------------------------------------  -----  ---------  --------  ----------  --------------  -------------------
/opt/airflow/dags/wifi_pipeline_dag.py                           1           0  0.10s           2026-09-23T20:37:54
================================================================================
[2026-09-23T20:38:31.367+0000] {manager.py:879} INFO - 
================================================================================
DAG File Processing Stats

File Path                               PID    Runtime      # DAGs    # Errors  Last Runtime    Last Run
--------------------------------------  -----  ---------  --------  ----------  --------------  -------------------
/opt/airflow/dags/wifi_pipeline_dag.py                           1           0  0.11s           2026-09-23T20:38:25
================================================================================
[2026-09-23T20:39:01.452+0000] {manager.py:879} INFO - 
================================================================================
DAG File Processing Stats

File Path                               PID    Runtime      # DAGs    # Errors  Last Runtime    Last Run
--------------------------------------  -----  ---------  --------  ----------  --------------  -------------------
/opt/airflow/dags/wifi_pipeline_dag.py                           1           0  0.10s           2026-09-23T20:38:56
================================================================================
[2026-09-23T20:39:31.498+0000] {manager.py:879} INFO - 
================================================================================
DAG File Processing Stats

File Path                               PID    Runtime      # DAGs    # Errors  Last Runtime    Last Run
--------------------------------------  -----  ---------  --------  ----------  --------------  -------------------
/opt/airflow/dags/wifi_pipeline_dag.py                           1           0  0.10s           2026-09-23T20:39:27
================================================================================
[2026-09-23T20:40:01.569+0000] {manager.py:879} INFO - 
================================================================================
DAG File Processing Stats

File Path                               PID    Runtime      # DAGs    # Errors  Last Runtime    Last Run
--------------------------------------  -----  ---------  --------  ----------  --------------  -------------------
/opt/airflow/dags/wifi_pipeline_dag.py                           1           0  0.12s           2026-09-23T20:39:58
================================================================================
[2026-09-23T20:40:31.641+0000] {manager.py:879} INFO - 
================================================================================
DAG File Processing Stats

File Path                               PID    Runtime      # DAGs    # Errors  Last Runtime    Last Run
--------------------------------------  -----  ---------  --------  ----------  --------------  -------------------
/opt/airflow/dags/wifi_pipeline_dag.py                           1           0  0.11s           2026-09-23T20:40:29
================================================================================
[2026-09-23T20:41:01.730+0000] {manager.py:879} INFO - 
================================================================================
DAG File Processing Stats

File Path                               PID    Runtime      # DAGs    # Errors  Last Runtime    Last Run
--------------------------------------  -----  ---------  --------  ----------  --------------  -------------------
/opt/airflow/dags/wifi_pipeline_dag.py                           1           0  0.12s           2026-09-23T20:41:00
================================================================================
[2026-09-23T20:41:31.808+0000] {manager.py:879} INFO - 
================================================================================
DAG File Processing Stats

File Path                               PID    Runtime      # DAGs    # Errors  Last Runtime    Last Run
--------------------------------------  -----  ---------  --------  ----------  --------------  -------------------
/opt/airflow/dags/wifi_pipeline_dag.py                           1           0  0.17s           2026-09-23T20:41:30
================================================================================
[2026-09-23T20:41:44.898+0000] {manager.py:738} INFO - Searching for files in /opt/airflow/dags
[2026-09-23T20:41:44.900+0000] {manager.py:741} INFO - There are 1 files in /opt/airflow/dags
[2026-09-23T20:42:01.866+0000] {manager.py:879} INFO - 
================================================================================
DAG File Processing Stats

File Path                                 PID  Runtime      # DAGs    # Errors  Last Runtime    Last Run
--------------------------------------  -----  ---------  --------  ----------  --------------  -------------------
/opt/airflow/dags/wifi_pipeline_dag.py   1070  0.01s             1           0  0.17s           2026-09-23T20:41:30
================================================================================
[2026-09-23T20:42:31.998+0000] {manager.py:879} INFO - 
================================================================================
DAG File Processing Stats

File Path                                 PID  Runtime      # DAGs    # Errors  Last Runtime    Last Run
--------------------------------------  -----  ---------  --------  ----------  --------------  -------------------
/opt/airflow/dags/wifi_pipeline_dag.py   1075  0.01s             1           0  0.13s           2026-09-23T20:42:01
================================================================================
[2026-09-23T20:43:02.047+0000] {manager.py:879} INFO - 
================================================================================
DAG File Processing Stats

File Path                               PID    Runtime      # DAGs    # Errors  Last Runtime    Last Run
--------------------------------------  -----  ---------  --------  ----------  --------------  -------------------
/opt/airflow/dags/wifi_pipeline_dag.py                           1           0  0.12s           2026-09-23T20:42:32
================================================================================
[2026-09-23T20:43:32.141+0000] {manager.py:879} INFO - 
================================================================================
DAG File Processing Stats

File Path                               PID    Runtime      # DAGs    # Errors  Last Runtime    Last Run
--------------------------------------  -----  ---------  --------  ----------  --------------  -------------------
/opt/airflow/dags/wifi_pipeline_dag.py                           1           0  0.12s           2026-09-23T20:43:03
================================================================================
[2026-09-23T20:44:02.183+0000] {manager.py:879} INFO - 
================================================================================
DAG File Processing Stats

File Path                               PID    Runtime      # DAGs    # Errors  Last Runtime    Last Run
--------------------------------------  -----  ---------  --------  ----------  --------------  -------------------
/opt/airflow/dags/wifi_pipeline_dag.py                           1           0  0.11s           2026-09-23T20:43:34
================================================================================
[2026-09-23T20:44:32.257+0000] {manager.py:879} INFO - 
================================================================================
DAG File Processing Stats

File Path                               PID    Runtime      # DAGs    # Errors  Last Runtime    Last Run
--------------------------------------  -----  ---------  --------  ----------  --------------  -------------------
/opt/airflow/dags/wifi_pipeline_dag.py                           1           0  0.17s           2026-09-23T20:44:05
================================================================================
[2026-09-23T20:45:02.411+0000] {manager.py:879} INFO - 
================================================================================
DAG File Processing Stats

File Path                               PID    Runtime      # DAGs    # Errors  Last Runtime    Last Run
--------------------------------------  -----  ---------  --------  ----------  --------------  -------------------
/opt/airflow/dags/wifi_pipeline_dag.py                           1           0  0.13s           2026-09-23T20:44:35
================================================================================
[2026-09-23T20:45:32.542+0000] {manager.py:879} INFO - 
================================================================================
DAG File Processing Stats

File Path                               PID    Runtime      # DAGs    # Errors  Last Runtime    Last Run
--------------------------------------  -----  ---------  --------  ----------  --------------  -------------------
/opt/airflow/dags/wifi_pipeline_dag.py                           1           0  0.13s           2026-09-23T20:45:05
================================================================================
[2026-09-23T20:46:02.676+0000] {manager.py:879} INFO - 
================================================================================
DAG File Processing Stats

File Path                               PID    Runtime      # DAGs    # Errors  Last Runtime    Last Run
--------------------------------------  -----  ---------  --------  ----------  --------------  -------------------
/opt/airflow/dags/wifi_pipeline_dag.py                           1           0  0.13s           2026-09-23T20:45:36
================================================================================
[2026-09-23T20:46:32.724+0000] {manager.py:879} INFO - 
================================================================================
DAG File Processing Stats

File Path                               PID    Runtime      # DAGs    # Errors  Last Runtime    Last Run
--------------------------------------  -----  ---------  --------  ----------  --------------  -------------------
/opt/airflow/dags/wifi_pipeline_dag.py                           1           0  0.12s           2026-09-23T20:46:06
================================================================================
[2026-09-23T20:46:44.982+0000] {manager.py:738} INFO - Searching for files in /opt/airflow/dags
[2026-09-23T20:46:44.983+0000] {manager.py:741} INFO - There are 1 files in /opt/airflow/dags
[2026-09-23T20:47:02.814+0000] {manager.py:879} INFO - 
================================================================================
DAG File Processing Stats

File Path                               PID    Runtime      # DAGs    # Errors  Last Runtime    Last Run
--------------------------------------  -----  ---------  --------  ----------  --------------  -------------------
/opt/airflow/dags/wifi_pipeline_dag.py                           1           0  0.12s           2026-09-23T20:46:36
================================================================================
[2026-09-23T20:47:32.922+0000] {manager.py:879} INFO - 
================================================================================
DAG File Processing Stats

File Path                               PID    Runtime      # DAGs    # Errors  Last Runtime    Last Run
--------------------------------------  -----  ---------  --------  ----------  --------------  -------------------
/opt/airflow/dags/wifi_pipeline_dag.py                           1           0  0.11s           2026-09-23T20:47:07
================================================================================
[2026-09-23T20:48:02.971+0000] {manager.py:879} INFO - 
================================================================================
DAG File Processing Stats

File Path                               PID    Runtime      # DAGs    # Errors  Last Runtime    Last Run
--------------------------------------  -----  ---------  --------  ----------  --------------  -------------------
/opt/airflow/dags/wifi_pipeline_dag.py                           1           0  0.12s           2026-09-23T20:47:38
================================================================================
[2026-09-23T20:48:33.109+0000] {manager.py:879} INFO - 
================================================================================
DAG File Processing Stats

File Path                               PID    Runtime      # DAGs    # Errors  Last Runtime    Last Run
--------------------------------------  -----  ---------  --------  ----------  --------------  -------------------
/opt/airflow/dags/wifi_pipeline_dag.py                           1           0  0.12s           2026-09-23T20:48:08
================================================================================
[2026-09-23T20:49:03.202+0000] {manager.py:879} INFO - 
================================================================================
DAG File Processing Stats

File Path                               PID    Runtime      # DAGs    # Errors  Last Runtime    Last Run
--------------------------------------  -----  ---------  --------  ----------  --------------  -------------------
/opt/airflow/dags/wifi_pipeline_dag.py                           1           0  0.14s           2026-09-23T20:48:39
================================================================================
[2026-09-23T20:49:33.277+0000] {manager.py:879} INFO - 
================================================================================
DAG File Processing Stats

File Path                               PID    Runtime      # DAGs    # Errors  Last Runtime    Last Run
--------------------------------------  -----  ---------  --------  ----------  --------------  -------------------
/opt/airflow/dags/wifi_pipeline_dag.py                           1           0  0.12s           2026-09-23T20:49:10
================================================================================
[2026-09-23T20:50:03.356+0000] {manager.py:879} INFO - 
================================================================================
DAG File Processing Stats

File Path                               PID    Runtime      # DAGs    # Errors  Last Runtime    Last Run
--------------------------------------  -----  ---------  --------  ----------  --------------  -------------------
/opt/airflow/dags/wifi_pipeline_dag.py                           1           0  0.12s           2026-09-23T20:49:41
================================================================================
[2026-09-23T20:50:33.434+0000] {manager.py:879} INFO - 
================================================================================
DAG File Processing Stats

File Path                               PID    Runtime      # DAGs    # Errors  Last Runtime    Last Run
--------------------------------------  -----  ---------  --------  ----------  --------------  -------------------
/opt/airflow/dags/wifi_pipeline_dag.py                           1           0  0.12s           2026-09-23T20:50:12
================================================================================
[2026-09-23T20:51:03.466+0000] {manager.py:879} INFO - 
================================================================================
DAG File Processing Stats

File Path                               PID    Runtime      # DAGs    # Errors  Last Runtime    Last Run
--------------------------------------  -----  ---------  --------  ----------  --------------  -------------------
/opt/airflow/dags/wifi_pipeline_dag.py                           1           0  0.14s           2026-09-23T20:50:43
================================================================================
[2026-09-23T20:51:33.572+0000] {manager.py:879} INFO - 
================================================================================
DAG File Processing Stats

File Path                               PID    Runtime      # DAGs    # Errors  Last Runtime    Last Run
--------------------------------------  -----  ---------  --------  ----------  --------------  -------------------
/opt/airflow/dags/wifi_pipeline_dag.py                           1           0  0.13s           2026-09-23T20:51:14
================================================================================
[2026-09-23T20:51:45.526+0000] {manager.py:738} INFO - Searching for files in /opt/airflow/dags
[2026-09-23T20:51:45.528+0000] {manager.py:741} INFO - There are 1 files in /opt/airflow/dags
[2026-09-23T20:52:03.633+0000] {manager.py:879} INFO - 
================================================================================
DAG File Processing Stats

File Path                               PID    Runtime      # DAGs    # Errors  Last Runtime    Last Run
--------------------------------------  -----  ---------  --------  ----------  --------------  -------------------
/opt/airflow/dags/wifi_pipeline_dag.py                           1           0  0.14s           2026-09-23T20:51:45
================================================================================
[2026-09-23T20:52:33.760+0000] {manager.py:879} INFO - 
================================================================================
DAG File Processing Stats

File Path                               PID    Runtime      # DAGs    # Errors  Last Runtime    Last Run
--------------------------------------  -----  ---------  --------  ----------  --------------  -------------------
/opt/airflow/dags/wifi_pipeline_dag.py                           1           0  0.11s           2026-09-23T20:52:16
================================================================================
[2026-09-23T20:53:03.809+0000] {manager.py:879} INFO - 
================================================================================
DAG File Processing Stats

File Path                               PID    Runtime      # DAGs    # Errors  Last Runtime    Last Run
--------------------------------------  -----  ---------  --------  ----------  --------------  -------------------
/opt/airflow/dags/wifi_pipeline_dag.py                           1           0  0.12s           2026-09-23T20:52:46
================================================================================
[2026-09-23T20:53:33.908+0000] {manager.py:879} INFO - 
================================================================================
DAG File Processing Stats

File Path                               PID    Runtime      # DAGs    # Errors  Last Runtime    Last Run
--------------------------------------  -----  ---------  --------  ----------  --------------  -------------------
/opt/airflow/dags/wifi_pipeline_dag.py                           1           0  0.12s           2026-09-23T20:53:17
================================================================================
[2026-09-23T20:54:03.950+0000] {manager.py:879} INFO - 
================================================================================
DAG File Processing Stats

File Path                               PID    Runtime      # DAGs    # Errors  Last Runtime    Last Run
--------------------------------------  -----  ---------  --------  ----------  --------------  -------------------
/opt/airflow/dags/wifi_pipeline_dag.py                           1           0  0.10s           2026-09-23T20:53:48
================================================================================
[2026-09-23T20:54:34.010+0000] {manager.py:879} INFO - 
================================================================================
DAG File Processing Stats

File Path                               PID    Runtime      # DAGs    # Errors  Last Runtime    Last Run
--------------------------------------  -----  ---------  --------  ----------  --------------  -------------------
/opt/airflow/dags/wifi_pipeline_dag.py                           1           0  0.10s           2026-09-23T20:54:20
================================================================================
[2026-09-23T20:55:04.085+0000] {manager.py:879} INFO - 
================================================================================
DAG File Processing Stats

File Path                               PID    Runtime      # DAGs    # Errors  Last Runtime    Last Run
--------------------------------------  -----  ---------  --------  ----------  --------------  -------------------
/opt/airflow/dags/wifi_pipeline_dag.py                           1           0  0.15s           2026-09-23T20:54:50
================================================================================
[2026-09-23T20:55:34.259+0000] {manager.py:879} INFO - 
================================================================================
DAG File Processing Stats

File Path                               PID    Runtime      # DAGs    # Errors  Last Runtime    Last Run
--------------------------------------  -----  ---------  --------  ----------  --------------  -------------------
/opt/airflow/dags/wifi_pipeline_dag.py                           1           0  0.13s           2026-09-23T20:55:20
================================================================================
[2026-09-23T20:56:04.358+0000] {manager.py:879} INFO - 
================================================================================
DAG File Processing Stats

File Path                               PID    Runtime      # DAGs    # Errors  Last Runtime    Last Run
--------------------------------------  -----  ---------  --------  ----------  --------------  -------------------
/opt/airflow/dags/wifi_pipeline_dag.py                           1           0  0.13s           2026-09-23T20:55:51
================================================================================
[2026-09-23T20:56:34.389+0000] {manager.py:879} INFO - 
================================================================================
DAG File Processing Stats

File Path                               PID    Runtime      # DAGs    # Errors  Last Runtime    Last Run
--------------------------------------  -----  ---------  --------  ----------  --------------  -------------------
/opt/airflow/dags/wifi_pipeline_dag.py                           1           0  0.18s           2026-09-23T20:56:22
================================================================================
[2026-09-23T20:56:46.340+0000] {manager.py:738} INFO - Searching for files in /opt/airflow/dags
[2026-09-23T20:56:46.341+0000] {manager.py:741} INFO - There are 1 files in /opt/airflow/dags
[2026-09-23T20:57:04.570+0000] {manager.py:879} INFO - 
================================================================================
DAG File Processing Stats

File Path                               PID    Runtime      # DAGs    # Errors  Last Runtime    Last Run
--------------------------------------  -----  ---------  --------  ----------  --------------  -------------------
/opt/airflow/dags/wifi_pipeline_dag.py                           1           0  0.12s           2026-09-23T20:56:52
================================================================================
[2026-09-23T20:57:34.686+0000] {manager.py:879} INFO - 
================================================================================
DAG File Processing Stats

File Path                               PID    Runtime      # DAGs    # Errors  Last Runtime    Last Run
--------------------------------------  -----  ---------  --------  ----------  --------------  -------------------
/opt/airflow/dags/wifi_pipeline_dag.py                           1           0  0.12s           2026-09-23T20:57:22
================================================================================
[2026-09-23T20:58:04.786+0000] {manager.py:879} INFO - 
================================================================================
DAG File Processing Stats

File Path                               PID    Runtime      # DAGs    # Errors  Last Runtime    Last Run
--------------------------------------  -----  ---------  --------  ----------  --------------  -------------------
/opt/airflow/dags/wifi_pipeline_dag.py                           1           0  0.11s           2026-09-23T20:57:53
================================================================================
[2026-09-23T20:58:34.833+0000] {manager.py:879} INFO - 
================================================================================
DAG File Processing Stats

File Path                               PID    Runtime      # DAGs    # Errors  Last Runtime    Last Run
--------------------------------------  -----  ---------  --------  ----------  --------------  -------------------
/opt/airflow/dags/wifi_pipeline_dag.py                           1           0  0.10s           2026-09-23T20:58:24
================================================================================
[2026-09-23T20:59:04.903+0000] {manager.py:879} INFO - 
================================================================================
DAG File Processing Stats

File Path                               PID    Runtime      # DAGs    # Errors  Last Runtime    Last Run
--------------------------------------  -----  ---------  --------  ----------  --------------  -------------------
/opt/airflow/dags/wifi_pipeline_dag.py                           1           0  0.11s           2026-09-23T20:58:55
================================================================================
[2026-09-23T20:59:34.939+0000] {manager.py:879} INFO - 
================================================================================
DAG File Processing Stats

File Path                               PID    Runtime      # DAGs    # Errors  Last Runtime    Last Run
--------------------------------------  -----  ---------  --------  ----------  --------------  -------------------
/opt/airflow/dags/wifi_pipeline_dag.py                           1           0  0.10s           2026-09-23T20:59:26
================================================================================
[2026-09-23T21:00:04.998+0000] {manager.py:879} INFO - 
================================================================================
DAG File Processing Stats

File Path                               PID    Runtime      # DAGs    # Errors  Last Runtime    Last Run
--------------------------------------  -----  ---------  --------  ----------  --------------  -------------------
/opt/airflow/dags/wifi_pipeline_dag.py                           1           0  0.11s           2026-09-23T20:59:58
================================================================================
[2026-09-23T21:00:35.045+0000] {manager.py:879} INFO - 
================================================================================
DAG File Processing Stats

File Path                               PID    Runtime      # DAGs    # Errors  Last Runtime    Last Run
--------------------------------------  -----  ---------  --------  ----------  --------------  -------------------
/opt/airflow/dags/wifi_pipeline_dag.py                           1           0  0.10s           2026-09-23T21:00:29
================================================================================
[2026-09-23T21:01:05.114+0000] {manager.py:879} INFO - 
================================================================================
DAG File Processing Stats

File Path                               PID    Runtime      # DAGs    # Errors  Last Runtime    Last Run
--------------------------------------  -----  ---------  --------  ----------  --------------  -------------------
/opt/airflow/dags/wifi_pipeline_dag.py                           1           0  0.11s           2026-09-23T21:01:00
================================================================================
[2026-09-23T21:01:35.160+0000] {manager.py:879} INFO - 
================================================================================
DAG File Processing Stats

File Path                               PID    Runtime      # DAGs    # Errors  Last Runtime    Last Run
--------------------------------------  -----  ---------  --------  ----------  --------------  -------------------
/opt/airflow/dags/wifi_pipeline_dag.py                           1           0  0.11s           2026-09-23T21:01:31
================================================================================
[2026-09-23T21:01:47.075+0000] {manager.py:738} INFO - Searching for files in /opt/airflow/dags
[2026-09-23T21:01:47.076+0000] {manager.py:741} INFO - There are 1 files in /opt/airflow/dags
[2026-09-23T21:02:05.199+0000] {manager.py:879} INFO - 
================================================================================
DAG File Processing Stats

File Path                               PID    Runtime      # DAGs    # Errors  Last Runtime    Last Run
--------------------------------------  -----  ---------  --------  ----------  --------------  -------------------
/opt/airflow/dags/wifi_pipeline_dag.py                           1           0  0.13s           2026-09-23T21:02:02
================================================================================
[2026-09-23T21:02:35.295+0000] {manager.py:879} INFO - 
================================================================================
DAG File Processing Stats

File Path                               PID    Runtime      # DAGs    # Errors  Last Runtime    Last Run
--------------------------------------  -----  ---------  --------  ----------  --------------  -------------------
/opt/airflow/dags/wifi_pipeline_dag.py                           1           0  0.11s           2026-09-23T21:02:33
================================================================================
[2026-09-23T21:03:05.332+0000] {manager.py:879} INFO - 
================================================================================
DAG File Processing Stats

File Path                               PID    Runtime      # DAGs    # Errors  Last Runtime    Last Run
--------------------------------------  -----  ---------  --------  ----------  --------------  -------------------
/opt/airflow/dags/wifi_pipeline_dag.py                           1           0  0.12s           2026-09-23T21:03:04
================================================================================
[2026-09-23T21:03:35.313+0000] {manager.py:879} INFO - 
================================================================================
DAG File Processing Stats

File Path                                 PID  Runtime      # DAGs    # Errors  Last Runtime    Last Run
--------------------------------------  -----  ---------  --------  ----------  --------------  -------------------
/opt/airflow/dags/wifi_pipeline_dag.py   1280  0.01s             1           0  0.12s           2026-09-23T21:03:04
================================================================================
[2026-09-23T21:04:05.419+0000] {manager.py:879} INFO - 
================================================================================
DAG File Processing Stats

File Path                               PID    Runtime      # DAGs    # Errors  Last Runtime    Last Run
--------------------------------------  -----  ---------  --------  ----------  --------------  -------------------
/opt/airflow/dags/wifi_pipeline_dag.py                           1           0  0.14s           2026-09-23T21:03:35
================================================================================
[2026-09-23T21:04:35.446+0000] {manager.py:879} INFO - 
================================================================================
DAG File Processing Stats

File Path                               PID    Runtime      # DAGs    # Errors  Last Runtime    Last Run
--------------------------------------  -----  ---------  --------  ----------  --------------  -------------------
/opt/airflow/dags/wifi_pipeline_dag.py                           1           0  0.16s           2026-09-23T21:04:06
================================================================================
[2026-09-23T21:05:05.572+0000] {manager.py:879} INFO - 
================================================================================
DAG File Processing Stats

File Path                               PID    Runtime      # DAGs    # Errors  Last Runtime    Last Run
--------------------------------------  -----  ---------  --------  ----------  --------------  -------------------
/opt/airflow/dags/wifi_pipeline_dag.py                           1           0  0.12s           2026-09-23T21:04:37
================================================================================
[2026-09-23T21:05:35.573+0000] {manager.py:879} INFO - 
================================================================================
DAG File Processing Stats

File Path                               PID    Runtime      # DAGs    # Errors  Last Runtime    Last Run
--------------------------------------  -----  ---------  --------  ----------  --------------  -------------------
/opt/airflow/dags/wifi_pipeline_dag.py                           1           0  0.14s           2026-09-23T21:05:07
================================================================================
[2026-09-23T21:06:05.702+0000] {manager.py:879} INFO - 
================================================================================
DAG File Processing Stats

File Path                               PID    Runtime      # DAGs    # Errors  Last Runtime    Last Run
--------------------------------------  -----  ---------  --------  ----------  --------------  -------------------
/opt/airflow/dags/wifi_pipeline_dag.py                           1           0  0.11s           2026-09-23T21:05:38
================================================================================
[2026-09-23T21:06:35.750+0000] {manager.py:879} INFO - 
================================================================================
DAG File Processing Stats

File Path                               PID    Runtime      # DAGs    # Errors  Last Runtime    Last Run
--------------------------------------  -----  ---------  --------  ----------  --------------  -------------------
/opt/airflow/dags/wifi_pipeline_dag.py                           1           0  0.13s           2026-09-23T21:06:08
================================================================================
[2026-09-23T21:06:47.702+0000] {manager.py:738} INFO - Searching for files in /opt/airflow/dags
[2026-09-23T21:06:47.704+0000] {manager.py:741} INFO - There are 1 files in /opt/airflow/dags
[2026-09-23T21:07:05.799+0000] {manager.py:879} INFO - 
================================================================================
DAG File Processing Stats

File Path                               PID    Runtime      # DAGs    # Errors  Last Runtime    Last Run
--------------------------------------  -----  ---------  --------  ----------  --------------  -------------------
/opt/airflow/dags/wifi_pipeline_dag.py                           1           0  0.12s           2026-09-23T21:06:39
================================================================================
[2026-09-23T21:07:35.829+0000] {manager.py:879} INFO - 
================================================================================
DAG File Processing Stats

File Path                               PID    Runtime      # DAGs    # Errors  Last Runtime    Last Run
--------------------------------------  -----  ---------  --------  ----------  --------------  -------------------
/opt/airflow/dags/wifi_pipeline_dag.py                           1           0  0.16s           2026-09-23T21:07:10
================================================================================
[2026-09-23T21:08:05.863+0000] {manager.py:879} INFO - 
================================================================================
DAG File Processing Stats

File Path                               PID    Runtime      # DAGs    # Errors  Last Runtime    Last Run
--------------------------------------  -----  ---------  --------  ----------  --------------  -------------------
/opt/airflow/dags/wifi_pipeline_dag.py                           1           0  0.12s           2026-09-23T21:07:41
================================================================================
[2026-09-23T21:08:35.954+0000] {manager.py:879} INFO - 
================================================================================
DAG File Processing Stats

File Path                               PID    Runtime      # DAGs    # Errors  Last Runtime    Last Run
--------------------------------------  -----  ---------  --------  ----------  --------------  -------------------
/opt/airflow/dags/wifi_pipeline_dag.py                           1           0  0.11s           2026-09-23T21:08:12
================================================================================
[2026-09-23T21:09:05.969+0000] {manager.py:879} INFO - 
================================================================================
DAG File Processing Stats

File Path                               PID    Runtime      # DAGs    # Errors  Last Runtime    Last Run
--------------------------------------  -----  ---------  --------  ----------  --------------  -------------------
/opt/airflow/dags/wifi_pipeline_dag.py                           1           0  0.11s           2026-09-23T21:08:43
================================================================================
[2026-09-23T21:09:36.049+0000] {manager.py:879} INFO - 
================================================================================
DAG File Processing Stats

File Path                               PID    Runtime      # DAGs    # Errors  Last Runtime    Last Run
--------------------------------------  -----  ---------  --------  ----------  --------------  -------------------
/opt/airflow/dags/wifi_pipeline_dag.py                           1           0  0.13s           2026-09-23T21:09:15
================================================================================
[2026-09-23T21:10:06.092+0000] {manager.py:879} INFO - 
================================================================================
DAG File Processing Stats

File Path                               PID    Runtime      # DAGs    # Errors  Last Runtime    Last Run
--------------------------------------  -----  ---------  --------  ----------  --------------  -------------------
/opt/airflow/dags/wifi_pipeline_dag.py                           1           0  0.10s           2026-09-23T21:09:46
================================================================================
[2026-09-23T21:10:07.930+0000] {manager.py:451} INFO - Exiting gracefully upon receiving signal 15
